team_id,team_name,id,name,positionId,shirtNumber,member_photo,height,age,dateOfBirth,ccode,cname,role.fallback,rating,goals,penalties,assists,rcards,ycards,positionIds,positionIdsDesc,transferValue,injured,injury.id,injury.expectedReturn,team_logo
6710,Mexico,78642.0,Javier Aguirre,,,https://images.fotmob.com/image_resources/playerimages/78642.png,,67.0,1958-12-01,MEX,Mexico,Coach,,,,,,,,,,,,,https://images.fotmob.com/image_resources/logo/teamlogo/mex.png
6710,Mexico,1227878.0,Raúl Rangel,0.0,1.0,https://images.fotmob.com/image_resources/playerimages/1227878.png,187.0,26.0,2000-02-25,7807,Chivas,Keeper,,0.0,0.0,0.0,0.0,0.0,11,GK,7416142.0,,,,https://images.fotmob.com/image_resources/logo/teamlogo/7807.png
6710,Mexico,751164.0,Carlos Acevedo,0.0,12.0,https://images.fotmob.com/image_resources/playerimages/751164.png,182.0,30.0,1996-04-19,7857,Santos Laguna,Keeper,,0.0,0.0,0.0,0.0,0.0,11,GK,1966723.0,,,,https://images.fotmob.com/image_resources/logo/teamlogo/7857.png
6710,Mexico,31047.0,Guillermo Ochoa,0.0,13.0,https://images.fotmob.com/image_resources/playerimages/31047.png,185.0,40.0,1985-07-13,2134,AEL Limassol,Keeper,,0.0,0.0,0.0,0.0,0.0,11,GK,128224.0,,,,https://images.fotmob.com/image_resources/logo/teamlogo/2134.png
6710,Mexico,727586.0,Jorge Sánchez,1.0,2.0,https://images.fotmob.com/image_resources/playerimages/727586.png,175.0,28.0,1997-12-10,8619,PAOK Thessaloniki,Defender,,0.0,0.0,0.0,0.0,0.0,"32,62,72,33","RB,RWB,RM,CB",1612506.0,,,,https://images.fotmob.com/image_resources/logo/teamlogo/8619.png
6710,Mexico,664644.0,César Montes,1.0,3.0,https://images.fotmob.com/image_resources/playerimages/664644.png,191.0,29.0,1997-02-24,8710,Lokomotiv Moscow,Defender,,0.0,0.0,0.0,0.0,0.0,36,CB,6023387.0,,,,https://images.fotmob.com/image_resources/logo/teamlogo/8710.png
6710,Mexico,914103.0,Johan Vásquez,1.0,5.0,https://images.fotmob.com/image_resources/playerimages/914103.png,185.0,27.0,1998-10-22,10233,Genoa,Defender,,0.0,0.0,0.0,0.0,0.0,37,CB,15501772.0,,,,https://images.fotmob.com/image_resources/logo/teamlogo/10233.png
6710,Mexico,971628.0,Érik Lira,1.0,6.0,https://images.fotmob.com/image_resources/playerimages/971628.png,170.0,26.0,2000-05-08,6578,Cruz Azul,Defender,,0.0,0.0,0.0,0.0,0.0,"35,65,75","CB,CDM,CM",12740743.0,,,,https://images.fotmob.com/image_resources/logo/teamlogo/6578.png
6710,Mexico,921174.0,Luis Romo,1.0,7.0,https://images.fotmob.com/image_resources/playerimages/921174.png,182.0,31.0,1995-06-05,7807,Chivas,Defender,,0.0,0.0,0.0,0.0,0.0,"35,64,77,86","CB,CDM,CM,CAM",1958037.0,,,,https://images.fotmob.com/image_resources/logo/teamlogo/7807.png
6710,Mexico,1074586.0,Israel Reyes,1.0,15.0,https://images.fotmob.com/image_resources/playerimages/1074586.png,179.0,26.0,2000-05-23,6576,CF America,Defender,,0.0,0.0,0.0,0.0,0.0,"34,32,66,74","CB,RB,CDM,CM",3692688.0,,,,https://images.fotmob.com/image_resources/logo/teamlogo/6576.png
6710,Mexico,1432212.0,Mateo Chávez,1.0,20.0,https://images.fotmob.com/image_resources/playerimages/1432212.png,176.0,22.0,2004-05-12,10229,AZ Alkmaar,Defender,,0.0,0.0,0.0,0.0,0.0,"38,59","LB,LWB",5007950.0,,,,https://images.fotmob.com/image_resources/logo/teamlogo/10229.png
6710,Mexico,597976.0,Jesús Gallardo,1.0,23.0,https://images.fotmob.com/image_resources/playerimages/597976.png,177.0,31.0,1994-08-15,6618,Toluca,Defender,,0.0,0.0,0.0,0.0,0.0,"38,59,78","LB,LWB,LM",2124700.0,,,,https://images.fotmob.com/image_resources/logo/teamlogo/6618.png
6710,Mexico,783505.0,Edson Álvarez,2.0,4.0,https://images.fotmob.com/image_resources/playerimages/783505.png,186.0,28.0,1997-10-24,8695,Fenerbahçe,Midfielder,,0.0,0.0,0.0,0.0,0.0,"64,75,34","CDM,CM,CB",16354479.0,,,,https://images.fotmob.com/image_resources/logo/teamlogo/8695.png
6710,Mexico,895954.0,Álvaro Fidalgo,2.0,8.0,https://images.fotmob.com/image_resources/playerimages/895954.png,175.0,29.0,1997-04-09,8603,Real Betis,Midfielder,,0.0,0.0,0.0,0.0,0.0,"86,77,66","CAM,CM,CDM",6687371.0,,,,https://images.fotmob.com/image_resources/logo/teamlogo/8603.png
6710,Mexico,559986.0,Orbelín Pineda,2.0,17.0,https://images.fotmob.com/image_resources/playerimages/559986.png,168.0,30.0,1996-03-24,8563,AEK Athens,Midfielder,,0.0,0.0,0.0,0.0,0.0,"74,66,85,72","CM,CDM,CAM,RM",4686643.0,,,,https://images.fotmob.com/image_resources/logo/teamlogo/8563.png
6710,Mexico,1254394.0,Obed Vargas,2.0,18.0,https://images.fotmob.com/image_resources/playerimages/1254394.png,175.0,20.0,2005-08-05,9906,Atletico Madrid,Midfielder,,0.0,0.0,0.0,0.0,0.0,"64,76,85,78","CDM,CM,CAM,LM",11157185.0,,,,https://images.fotmob.com/image_resources/logo/teamlogo/9906.png
6710,Mexico,1670377.0,Gilberto Mora,2.0,19.0,https://images.fotmob.com/image_resources/playerimages/1670377.png,160.0,17.0,2008-10-14,162418,Tijuana,Midfielder,,0.0,0.0,0.0,0.0,0.0,"73,86,106,88,79","CM,CAM,ST,LW,LM",8507926.0,,,,https://images.fotmob.com/image_resources/logo/teamlogo/162418.png
6710,Mexico,527616.0,Luis Chávez,2.0,24.0,https://images.fotmob.com/image_resources/playerimages/527616.png,178.0,30.0,1996-01-15,9763,Dinamo Moscow,Midfielder,,0.0,0.0,0.0,0.0,0.0,64,CDM,4542490.0,,,,https://images.fotmob.com/image_resources/logo/teamlogo/9763.png
6710,Mexico,720737.0,Roberto Alvarado,2.0,25.0,https://images.fotmob.com/image_resources/playerimages/720737.png,172.0,27.0,1998-09-07,7807,Chivas,Midfielder,,0.0,0.0,0.0,0.0,0.0,"84,103,105,37","CAM,RW,ST,CB",6903009.0,,,,https://images.fotmob.com/image_resources/logo/teamlogo/7807.png
6710,Mexico,1170238.0,Brian Gutiérrez,2.0,26.0,https://images.fotmob.com/image_resources/playerimages/1170238.png,178.0,23.0,2003-06-17,7807,Chivas,Midfielder,,0.0,0.0,0.0,0.0,0.0,"77,64,84","CM,CDM,CAM",7623369.0,,,,https://images.fotmob.com/image_resources/logo/teamlogo/7807.png
6710,Mexico,292313.0,Raul Jiménez,3.0,9.0,https://images.fotmob.com/image_resources/playerimages/292313.png,188.0,35.0,1991-05-05,8602,Wolverhampton Wanderers,Attacker,,0.0,0.0,0.0,0.0,0.0,115,ST,3582025.0,,,,https://images.fotmob.com/image_resources/logo/teamlogo/8602.png
6710,Mexico,728365.0,Alexis Vega,3.0,10.0,https://images.fotmob.com/image_resources/playerimages/728365.png,172.0,28.0,1997-11-25,6618,Toluca,Attacker,,0.0,0.0,0.0,0.0,0.0,"87,86,106","LW,CAM,ST",5147602.0,,,,https://images.fotmob.com/image_resources/logo/teamlogo/6618.png
6710,Mexico,954092.0,Santiago Giménez,3.0,11.0,https://images.fotmob.com/image_resources/playerimages/954092.png,183.0,25.0,2001-04-18,8564,Milan,Attacker,,0.0,0.0,0.0,0.0,0.0,104,ST,22315335.0,,,,https://images.fotmob.com/image_resources/logo/teamlogo/8564.png
6710,Mexico,1456983.0,Armando González,3.0,14.0,https://images.fotmob.com/image_resources/playerimages/1456983.png,178.0,23.0,2003-04-20,7807,Chivas,Attacker,,0.0,0.0,0.0,0.0,0.0,"105,84","ST,CAM",3489200.0,,,,https://images.fotmob.com/image_resources/logo/teamlogo/7807.png
6710,Mexico,720560.0,Julián Quiñones,3.0,16.0,https://images.fotmob.com/image_resources/playerimages/720560.png,176.0,29.0,1997-03-24,101919,Al Qadsiah,Attacker,,0.0,0.0,0.0,0.0,0.0,"104,107","ST,LW",12139266.0,,,,https://images.fotmob.com/image_resources/logo/teamlogo/101919.png
6710,Mexico,977404.0,César Huerta,3.0,21.0,https://images.fotmob.com/image_resources/playerimages/977404.png,171.0,25.0,2000-12-03,8635,Anderlecht,Attacker,,0.0,0.0,0.0,0.0,0.0,"83,107,77","RW,LW,CM",4726664.0,,,,https://images.fotmob.com/image_resources/logo/teamlogo/8635.png
6710,Mexico,558539.0,Guillermo Martínez,3.0,22.0,https://images.fotmob.com/image_resources/playerimages/558539.png,180.0,31.0,1995-03-15,1946,Pumas,Attacker,,0.0,0.0,0.0,0.0,0.0,115,ST,1117487.0,,,,https://images.fotmob.com/image_resources/logo/teamlogo/1946.png
6316,South Africa,179919.0,Hugo Broos,,,https://images.fotmob.com/image_resources/playerimages/179919.png,180.0,74.0,1952-04-10,BEL,Belgium,Coach,,,,,,,,,,,,,https://images.fotmob.com/image_resources/logo/teamlogo/bel.png
6316,South Africa,253991.0,Ronwen Williams,0.0,1.0,https://images.fotmob.com/image_resources/playerimages/253991.png,184.0,34.0,1992-01-21,4530,Mamelodi Sundowns FC,Keeper,7.25,0.0,0.0,0.0,0.0,0.0,11,GK,607227.0,,,,https://images.fotmob.com/image_resources/logo/teamlogo/4530.png
6316,South Africa,787099.0,Sipho Chaine,0.0,16.0,https://images.fotmob.com/image_resources/playerimages/787099.png,186.0,29.0,1996-12-14,7866,Orlando Pirates,Keeper,,0.0,0.0,0.0,0.0,0.0,11,GK,738447.0,,,,https://images.fotmob.com/image_resources/logo/teamlogo/7866.png
6316,South Africa,428006.0,Ricardo Goss,0.0,22.0,https://images.fotmob.com/image_resources/playerimages/428006.png,181.0,32.0,1994-04-02,102099,Siwelele,Keeper,,0.0,0.0,0.0,0.0,0.0,11,GK,92330.0,,,,https://images.fotmob.com/image_resources/logo/teamlogo/102099.png
6316,South Africa,1680696.0,Khulumani Ndamane,1.0,3.0,https://images.fotmob.com/image_resources/playerimages/1680696.png,183.0,22.0,2004-02-05,4530,Mamelodi Sundowns FC,Defender,,0.0,0.0,0.0,0.0,0.0,36,CB,330272.0,,,,https://images.fotmob.com/image_resources/logo/teamlogo/4530.png
6316,South Africa,1600334.0,Ime Okon,1.0,5.0,https://images.fotmob.com/image_resources/playerimages/1600334.png,187.0,22.0,2004-02-20,9904,Hannover 96,Defender,7.51,0.0,0.0,0.0,0.0,0.0,37,CB,1924580.0,,,,https://images.fotmob.com/image_resources/logo/teamlogo/9904.png
6316,South Africa,616179.0,Aubrey Modiba,1.0,6.0,https://images.fotmob.com/image_resources/playerimages/616179.png,167.0,30.0,1995-07-22,4530,Mamelodi Sundowns FC,Defender,7.67,0.0,0.0,0.0,0.0,0.0,"38,59","LB,LWB",803451.0,,,,https://images.fotmob.com/image_resources/logo/teamlogo/4530.png
6316,South Africa,1719066.0,Mbekezeli Mbokazi,1.0,14.0,https://images.fotmob.com/image_resources/playerimages/1719066.png,180.0,20.0,2005-09-19,6397,Chicago Fire FC,Defender,6.9,0.0,0.0,0.0,0.0,0.0,36,CB,704961.0,,,,https://images.fotmob.com/image_resources/logo/teamlogo/6397.png
6316,South Africa,1451566.0,Kamogelo Sebelebele,1.0,18.0,https://images.fotmob.com/image_resources/playerimages/1451566.png,166.0,23.0,2002-07-21,7866,Orlando Pirates,Defender,,0.0,0.0,0.0,0.0,0.0,"32,83","RB,RW",551735.0,,,,https://images.fotmob.com/image_resources/logo/teamlogo/7866.png
6316,South Africa,1680659.0,Samukele Kabini,1.0,18.0,https://images.fotmob.com/image_resources/playerimages/1680659.png,181.0,22.0,2004-03-15,9917,Molde,Defender,,0.0,0.0,0.0,0.0,0.0,38,LB,1911749.0,,,,https://images.fotmob.com/image_resources/logo/teamlogo/9917.png
6316,South Africa,716819.0,Nkosinathi Sibisi,1.0,19.0,https://images.fotmob.com/image_resources/playerimages/716819.png,177.0,30.0,1995-09-22,7866,Orlando Pirates,Defender,,0.0,0.0,0.0,0.0,0.0,36,CB,742924.0,,,,https://images.fotmob.com/image_resources/logo/teamlogo/7866.png
6316,South Africa,940010.0,Khuliso Mudau,1.0,20.0,https://images.fotmob.com/image_resources/playerimages/940010.png,181.0,31.0,1995-04-26,4530,Mamelodi Sundowns FC,Defender,7.67,0.0,0.0,0.0,0.0,0.0,"32,51,33","RB,RWB,CB",493186.0,,,,https://images.fotmob.com/image_resources/logo/teamlogo/4530.png
6316,South Africa,1469826.0,Olwethu Makhanya,1.0,24.0,https://images.fotmob.com/image_resources/playerimages/1469826.png,188.0,22.0,2004-04-30,191716,Philadelphia Union,Defender,,0.0,0.0,0.0,0.0,0.0,36,CB,1770272.0,,,,https://images.fotmob.com/image_resources/logo/teamlogo/191716.png
6316,South Africa,1579341.0,Thabang Matuludi,1.0,25.0,https://images.fotmob.com/image_resources/playerimages/1579341.png,189.0,27.0,1999-01-14,149600,Polokwane City,Defender,,0.0,0.0,0.0,0.0,0.0,32,RB,388495.0,,,,https://images.fotmob.com/image_resources/logo/teamlogo/149600.png
6316,South Africa,1202481.0,Bradley Cross,1.0,26.0,https://images.fotmob.com/image_resources/playerimages/1202481.png,175.0,25.0,2001-01-30,6279,Kaizer Chiefs,Defender,,0.0,0.0,0.0,0.0,0.0,"38,37","LB,CB",434237.0,,,,https://images.fotmob.com/image_resources/logo/teamlogo/6279.png
6316,South Africa,848361.0,Teboho Mokoena,2.0,4.0,https://images.fotmob.com/image_resources/playerimages/848361.png,176.0,29.0,1997-01-24,4530,Mamelodi Sundowns FC,Midfielder,6.55,0.0,0.0,0.0,0.0,0.0,"66,75,86","CDM,CM,CAM",1522161.0,,,,https://images.fotmob.com/image_resources/logo/teamlogo/4530.png
6316,South Africa,1124424.0,Thalente Mbatha,2.0,5.0,https://images.fotmob.com/image_resources/playerimages/1124424.png,180.0,26.0,2000-03-06,7866,Orlando Pirates,Midfielder,6.2,0.0,0.0,0.0,0.0,0.0,"64,73,85","CDM,CM,CAM",826792.0,,,,https://images.fotmob.com/image_resources/logo/teamlogo/7866.png
6316,South Africa,303609.0,Themba Zwane,2.0,11.0,https://images.fotmob.com/image_resources/playerimages/303609.png,170.0,36.0,1989-08-03,4530,Mamelodi Sundowns FC,Midfielder,,0.0,0.0,0.0,0.0,0.0,"85,74","CAM,CM",50000.0,,,,https://images.fotmob.com/image_resources/logo/teamlogo/4530.png
6316,South Africa,1107735.0,Yaya Sithole,2.0,13.0,https://images.fotmob.com/image_resources/playerimages/1107735.png,188.0,27.0,1999-03-03,188163,Tondela,Midfielder,7.59,0.0,0.0,0.0,0.0,0.0,"66,76","CDM,CM",543888.0,,,,https://images.fotmob.com/image_resources/logo/teamlogo/188163.png
6316,South Africa,1178629.0,Jayden Adams,2.0,23.0,https://images.fotmob.com/image_resources/playerimages/1178629.png,175.0,25.0,2001-05-05,4530,Mamelodi Sundowns FC,Midfielder,,0.0,0.0,0.0,0.0,0.0,"66,77,55","CDM,CM,CB",264000.0,,,,https://images.fotmob.com/image_resources/logo/teamlogo/4530.png
6316,South Africa,1054166.0,Oswin Appollis,3.0,7.0,https://images.fotmob.com/image_resources/playerimages/1054166.png,171.0,24.0,2001-08-25,7866,Orlando Pirates,Attacker,6.0,0.0,0.0,0.0,0.0,0.0,"87,83,85,72","LW,RW,CAM,RM",683649.0,,,,https://images.fotmob.com/image_resources/logo/teamlogo/7866.png
6316,South Africa,1289611.0,Tshepang Moremi,3.0,8.0,https://images.fotmob.com/image_resources/playerimages/1289611.png,168.0,25.0,2000-10-02,7866,Orlando Pirates,Attacker,,0.0,0.0,0.0,0.0,0.0,"87,83","LW,RW",512211.0,,,,https://images.fotmob.com/image_resources/logo/teamlogo/7866.png
6316,South Africa,881500.0,Lyle Foster,3.0,9.0,https://images.fotmob.com/image_resources/playerimages/881500.png,185.0,25.0,2000-09-03,8191,Burnley,Attacker,,0.0,0.0,0.0,0.0,0.0,"115,103","ST,RW",13339724.0,,,,https://images.fotmob.com/image_resources/logo/teamlogo/8191.png
6316,South Africa,1471333.0,Relebohile Mofokeng,3.0,10.0,https://images.fotmob.com/image_resources/playerimages/1471333.png,170.0,21.0,2004-10-23,7866,Orlando Pirates,Attacker,6.27,0.0,0.0,0.0,0.0,0.0,"85,87,83,78","CAM,LW,RW,LM",1471376.0,,,,https://images.fotmob.com/image_resources/logo/teamlogo/7866.png
6316,South Africa,1394951.0,Thapelo Maseko,3.0,12.0,https://images.fotmob.com/image_resources/playerimages/1394951.png,178.0,22.0,2003-11-11,2134,AEL Limassol,Attacker,6.56,0.0,0.0,0.0,0.0,0.0,"103,87","RW,LW",546480.0,,,,https://images.fotmob.com/image_resources/logo/teamlogo/2134.png
6316,South Africa,1137059.0,Evidence Makgopa,3.0,23.0,https://images.fotmob.com/image_resources/playerimages/1137059.png,188.0,26.0,2000-06-05,7866,Orlando Pirates,Attacker,5.99,0.0,0.0,0.0,0.0,0.0,115,ST,570048.0,,,,https://images.fotmob.com/image_resources/logo/teamlogo/7866.png
6316,South Africa,1076668.0,Iqraam Rayners,3.0,27.0,https://images.fotmob.com/image_resources/playerimages/1076668.png,176.0,30.0,1995-12-19,4530,Mamelodi Sundowns FC,Attacker,,0.0,0.0,0.0,0.0,0.0,115,ST,1686937.0,,,,https://images.fotmob.com/image_resources/logo/teamlogo/4530.png
7804,Korea Republic,167247.0,Seung-Gyu Kim,0.0,1.0,https://images.fotmob.com/image_resources/playerimages/167247.png,187.0,35.0,1990-09-30,4399,FC Tokyo,Keeper,6.56,0.0,0.0,0.0,0.0,0.0,11,GK,428072.0,,,,https://images.fotmob.com/image_resources/logo/teamlogo/4399.png
7804,Korea Republic,848068.0,Bum-Keun Song,0.0,12.0,https://images.fotmob.com/image_resources/playerimages/848068.png,194.0,28.0,1997-10-15,46038,Jeonbuk Hyundai Motors FC,Keeper,,0.0,0.0,0.0,0.0,0.0,11,GK,802283.0,,,,https://images.fotmob.com/image_resources/logo/teamlogo/46038.png
7804,Korea Republic,433265.0,Hyeon-Woo Jo,0.0,21.0,https://images.fotmob.com/image_resources/playerimages/433265.png,189.0,34.0,1991-09-25,133896,Ulsan HD FC,Keeper,,0.0,0.0,0.0,0.0,0.0,11,GK,348096.0,,,,https://images.fotmob.com/image_resources/logo/teamlogo/133896.png
7804,Korea Republic,1232253.0,Han-Beom Lee,1.0,2.0,https://images.fotmob.com/image_resources/playerimages/1232253.png,188.0,24.0,2002-06-17,8113,FC Midtjylland,Defender,6.82,0.0,0.0,0.0,0.0,0.0,33,CB,1876824.0,,,,https://images.fotmob.com/image_resources/logo/teamlogo/8113.png
7804,Korea Republic,1232264.0,Gi-Hyuk Lee,1.0,3.0,https://images.fotmob.com/image_resources/playerimages/1232264.png,184.0,25.0,2000-07-07,164734,Gangwon FC,Defender,7.18,0.0,0.0,0.0,0.0,1.0,"36,76,38","CB,CM,LB",587202.0,,,,https://images.fotmob.com/image_resources/logo/teamlogo/164734.png
7804,Korea Republic,828159.0,Min-Jae Kim,1.0,4.0,https://images.fotmob.com/image_resources/playerimages/828159.png,188.0,29.0,1996-11-15,9823,Bayern München,Defender,6.98,0.0,0.0,0.0,0.0,0.0,36,CB,28289403.0,,,,https://images.fotmob.com/image_resources/logo/teamlogo/9823.png
7804,Korea Republic,1053477.0,Tae-Hyeon Kim,1.0,5.0,https://images.fotmob.com/image_resources/playerimages/1053477.png,186.0,25.0,2000-09-17,4397,Kashima Antlers,Defender,,0.0,0.0,0.0,0.0,0.0,36,CB,,,,,https://images.fotmob.com/image_resources/logo/teamlogo/4397.png
7804,Korea Republic,1326507.0,Wi-Je Cho,1.0,14.0,https://images.fotmob.com/image_resources/playerimages/1326507.png,189.0,24.0,2001-08-25,46038,Jeonbuk Hyundai Motors FC,Defender,,0.0,0.0,0.0,0.0,0.0,35,CB,224044.0,,,,https://images.fotmob.com/image_resources/logo/teamlogo/46038.png
7804,Korea Republic,828273.0,Moon-Hwan Kim,1.0,15.0,https://images.fotmob.com/image_resources/playerimages/828273.png,172.0,30.0,1995-08-01,133900,Daejeon Hana Citizen,Defender,6.31,0.0,0.0,0.0,0.0,0.0,"32,62","RB,RWB",703550.0,,,,https://images.fotmob.com/image_resources/logo/teamlogo/133900.png
7804,Korea Republic,1132818.0,Young-Woo Seol,1.0,22.0,https://images.fotmob.com/image_resources/playerimages/1132818.png,180.0,27.0,1998-12-05,8687,FK Crvena Zvezda,Defender,6.66,0.0,0.0,0.0,0.0,0.0,"32,62,38,68,86","RB,RWB,LB,LWB,CAM",3748172.0,,,,https://images.fotmob.com/image_resources/logo/teamlogo/8687.png
7804,Korea Republic,623698.0,In-Beom Hwang,2.0,6.0,https://images.fotmob.com/image_resources/playerimages/623698.png,177.0,29.0,1996-09-20,10235,Feyenoord,Midfielder,7.17,1.0,0.0,1.0,0.0,0.0,"64,75,85","CDM,CM,CAM",6715589.0,,,,https://images.fotmob.com/image_resources/logo/teamlogo/10235.png
7804,Korea Republic,848102.0,Seung-Ho Paik,2.0,8.0,https://images.fotmob.com/image_resources/playerimages/848102.png,180.0,29.0,1997-03-17,8658,Birmingham City,Midfielder,6.51,0.0,0.0,0.0,0.0,1.0,"66,76,85","CDM,CM,CAM",1729819.0,,,,https://images.fotmob.com/image_resources/logo/teamlogo/8658.png
7804,Korea Republic,523749.0,Jae-Sung Lee,2.0,10.0,https://images.fotmob.com/image_resources/playerimages/523749.png,180.0,33.0,1992-08-10,9905,Mainz 05,Midfielder,6.88,0.0,0.0,0.0,0.0,0.0,"77,86,78,105,107,66","CM,CAM,LM,ST,LW,CDM",1546406.0,,,,https://images.fotmob.com/image_resources/logo/teamlogo/9905.png
7804,Korea Republic,1107251.0,Tae-Seok Lee,2.0,13.0,https://images.fotmob.com/image_resources/playerimages/1107251.png,174.0,23.0,2002-07-28,10011,Austria Wien,Midfielder,6.81,0.0,0.0,0.0,0.0,0.0,"68,78","LWB,LM",1468856.0,,,,https://images.fotmob.com/image_resources/logo/teamlogo/10011.png
7804,Korea Republic,925647.0,Jin-Seob Park,2.0,16.0,https://images.fotmob.com/image_resources/playerimages/925647.png,184.0,30.0,1995-10-23,51443,Zhejiang Professional,Midfielder,6.78,0.0,0.0,0.0,0.0,0.0,"66,35","CDM,CB",736091.0,,,,https://images.fotmob.com/image_resources/logo/teamlogo/51443.png
7804,Korea Republic,1386482.0,Jun-Ho Bae,2.0,17.0,https://images.fotmob.com/image_resources/playerimages/1386482.png,180.0,22.0,2003-08-21,10194,Stoke City,Midfielder,,0.0,0.0,0.0,0.0,0.0,"85,77","CAM,CM",,,,,https://images.fotmob.com/image_resources/logo/teamlogo/10194.png
7804,Korea Republic,940976.0,Kang-In Lee,2.0,19.0,https://images.fotmob.com/image_resources/playerimages/940976.png,173.0,25.0,2001-02-19,9847,Paris Saint-Germain,Midfielder,7.34,0.0,0.0,1.0,0.0,1.0,"73,103,84,72,105","CM,RW,CAM,RM,ST",30725960.0,,,,https://images.fotmob.com/image_resources/logo/teamlogo/9847.png
7804,Korea Republic,1185902.0,Jens Castrop,2.0,23.0,https://images.fotmob.com/image_resources/playerimages/1185902.png,177.0,22.0,2003-07-29,9788,Borussia Mönchengladbach,Midfielder,6.45,0.0,0.0,0.0,0.0,0.0,"68,78,74,62,86,71,107","LWB,LM,CM,RWB,CAM,RM,LW",8100960.0,,,,https://images.fotmob.com/image_resources/logo/teamlogo/9788.png
7804,Korea Republic,622980.0,Jin-Gyu Kim,2.0,24.0,https://images.fotmob.com/image_resources/playerimages/622980.png,177.0,29.0,1997-02-24,46038,Jeonbuk Hyundai Motors FC,Midfielder,6.52,0.0,0.0,0.0,0.0,0.0,"86,66,74","CAM,CDM,CM",624363.0,,,,https://images.fotmob.com/image_resources/logo/teamlogo/46038.png
7804,Korea Republic,954131.0,Dong-Gyeong Lee,2.0,26.0,https://images.fotmob.com/image_resources/playerimages/954131.png,175.0,28.0,1997-09-20,133896,Ulsan HD FC,Midfielder,,0.0,0.0,0.0,0.0,0.0,"104,85,72,83","ST,CAM,RM,RW",854201.0,,,,https://images.fotmob.com/image_resources/logo/teamlogo/133896.png
7804,Korea Republic,212867.0,Heung-Min Son,3.0,7.0,https://images.fotmob.com/image_resources/playerimages/212867.png,184.0,33.0,1992-07-08,867280,Los Angeles FC,Attacker,6.68,0.0,0.0,0.0,0.0,0.0,"105,85,87","ST,CAM,LW",10366969.0,,,,https://images.fotmob.com/image_resources/logo/teamlogo/867280.png
7804,Korea Republic,1026781.0,Gue-Sung Cho,3.0,9.0,https://images.fotmob.com/image_resources/playerimages/1026781.png,188.0,28.0,1998-01-25,8113,FC Midtjylland,Attacker,5.85,0.0,0.0,0.0,0.0,1.0,"105,84,75","ST,CAM,CM",2312388.0,,,,https://images.fotmob.com/image_resources/logo/teamlogo/8113.png
7804,Korea Republic,620026.0,Hee-Chan Hwang,3.0,11.0,https://images.fotmob.com/image_resources/playerimages/620026.png,177.0,30.0,1996-01-26,8602,Wolverhampton Wanderers,Attacker,6.29,0.0,0.0,0.0,0.0,0.0,"106,107,86","ST,LW,CAM",9715794.0,,,,https://images.fotmob.com/image_resources/logo/teamlogo/8602.png
7804,Korea Republic,1044299.0,Hyeon-Gyu Oh,3.0,18.0,https://images.fotmob.com/image_resources/playerimages/1044299.png,183.0,25.0,2001-04-12,10188,Beşiktaş,Attacker,6.37,1.0,0.0,0.0,0.0,0.0,115,ST,11036244.0,,,,https://images.fotmob.com/image_resources/logo/teamlogo/10188.png
7804,Korea Republic,1232560.0,Hyun-Jun Yang,3.0,20.0,https://images.fotmob.com/image_resources/playerimages/1232560.png,179.0,24.0,2002-05-25,9925,Celtic,Attacker,6.38,0.0,0.0,0.0,0.0,0.0,"103,87,62,72","RW,LW,RWB,RM",3177632.0,,,,https://images.fotmob.com/image_resources/logo/teamlogo/9925.png
7804,Korea Republic,1107283.0,Ji-Sung Eom,3.0,25.0,https://images.fotmob.com/image_resources/playerimages/1107283.png,174.0,24.0,2002-05-09,10003,Swansea City,Attacker,6.61,0.0,0.0,0.0,0.0,0.0,"87,78,83","LW,LM,RW",1883960.0,,,,https://images.fotmob.com/image_resources/logo/teamlogo/10003.png
8496,Czechia,278086.0,Miroslav Koubek,,,https://images.fotmob.com/image_resources/playerimages/278086.png,,74.0,1951-09-01,CZE,Czechia,Coach,,,,,,,,,,,,,https://images.fotmob.com/image_resources/logo/teamlogo/cze.png
8496,Czechia,1077903.0,Matej Kovár,0.0,1.0,https://images.fotmob.com/image_resources/playerimages/1077903.png,196.0,26.0,2000-05-17,8640,PSV Eindhoven,Keeper,6.38,0.0,0.0,0.0,0.0,0.0,11,GK,6828768.0,,,,https://images.fotmob.com/image_resources/logo/teamlogo/8640.png
8496,Czechia,463967.0,Jindrich Stanek,0.0,16.0,https://images.fotmob.com/image_resources/playerimages/463967.png,192.0,30.0,1996-04-27,7787,Slavia Prague,Keeper,,0.0,0.0,0.0,0.0,0.0,11,GK,1642782.0,,,,https://images.fotmob.com/image_resources/logo/teamlogo/7787.png
8496,Czechia,1186978.0,Lukás Hornícek,0.0,23.0,https://images.fotmob.com/image_resources/playerimages/1186978.png,197.0,23.0,2002-07-13,10264,Braga,Keeper,,0.0,0.0,0.0,0.0,0.0,11,GK,12295424.0,,,,https://images.fotmob.com/image_resources/logo/teamlogo/10264.png
8496,Czechia,1085401.0,David Zima,1.0,2.0,https://images.fotmob.com/image_resources/playerimages/1085401.png,190.0,25.0,2000-11-08,7787,Slavia Prague,Defender,6.38,0.0,0.0,0.0,0.0,0.0,35,CB,6929529.0,,,,https://images.fotmob.com/image_resources/logo/teamlogo/7787.png
8496,Czechia,306168.0,Tomás Holes,1.0,3.0,https://images.fotmob.com/image_resources/playerimages/306168.png,180.0,33.0,1993-03-31,7787,Slavia Prague,Defender,6.36,0.0,0.0,0.0,0.0,0.0,"33,32","CB,RB",911994.0,,,,https://images.fotmob.com/image_resources/logo/teamlogo/7787.png
8496,Czechia,1225995.0,Robin Hranác,1.0,4.0,https://images.fotmob.com/image_resources/playerimages/1225995.png,190.0,26.0,2000-01-29,8226,Hoffenheim,Defender,5.81,0.0,0.0,0.0,0.0,0.0,34,CB,1996538.0,,,,https://images.fotmob.com/image_resources/logo/teamlogo/8226.png
8496,Czechia,307317.0,Vladimír Coufal,1.0,5.0,https://images.fotmob.com/image_resources/playerimages/307317.png,176.0,33.0,1992-08-22,8226,Hoffenheim,Defender,6.93,0.0,0.0,1.0,0.0,0.0,"32,62,71","RB,RWB,RM",1978041.0,,,,https://images.fotmob.com/image_resources/logo/teamlogo/8226.png
8496,Czechia,1288146.0,Stepán Chaloupek,1.0,6.0,https://images.fotmob.com/image_resources/playerimages/1288146.png,188.0,23.0,2003-03-08,7787,Slavia Prague,Defender,5.66,0.0,0.0,0.0,0.0,0.0,37,CB,4082360.0,,,,https://images.fotmob.com/image_resources/logo/teamlogo/7787.png
8496,Czechia,798029.0,Ladislav Krejcí,1.0,7.0,https://images.fotmob.com/image_resources/playerimages/798029.png,191.0,27.0,1999-04-20,8602,Wolverhampton Wanderers,Defender,6.93,1.0,0.0,0.0,0.0,1.0,"37,73,64","CB,CM,CDM",24068639.0,,,,https://images.fotmob.com/image_resources/logo/teamlogo/8602.png
8496,Czechia,249063.0,Jaroslav Zeleny,1.0,20.0,https://images.fotmob.com/image_resources/playerimages/249063.png,189.0,33.0,1992-08-20,10247,Sparta Prague,Defender,6.57,0.0,0.0,0.0,0.0,0.0,"37,38,78,68","CB,LB,LM,LWB",344000.0,,,,https://images.fotmob.com/image_resources/logo/teamlogo/10247.png
8496,Czechia,196311.0,Vladimír Darida,2.0,8.0,https://images.fotmob.com/image_resources/playerimages/196311.png,171.0,35.0,1990-08-08,1712,Hradec Kralove,Midfielder,7.0,0.0,0.0,0.0,0.0,0.0,"74,64","CM,CDM",164259.0,,,,https://images.fotmob.com/image_resources/logo/teamlogo/1712.png
8496,Czechia,969870.0,Adam Hlozek,2.0,9.0,https://images.fotmob.com/image_resources/playerimages/969870.png,185.0,23.0,2002-07-25,8226,Hoffenheim,Midfielder,6.15,0.0,0.0,0.0,0.0,0.0,"85,104","CAM,ST",16423325.0,,,,https://images.fotmob.com/image_resources/logo/teamlogo/8226.png
8496,Czechia,1151313.0,Lukás Cerv,2.0,12.0,https://images.fotmob.com/image_resources/playerimages/1151313.png,179.0,25.0,2001-04-10,6033,Viktoria Plzen,Midfielder,6.92,0.0,0.0,0.0,0.0,0.0,"66,76,68,84","CDM,CM,LWB,CAM",6477340.0,,,,https://images.fotmob.com/image_resources/logo/teamlogo/6033.png
8496,Czechia,1247323.0,David Jurásek,2.0,14.0,https://images.fotmob.com/image_resources/playerimages/1247323.png,183.0,25.0,2000-08-07,7787,Slavia Prague,Midfielder,,0.0,0.0,0.0,0.0,0.0,"68,38,78","LWB,LB,LM",3535530.0,True,69,Late July 2026,https://images.fotmob.com/image_resources/logo/teamlogo/7787.png
8496,Czechia,1037539.0,Pavel Sulc,2.0,15.0,https://images.fotmob.com/image_resources/playerimages/1037539.png,177.0,25.0,2000-12-29,9748,Lyon,Midfielder,6.33,0.0,0.0,0.0,0.0,0.0,"85,105,83,107","CAM,ST,RW,LW",13765419.0,,,,https://images.fotmob.com/image_resources/logo/teamlogo/9748.png
8496,Czechia,791682.0,Lukás Provod,2.0,17.0,https://images.fotmob.com/image_resources/playerimages/791682.png,189.0,29.0,1996-10-23,7787,Slavia Prague,Midfielder,6.43,0.0,0.0,0.0,0.0,0.0,"84,103,107","CAM,RW,LW",6605239.0,,,,https://images.fotmob.com/image_resources/logo/teamlogo/7787.png
8496,Czechia,806551.0,Michal Sadílek,2.0,18.0,https://images.fotmob.com/image_resources/playerimages/806551.png,169.0,27.0,1999-05-31,7787,Slavia Prague,Midfielder,6.74,1.0,0.0,0.0,0.0,0.0,"66,76,86","CDM,CM,CAM",7514500.0,,,,https://images.fotmob.com/image_resources/logo/teamlogo/7787.png
8496,Czechia,883759.0,David Doudera,2.0,21.0,https://images.fotmob.com/image_resources/playerimages/883759.png,175.0,28.0,1998-05-31,7787,Slavia Prague,Midfielder,7.1,0.0,0.0,0.0,0.0,0.0,"72,62,32","RM,RWB,RB",2411050.0,,,,https://images.fotmob.com/image_resources/logo/teamlogo/7787.png
8496,Czechia,524437.0,Tomás Soucek,2.0,22.0,https://images.fotmob.com/image_resources/playerimages/524437.png,190.0,31.0,1995-02-27,8654,West Ham United,Midfielder,6.02,0.0,0.0,0.0,0.0,0.0,"64,74,85","CDM,CM,CAM",13254623.0,,,,https://images.fotmob.com/image_resources/logo/teamlogo/8654.png
8496,Czechia,1478281.0,Alexandr Sojka,2.0,24.0,https://images.fotmob.com/image_resources/playerimages/1478281.png,188.0,23.0,2003-04-02,6033,Viktoria Plzen,Midfielder,7.05,0.0,0.0,1.0,0.0,0.0,"78,32,83,64,59","LM,RB,RW,CDM,LWB",990684.0,,,,https://images.fotmob.com/image_resources/logo/teamlogo/6033.png
8496,Czechia,1764021.0,Hugo Sochurek,2.0,25.0,https://images.fotmob.com/image_resources/playerimages/1764021.png,184.0,18.0,2008-06-07,10247,Sparta Prague,Midfielder,,0.0,0.0,0.0,0.0,0.0,"73,66","CM,CDM",,,,,https://images.fotmob.com/image_resources/logo/teamlogo/10247.png
8496,Czechia,540097.0,Patrik Schick,3.0,10.0,https://images.fotmob.com/image_resources/playerimages/540097.png,191.0,30.0,1996-01-24,8178,Bayer Leverkusen,Attacker,6.02,0.0,0.0,0.0,0.0,0.0,"105,85","ST,CAM",20269697.0,,,,https://images.fotmob.com/image_resources/logo/teamlogo/8178.png
8496,Czechia,690332.0,Jan Kuchta,3.0,11.0,https://images.fotmob.com/image_resources/playerimages/690332.png,184.0,29.0,1997-01-08,10247,Sparta Prague,Attacker,,0.0,0.0,0.0,0.0,0.0,105,ST,1446643.0,,,,https://images.fotmob.com/image_resources/logo/teamlogo/10247.png
8496,Czechia,988769.0,Mojmír Chytil,3.0,13.0,https://images.fotmob.com/image_resources/playerimages/988769.png,187.0,27.0,1999-04-29,7787,Slavia Prague,Attacker,,0.0,0.0,0.0,0.0,0.0,"105,103,84","ST,RW,CAM",2589362.0,,,,https://images.fotmob.com/image_resources/logo/teamlogo/7787.png
8496,Czechia,523217.0,Tomás Chory,3.0,19.0,https://images.fotmob.com/image_resources/playerimages/523217.png,198.0,31.0,1995-01-26,7787,Slavia Prague,Attacker,5.88,0.0,0.0,0.0,0.0,0.0,"105,107","ST,LW",1741483.0,,,,https://images.fotmob.com/image_resources/logo/teamlogo/7787.png
8496,Czechia,1202885.0,Denis Visinsky,3.0,26.0,https://images.fotmob.com/image_resources/playerimages/1202885.png,177.0,23.0,2003-03-21,6033,Viktoria Plzen,Attacker,6.44,0.0,0.0,0.0,0.0,0.0,"87,85,66,83,68,104,71","LW,CAM,CDM,RW,LWB,ST,RM",1826366.0,,,,https://images.fotmob.com/image_resources/logo/teamlogo/6033.png
6717,Switzerland,34053.0,Murat Yakin,,,https://images.fotmob.com/image_resources/playerimages/34053.png,,51.0,1974-09-15,SUI,Switzerland,Coach,,,,,,,,,,,,,https://images.fotmob.com/image_resources/logo/teamlogo/sui.png
6717,Switzerland,764018.0,Gregor Kobel,0.0,1.0,https://images.fotmob.com/image_resources/playerimages/764018.png,193.0,28.0,1997-12-06,9789,Borussia Dortmund,Keeper,,0.0,0.0,0.0,0.0,0.0,11,GK,41061449.0,,,,https://images.fotmob.com/image_resources/logo/teamlogo/9789.png
6717,Switzerland,274787.0,Yvon Mvogo,0.0,12.0,https://images.fotmob.com/image_resources/playerimages/274787.png,186.0,32.0,1994-06-06,8689,Lorient,Keeper,,0.0,0.0,0.0,0.0,0.0,11,GK,2196378.0,,,,https://images.fotmob.com/image_resources/logo/teamlogo/8689.png
6717,Switzerland,1107298.0,Marvin Keller,0.0,21.0,https://images.fotmob.com/image_resources/playerimages/1107298.png,190.0,23.0,2002-07-03,10192,Young Boys,Keeper,,0.0,0.0,0.0,0.0,0.0,11,GK,9841149.0,,,,https://images.fotmob.com/image_resources/logo/teamlogo/10192.png
6717,Switzerland,517346.0,Nico Elvedi,1.0,4.0,https://images.fotmob.com/image_resources/playerimages/517346.png,187.0,29.0,1996-09-30,9788,Borussia Mönchengladbach,Defender,,0.0,0.0,0.0,0.0,0.0,35,CB,6909077.0,,,,https://images.fotmob.com/image_resources/logo/teamlogo/9788.png
6717,Switzerland,521318.0,Manuel Akanji,1.0,5.0,https://images.fotmob.com/image_resources/playerimages/521318.png,188.0,30.0,1995-07-19,8636,Inter,Defender,,0.0,0.0,0.0,0.0,0.0,33,CB,18112861.0,,,,https://images.fotmob.com/image_resources/logo/teamlogo/8636.png
6717,Switzerland,115591.0,Ricardo Rodríguez,1.0,13.0,https://images.fotmob.com/image_resources/playerimages/115591.png,180.0,33.0,1992-08-25,8603,Real Betis,Defender,,0.0,0.0,0.0,0.0,0.0,38,LB,1615330.0,,,,https://images.fotmob.com/image_resources/logo/teamlogo/8603.png
6717,Switzerland,705484.0,Eray Cömert,1.0,18.0,https://images.fotmob.com/image_resources/playerimages/705484.png,183.0,28.0,1998-02-04,10267,Valencia,Defender,,0.0,0.0,0.0,0.0,0.0,36,CB,1523941.0,,,,https://images.fotmob.com/image_resources/logo/teamlogo/10267.png
6717,Switzerland,1257648.0,Aurèle Amenda,1.0,24.0,https://images.fotmob.com/image_resources/playerimages/1257648.png,194.0,22.0,2003-07-31,9810,Eintracht Frankfurt,Defender,,0.0,0.0,0.0,0.0,0.0,"33,32","CB,RB",10236149.0,,,,https://images.fotmob.com/image_resources/logo/teamlogo/9810.png
6717,Switzerland,1270002.0,Luca Jaquez,1.0,25.0,https://images.fotmob.com/image_resources/playerimages/1270002.png,187.0,23.0,2003-06-02,10269,VfB Stuttgart,Defender,,0.0,0.0,0.0,0.0,0.0,34,CB,12946795.0,,,,https://images.fotmob.com/image_resources/logo/teamlogo/10269.png
6717,Switzerland,759817.0,Miro Muheim,2.0,2.0,https://images.fotmob.com/image_resources/playerimages/759817.png,182.0,28.0,1998-03-24,9790,Hamburger SV,Midfielder,,0.0,0.0,0.0,0.0,0.0,"78,68,38","LM,LWB,LB",4566537.0,,,,https://images.fotmob.com/image_resources/logo/teamlogo/9790.png
6717,Switzerland,275034.0,Silvan Widmer,2.0,3.0,https://images.fotmob.com/image_resources/playerimages/275034.png,182.0,33.0,1993-03-05,9905,Mainz 05,Midfielder,,0.0,0.0,0.0,0.0,0.0,"71,32,68,79,62","RM,RB,LWB,LM,RWB",772820.0,True,69,Doubtful,https://images.fotmob.com/image_resources/logo/teamlogo/9905.png
6717,Switzerland,598355.0,Denis Zakaria,2.0,6.0,https://images.fotmob.com/image_resources/playerimages/598355.png,189.0,29.0,1996-11-20,9829,Monaco,Midfielder,,0.0,0.0,0.0,0.0,0.0,"35,66,74","CB,CDM,CM",26375541.0,,,,https://images.fotmob.com/image_resources/logo/teamlogo/9829.png
6717,Switzerland,201704.0,Remo Freuler,2.0,8.0,https://images.fotmob.com/image_resources/playerimages/201704.png,181.0,34.0,1992-04-15,9857,Bologna,Midfielder,,0.0,0.0,0.0,0.0,0.0,"64,75","CDM,CM",2679419.0,,,,https://images.fotmob.com/image_resources/logo/teamlogo/9857.png
6717,Switzerland,1520063.0,Johan Manzambi,2.0,9.0,https://images.fotmob.com/image_resources/playerimages/1520063.png,182.0,20.0,2005-10-14,8358,Freiburg,Midfielder,,0.0,0.0,0.0,0.0,0.0,"66,85,76,87,103,105","CDM,CAM,CM,LW,RW,ST",31181920.0,,,,https://images.fotmob.com/image_resources/logo/teamlogo/8358.png
6717,Switzerland,207236.0,Granit Xhaka,2.0,10.0,https://images.fotmob.com/image_resources/playerimages/207236.png,185.0,33.0,1992-09-27,8472,Sunderland,Midfielder,,0.0,0.0,0.0,0.0,0.0,"64,75","CDM,CM",17124490.0,,,,https://images.fotmob.com/image_resources/logo/teamlogo/8472.png
6717,Switzerland,1163219.0,Ardon Jashari,2.0,14.0,https://images.fotmob.com/image_resources/playerimages/1163219.png,181.0,23.0,2002-07-30,8564,Milan,Midfielder,,0.0,0.0,0.0,0.0,0.0,75,CM,33907219.0,,,,https://images.fotmob.com/image_resources/logo/teamlogo/8564.png
6717,Switzerland,707970.0,Djibril Sow,2.0,15.0,https://images.fotmob.com/image_resources/playerimages/707970.png,184.0,29.0,1997-02-06,8302,Sevilla,Midfielder,,0.0,0.0,0.0,0.0,0.0,"77,66","CM,CDM",7225538.0,,,,https://images.fotmob.com/image_resources/logo/teamlogo/8302.png
6717,Switzerland,792756.0,Michel Aebischer,2.0,20.0,https://images.fotmob.com/image_resources/playerimages/792756.png,185.0,29.0,1997-01-06,6479,Pisa,Midfielder,,0.0,0.0,0.0,0.0,0.0,"75,66","CM,CDM",4873373.0,,,,https://images.fotmob.com/image_resources/logo/teamlogo/6479.png
6717,Switzerland,1161211.0,Fabian Rieder,2.0,22.0,https://images.fotmob.com/image_resources/playerimages/1161211.png,179.0,24.0,2002-02-16,8406,Augsburg,Midfielder,,0.0,0.0,0.0,0.0,0.0,"84,66,77,103,68","CAM,CDM,CM,RW,LWB",10013853.0,,,,https://images.fotmob.com/image_resources/logo/teamlogo/8406.png
6717,Switzerland,527103.0,Breel Embolo,3.0,7.0,https://images.fotmob.com/image_resources/playerimages/527103.png,187.0,29.0,1997-02-14,9851,Rennes,Attacker,,0.0,0.0,0.0,0.0,0.0,106,ST,12740790.0,,,,https://images.fotmob.com/image_resources/logo/teamlogo/9851.png
6717,Switzerland,1022649.0,Dan Ndoye,3.0,11.0,https://images.fotmob.com/image_resources/playerimages/1022649.png,184.0,25.0,2000-10-25,10203,Nottingham Forest,Attacker,,0.0,0.0,0.0,0.0,0.0,"83,87,72,86,106","RW,LW,RM,CAM,ST",43313204.0,,,,https://images.fotmob.com/image_resources/logo/teamlogo/10203.png
6717,Switzerland,618774.0,Christian Fassnacht,3.0,16.0,https://images.fotmob.com/image_resources/playerimages/618774.png,185.0,32.0,1993-11-11,10192,Young Boys,Attacker,,0.0,0.0,0.0,0.0,0.0,"83,72,106,85,78,87","RW,RM,ST,CAM,LM,LW",1425590.0,,,,https://images.fotmob.com/image_resources/logo/teamlogo/10192.png
6717,Switzerland,860752.0,Rubén Vargas,3.0,17.0,https://images.fotmob.com/image_resources/playerimages/860752.png,174.0,27.0,1998-08-05,8302,Sevilla,Attacker,,0.0,0.0,0.0,0.0,0.0,"107,86,72,103","LW,CAM,RM,RW",12652149.0,,,,https://images.fotmob.com/image_resources/logo/teamlogo/8302.png
6717,Switzerland,915797.0,Noah Okafor,3.0,19.0,https://images.fotmob.com/image_resources/playerimages/915797.png,185.0,26.0,2000-05-24,8463,Leeds United,Attacker,,0.0,0.0,0.0,0.0,0.0,"107,106,86","LW,ST,CAM",21035120.0,,,,https://images.fotmob.com/image_resources/logo/teamlogo/8463.png
6717,Switzerland,1067168.0,Zeki Amdouni,3.0,23.0,https://images.fotmob.com/image_resources/playerimages/1067168.png,185.0,25.0,2000-12-04,8191,Burnley,Attacker,,0.0,0.0,0.0,0.0,0.0,106,ST,12179461.0,,,,https://images.fotmob.com/image_resources/logo/teamlogo/8191.png
6717,Switzerland,726956.0,Cedric Itten,3.0,26.0,https://images.fotmob.com/image_resources/playerimages/726956.png,189.0,29.0,1996-12-27,8697,Werder Bremen,Attacker,,0.0,0.0,0.0,0.0,0.0,115,ST,1426645.0,,,,https://images.fotmob.com/image_resources/logo/teamlogo/8697.png
5810,Canada,69655.0,Jesse Marsch,,,https://images.fotmob.com/image_resources/playerimages/69655.png,,52.0,1973-11-08,USA,USA,Coach,,,,,,,,,,,,,https://images.fotmob.com/image_resources/logo/teamlogo/usa.png
5810,Canada,1026105.0,Dayne St. Clair,0.0,1.0,https://images.fotmob.com/image_resources/playerimages/1026105.png,191.0,29.0,1997-05-09,960720,Inter Miami CF,Keeper,,0.0,0.0,0.0,0.0,0.0,11,GK,1710536.0,,,,https://images.fotmob.com/image_resources/logo/teamlogo/960720.png
5810,Canada,464919.0,Maxime Crépeau,0.0,16.0,https://images.fotmob.com/image_resources/playerimages/464919.png,185.0,32.0,1994-05-11,267810,Orlando City,Keeper,7.65,0.0,0.0,0.0,0.0,0.0,11,GK,1015415.0,,,,https://images.fotmob.com/image_resources/logo/teamlogo/267810.png
5810,Canada,1415372.0,Owen Goodman,0.0,18.0,https://images.fotmob.com/image_resources/playerimages/1415372.png,193.0,22.0,2003-11-27,8283,Barnsley,Keeper,,0.0,0.0,0.0,0.0,0.0,11,GK,654294.0,,,,https://images.fotmob.com/image_resources/logo/teamlogo/8283.png
5810,Canada,1055426.0,Alistair Johnston,1.0,2.0,https://images.fotmob.com/image_resources/playerimages/1055426.png,180.0,27.0,1998-10-08,9925,Celtic,Defender,7.31,0.0,0.0,0.0,0.0,0.0,32,RB,8286756.0,,,,https://images.fotmob.com/image_resources/logo/teamlogo/9925.png
5810,Canada,789598.0,Alfie Jones,1.0,3.0,https://images.fotmob.com/image_resources/playerimages/789598.png,191.0,28.0,1997-10-07,8549,Middlesbrough,Defender,,0.0,0.0,0.0,0.0,0.0,37,CB,3531992.0,True,69,About 1-2 weeks,https://images.fotmob.com/image_resources/logo/teamlogo/8549.png
5810,Canada,1399943.0,Luc De Fougerolles,1.0,4.0,https://images.fotmob.com/image_resources/playerimages/1399943.png,178.0,20.0,2005-10-12,7947,FCV Dender EH,Defender,7.14,0.0,0.0,0.0,0.0,0.0,35,CB,1711441.0,,,,https://images.fotmob.com/image_resources/logo/teamlogo/7947.png
5810,Canada,1100258.0,Joel Waterman,1.0,5.0,https://images.fotmob.com/image_resources/playerimages/1100258.png,188.0,30.0,1996-01-24,6397,Chicago Fire FC,Defender,,0.0,0.0,0.0,0.0,0.0,"34,64,32","CB,CDM,RB",1479458.0,,,,https://images.fotmob.com/image_resources/logo/teamlogo/6397.png
5810,Canada,847629.0,Derek Cornelius,1.0,13.0,https://images.fotmob.com/image_resources/playerimages/847629.png,187.0,28.0,1997-11-25,8548,Rangers,Defender,7.53,0.0,0.0,0.0,0.0,0.0,36,CB,2875454.0,,,,https://images.fotmob.com/image_resources/logo/teamlogo/8548.png
5810,Canada,1440009.0,Moïse Bombito,1.0,15.0,https://images.fotmob.com/image_resources/playerimages/1440009.png,191.0,26.0,2000-03-30,9831,Nice,Defender,6.84,0.0,0.0,0.0,0.0,0.0,35,CB,1154388.0,,,,https://images.fotmob.com/image_resources/logo/teamlogo/9831.png
5810,Canada,751202.0,Alphonso Davies,1.0,19.0,https://images.fotmob.com/image_resources/playerimages/751202.png,183.0,25.0,2000-11-02,9823,Bayern München,Defender,6.35,0.0,0.0,0.0,0.0,0.0,38,LB,45267223.0,,,,https://images.fotmob.com/image_resources/logo/teamlogo/9823.png
5810,Canada,729506.0,Richie Laryea,1.0,22.0,https://images.fotmob.com/image_resources/playerimages/729506.png,175.0,31.0,1995-01-07,56453,Toronto FC,Defender,7.62,0.0,0.0,0.0,0.0,0.0,"38,32,33,66,72","LB,RB,CB,CDM,RM",480995.0,,,,https://images.fotmob.com/image_resources/logo/teamlogo/56453.png
5810,Canada,1494508.0,Niko Sigur,1.0,23.0,https://images.fotmob.com/image_resources/playerimages/1494508.png,180.0,22.0,2003-09-09,10154,Hajduk Split,Defender,6.35,0.0,0.0,0.0,0.0,1.0,"32,64","RB,CDM",3131179.0,,,,https://images.fotmob.com/image_resources/logo/teamlogo/10154.png
5810,Canada,943428.0,Mathieu Choinière,2.0,6.0,https://images.fotmob.com/image_resources/playerimages/943428.png,175.0,27.0,1999-02-07,867280,Los Angeles FC,Midfielder,,0.0,0.0,0.0,0.0,0.0,"76,64","CM,CDM",518474.0,,,,https://images.fotmob.com/image_resources/logo/teamlogo/867280.png
5810,Canada,816223.0,Stephen Eustaquio,2.0,7.0,https://images.fotmob.com/image_resources/playerimages/816223.png,178.0,29.0,1996-12-21,867280,Los Angeles FC,Midfielder,8.74,0.0,0.0,0.0,0.0,0.0,"76,64","CM,CDM",5372469.0,,,,https://images.fotmob.com/image_resources/logo/teamlogo/867280.png
5810,Canada,1288119.0,Ismaël Koné,2.0,8.0,https://images.fotmob.com/image_resources/playerimages/1288119.png,188.0,24.0,2002-06-16,7943,Sassuolo,Midfielder,,0.0,0.0,0.0,0.0,0.0,77,CM,19000691.0,True,23,Mid October 2026,https://images.fotmob.com/image_resources/logo/teamlogo/7943.png
5810,Canada,1026135.0,Tajon Buchanan,2.0,17.0,https://images.fotmob.com/image_resources/playerimages/1026135.png,183.0,27.0,1999-02-08,10205,Villarreal,Midfielder,6.6,0.0,0.0,0.0,0.0,0.0,"72,78","RM,LM",12808710.0,,,,https://images.fotmob.com/image_resources/logo/teamlogo/10205.png
5810,Canada,432605.0,Jonathan Osorio,2.0,21.0,https://images.fotmob.com/image_resources/playerimages/432605.png,175.0,34.0,1992-06-12,56453,Toronto FC,Midfielder,,0.0,0.0,0.0,0.0,0.0,"66,76,78,84","CDM,CM,LM,CAM",507678.0,,,,https://images.fotmob.com/image_resources/logo/teamlogo/56453.png
5810,Canada,1216798.0,Nathan Saliba,2.0,25.0,https://images.fotmob.com/image_resources/playerimages/1216798.png,173.0,22.0,2004-02-07,8635,Anderlecht,Midfielder,7.39,0.0,0.0,0.0,0.0,1.0,"64,76","CDM,CM",6392960.0,,,,https://images.fotmob.com/image_resources/logo/teamlogo/8635.png
5810,Canada,544312.0,Cyle Larin,3.0,9.0,https://images.fotmob.com/image_resources/playerimages/544312.png,187.0,31.0,1995-04-17,8466,Southampton,Attacker,,0.0,0.0,0.0,0.0,0.0,"115,85","ST,CAM",2060467.0,,,,https://images.fotmob.com/image_resources/logo/teamlogo/8466.png
5810,Canada,939569.0,Jonathan David,3.0,10.0,https://images.fotmob.com/image_resources/playerimages/939569.png,175.0,26.0,2000-01-14,9885,Juventus,Attacker,6.2,0.0,0.0,0.0,0.0,0.0,105,ST,36511959.0,,,,https://images.fotmob.com/image_resources/logo/teamlogo/9885.png
5810,Canada,932308.0,Liam Millar,3.0,11.0,https://images.fotmob.com/image_resources/playerimages/932308.png,185.0,26.0,1999-09-27,8667,Hull City,Attacker,6.46,0.0,0.0,0.0,0.0,0.0,"87,78,86,68","LW,LM,CAM,LWB",1381611.0,,,,https://images.fotmob.com/image_resources/logo/teamlogo/8667.png
5810,Canada,1338740.0,Tani Oluwaseyi,3.0,12.0,https://images.fotmob.com/image_resources/playerimages/1338740.png,188.0,26.0,2000-05-15,10205,Villarreal,Attacker,6.88,0.0,0.0,0.0,0.0,0.0,"106,72","ST,RM",8766238.0,,,,https://images.fotmob.com/image_resources/logo/teamlogo/10205.png
5810,Canada,1023943.0,Jacob Shaffelburg,3.0,14.0,https://images.fotmob.com/image_resources/playerimages/1023943.png,178.0,26.0,1999-11-26,867280,Los Angeles FC,Attacker,6.24,0.0,0.0,0.0,0.0,0.0,"107,72,103,68","LW,RM,RW,LWB",1618103.0,,,,https://images.fotmob.com/image_resources/logo/teamlogo/867280.png
5810,Canada,1359536.0,Ali Ahmed,3.0,20.0,https://images.fotmob.com/image_resources/playerimages/1359536.png,180.0,25.0,2000-10-10,9850,Norwich City,Attacker,,0.0,0.0,0.0,0.0,0.0,"87,78","LW,LM",2041970.0,,,,https://images.fotmob.com/image_resources/logo/teamlogo/9850.png
5810,Canada,1252132.0,Promise David,3.0,24.0,https://images.fotmob.com/image_resources/playerimages/1252132.png,196.0,24.0,2001-07-03,7978,Union St.Gilloise,Attacker,6.47,0.0,0.0,0.0,0.0,0.0,"105,85","ST,CAM",16808777.0,,,,https://images.fotmob.com/image_resources/logo/teamlogo/7978.png
5810,Canada,1082106.0,Jayden Nelson,3.0,26.0,https://images.fotmob.com/image_resources/playerimages/1082106.png,170.0,23.0,2002-09-26,1218886,Austin FC,Attacker,,0.0,0.0,0.0,0.0,0.0,"87,78,83","LW,LM,RW",1736433.0,,,,https://images.fotmob.com/image_resources/logo/teamlogo/1218886.png
10106,Bosnia-Herzegovina,27294.0,Sergej Barbarez,,,https://images.fotmob.com/image_resources/playerimages/27294.png,188.0,54.0,1971-09-17,BIH,Bosnia and Herzegovina,Coach,,,,,,,,,,,,,https://images.fotmob.com/image_resources/logo/teamlogo/bih.png
10106,Bosnia-Herzegovina,466867.0,Nikola Vasilj,0.0,1.0,https://images.fotmob.com/image_resources/playerimages/466867.png,194.0,30.0,1995-12-02,8152,St. Pauli,Keeper,,0.0,0.0,0.0,0.0,0.0,11,GK,2364874.0,,,,https://images.fotmob.com/image_resources/logo/teamlogo/8152.png
10106,Bosnia-Herzegovina,1726288.0,Mladen Jurkas,0.0,12.0,https://images.fotmob.com/image_resources/playerimages/1726288.png,193.0,18.0,2007-10-07,10116,Borac Banja Luka,Keeper,,0.0,0.0,0.0,0.0,0.0,11,GK,,,,,https://images.fotmob.com/image_resources/logo/teamlogo/10116.png
10106,Bosnia-Herzegovina,857661.0,Martin Zlomislic,0.0,22.0,https://images.fotmob.com/image_resources/playerimages/857661.png,190.0,27.0,1998-08-16,7981,Qarabag FK,Keeper,,0.0,0.0,0.0,0.0,0.0,11,GK,1462180.0,,,,https://images.fotmob.com/image_resources/logo/teamlogo/7981.png
10106,Bosnia-Herzegovina,857436.0,Nihad Mujakic,1.0,2.0,https://images.fotmob.com/image_resources/playerimages/857436.png,189.0,28.0,1998-04-15,4081,Gaziantep FK,Defender,,0.0,0.0,0.0,0.0,0.0,"37,38","CB,LB",1121576.0,,,,https://images.fotmob.com/image_resources/logo/teamlogo/4081.png
10106,Bosnia-Herzegovina,797797.0,Dennis Hadzikadunic,1.0,3.0,https://images.fotmob.com/image_resources/playerimages/797797.png,186.0,27.0,1998-07-09,9882,Sampdoria,Defender,,0.0,0.0,0.0,0.0,0.0,33,CB,816156.0,,,,https://images.fotmob.com/image_resources/logo/teamlogo/9882.png
10106,Bosnia-Herzegovina,1250485.0,Tarik Muharemovic,1.0,4.0,https://images.fotmob.com/image_resources/playerimages/1250485.png,187.0,23.0,2003-02-28,7943,Sassuolo,Defender,,0.0,0.0,0.0,0.0,0.0,36,CB,16246347.0,,,,https://images.fotmob.com/image_resources/logo/teamlogo/7943.png
10106,Bosnia-Herzegovina,304345.0,Sead Kolasinac,1.0,5.0,https://images.fotmob.com/image_resources/playerimages/304345.png,183.0,33.0,1993-06-20,8524,Atalanta,Defender,,0.0,0.0,0.0,0.0,0.0,"37,38","CB,LB",2593849.0,,,,https://images.fotmob.com/image_resources/logo/teamlogo/8524.png
10106,Bosnia-Herzegovina,958010.0,Amar Dedic,1.0,7.0,https://images.fotmob.com/image_resources/playerimages/958010.png,180.0,23.0,2002-08-18,9772,Benfica,Defender,,0.0,0.0,0.0,0.0,0.0,"32,38","RB,LB",18688620.0,,,,https://images.fotmob.com/image_resources/logo/teamlogo/9772.png
10106,Bosnia-Herzegovina,725655.0,Nikola Katic,1.0,18.0,https://images.fotmob.com/image_resources/playerimages/725655.png,194.0,29.0,1996-10-10,10189,Schalke 04,Defender,,0.0,0.0,0.0,0.0,0.0,35,CB,1232103.0,,,,https://images.fotmob.com/image_resources/logo/teamlogo/10189.png
10106,Bosnia-Herzegovina,653982.0,Stjepan Radeljic,1.0,21.0,https://images.fotmob.com/image_resources/playerimages/653982.png,201.0,28.0,1997-09-05,10162,Rijeka,Defender,,0.0,0.0,0.0,0.0,0.0,36,CB,1388098.0,,,,https://images.fotmob.com/image_resources/logo/teamlogo/10162.png
10106,Bosnia-Herzegovina,1515122.0,Arjan Malic,1.0,24.0,https://images.fotmob.com/image_resources/playerimages/1515122.png,186.0,20.0,2005-08-28,10014,Sturm Graz,Defender,,0.0,0.0,0.0,0.0,0.0,32,RB,1706273.0,,,,https://images.fotmob.com/image_resources/logo/teamlogo/10014.png
10106,Bosnia-Herzegovina,1415104.0,Benjamin Tahirovic,2.0,6.0,https://images.fotmob.com/image_resources/playerimages/1415104.png,191.0,23.0,2003-03-03,8595,Brøndby IF,Midfielder,,0.0,0.0,0.0,0.0,0.0,"76,66","CM,CDM",4969238.0,,,,https://images.fotmob.com/image_resources/logo/teamlogo/8595.png
10106,Bosnia-Herzegovina,1057426.0,Armin Gigovic,2.0,8.0,https://images.fotmob.com/image_resources/playerimages/1057426.png,187.0,24.0,2002-04-06,10192,Young Boys,Midfielder,,0.0,0.0,0.0,0.0,0.0,"66,74,106,85,78","CDM,CM,ST,CAM,LM",2438728.0,,,,https://images.fotmob.com/image_resources/logo/teamlogo/10192.png
10106,Bosnia-Herzegovina,1179875.0,Ivan Basic,2.0,13.0,https://images.fotmob.com/image_resources/playerimages/1179875.png,178.0,24.0,2002-04-30,166865,FC Astana,Midfielder,,0.0,0.0,0.0,0.0,0.0,74,CM,818997.0,,,,https://images.fotmob.com/image_resources/logo/teamlogo/166865.png
10106,Bosnia-Herzegovina,541551.0,Ivan Sunjic,2.0,14.0,https://images.fotmob.com/image_resources/playerimages/541551.png,184.0,29.0,1996-10-09,2137,Pafos FC,Midfielder,,0.0,0.0,0.0,0.0,0.0,"64,74,84,34","CDM,CM,CAM,CB",832694.0,,,,https://images.fotmob.com/image_resources/logo/teamlogo/2137.png
10106,Bosnia-Herzegovina,1300385.0,Amar Memic,2.0,15.0,https://images.fotmob.com/image_resources/playerimages/1300385.png,176.0,25.0,2001-01-20,6033,Viktoria Plzen,Midfielder,,0.0,0.0,0.0,0.0,0.0,"62,32,72,83,78,33,68,107","RWB,RB,RM,RW,LM,CB,LWB,LW",2520494.0,,,,https://images.fotmob.com/image_resources/logo/teamlogo/6033.png
10106,Bosnia-Herzegovina,639558.0,Amir Hadziahmetovic,2.0,16.0,https://images.fotmob.com/image_resources/playerimages/639558.png,179.0,29.0,1997-03-08,8667,Hull City,Midfielder,,0.0,0.0,0.0,0.0,0.0,"64,85","CDM,CAM",2391884.0,,,,https://images.fotmob.com/image_resources/logo/teamlogo/8667.png
10106,Bosnia-Herzegovina,660148.0,Dzenis Burnic,2.0,17.0,https://images.fotmob.com/image_resources/playerimages/660148.png,183.0,28.0,1998-05-22,8295,Karlsruher SC,Midfielder,,0.0,0.0,0.0,0.0,0.0,"73,55,64","CM,CB,CDM",582539.0,,,,https://images.fotmob.com/image_resources/logo/teamlogo/8295.png
10106,Bosnia-Herzegovina,1528815.0,Ermin Mahmic,2.0,26.0,https://images.fotmob.com/image_resources/playerimages/1528815.png,182.0,21.0,2005-03-14,10245,Slovan Liberec,Midfielder,,0.0,0.0,0.0,0.0,0.0,"85,107","CAM,LW",1158922.0,,,,https://images.fotmob.com/image_resources/logo/teamlogo/10245.png
10106,Bosnia-Herzegovina,1284492.0,Samed Bazdar,3.0,9.0,https://images.fotmob.com/image_resources/playerimages/1284492.png,186.0,22.0,2004-01-31,1957,Jagiellonia Białystok,Attacker,,0.0,0.0,0.0,0.0,0.0,"105,73","ST,CM",1251348.0,,,,https://images.fotmob.com/image_resources/logo/teamlogo/1957.png
10106,Bosnia-Herzegovina,840241.0,Ermedin Demirovic,3.0,10.0,https://images.fotmob.com/image_resources/playerimages/840241.png,184.0,28.0,1998-03-25,10269,VfB Stuttgart,Attacker,,0.0,0.0,0.0,0.0,0.0,115,ST,21857763.0,,,,https://images.fotmob.com/image_resources/logo/teamlogo/10269.png
10106,Bosnia-Herzegovina,15403.0,Edin Dzeko,3.0,11.0,https://images.fotmob.com/image_resources/playerimages/15403.png,193.0,40.0,1986-03-17,10189,Schalke 04,Attacker,,0.0,0.0,0.0,0.0,0.0,104,ST,951936.0,,,,https://images.fotmob.com/image_resources/logo/teamlogo/10189.png
10106,Bosnia-Herzegovina,1684401.0,Kerim Alajbegovic,3.0,19.0,https://images.fotmob.com/image_resources/playerimages/1684401.png,185.0,18.0,2007-09-21,10013,Salzburg,Attacker,,0.0,0.0,0.0,0.0,0.0,"87,78,82,85","LW,LM,RW,CAM",13426375.0,,,,https://images.fotmob.com/image_resources/logo/teamlogo/10013.png
10106,Bosnia-Herzegovina,1346860.0,Esmir Bajraktarevic,3.0,20.0,https://images.fotmob.com/image_resources/playerimages/1346860.png,175.0,21.0,2005-03-10,8640,PSV Eindhoven,Attacker,,0.0,0.0,0.0,0.0,0.0,"83,72,115","RW,RM,ST",6488368.0,,,,https://images.fotmob.com/image_resources/logo/teamlogo/8640.png
10106,Bosnia-Herzegovina,388903.0,Haris Tabakovic,3.0,23.0,https://images.fotmob.com/image_resources/playerimages/388903.png,196.0,32.0,1994-06-20,9788,Borussia Mönchengladbach,Attacker,,0.0,0.0,0.0,0.0,0.0,105,ST,2451335.0,,,,https://images.fotmob.com/image_resources/logo/teamlogo/9788.png
10106,Bosnia-Herzegovina,1174844.0,Jovo Lukic,3.0,25.0,https://images.fotmob.com/image_resources/playerimages/1174844.png,190.0,27.0,1998-11-28,89022,Universitatea Cluj,Attacker,,0.0,0.0,0.0,0.0,0.0,115,ST,799761.0,,,,https://images.fotmob.com/image_resources/logo/teamlogo/89022.png
5902,Qatar,396454.0,Julen Lopetegui,,,https://images.fotmob.com/image_resources/playerimages/396454.png,185.0,59.0,1966-08-28,ESP,Spain,Coach,,,,,,,,,,,,,https://images.fotmob.com/image_resources/logo/teamlogo/esp.png
5902,Qatar,1213141.0,Mahmoud Abunada,0.0,1.0,https://images.fotmob.com/image_resources/playerimages/1213141.png,191.0,26.0,2000-02-05,101898,Al-Rayyan,Keeper,5.73,0.0,0.0,0.0,0.0,1.0,11,GK,403968.0,,,,https://images.fotmob.com/image_resources/logo/teamlogo/101898.png
5902,Qatar,1053982.0,Salah Zakaria,0.0,1.0,https://images.fotmob.com/image_resources/playerimages/1053982.png,189.0,27.0,1999-04-24,203826,Al-Duhail SC,Keeper,,0.0,0.0,0.0,0.0,0.0,11,GK,259062.0,,,,https://images.fotmob.com/image_resources/logo/teamlogo/203826.png
5902,Qatar,922387.0,Meshaal Barsham,0.0,22.0,https://images.fotmob.com/image_resources/playerimages/922387.png,180.0,28.0,1998-02-14,101895,Al-Sadd,Keeper,,0.0,0.0,0.0,0.0,0.0,11,GK,650907.0,,,,https://images.fotmob.com/image_resources/logo/teamlogo/101895.png
5902,Qatar,734637.0,Pedro Miguel,1.0,2.0,https://images.fotmob.com/image_resources/playerimages/734637.png,182.0,35.0,1990-08-06,101895,Al-Sadd,Defender,6.13,0.0,0.0,0.0,0.0,0.0,"34,32","CB,RB",,,,,https://images.fotmob.com/image_resources/logo/teamlogo/101895.png
5902,Qatar,1642780.0,Al Hashmi Al Hussain,1.0,4.0,https://images.fotmob.com/image_resources/playerimages/1642780.png,184.0,22.0,2003-08-15,101899,Al-Arabi,Defender,6.55,0.0,0.0,0.0,0.0,0.0,34,CB,342853.0,,,,https://images.fotmob.com/image_resources/logo/teamlogo/101899.png
5902,Qatar,1839745.0,Issa Laye,1.0,4.0,https://images.fotmob.com/image_resources/playerimages/1839745.png,188.0,28.0,1997-12-22,101899,Al-Arabi,Defender,6.39,0.0,0.0,0.0,0.0,0.0,"36,77","CB,CM",328299.0,,,,https://images.fotmob.com/image_resources/logo/teamlogo/101899.png
5902,Qatar,149583.0,Lucas Mendes,1.0,12.0,https://images.fotmob.com/image_resources/playerimages/149583.png,184.0,35.0,1990-07-03,101901,Al-Wakrah,Defender,,0.0,0.0,0.0,0.0,0.0,36,CB,314052.0,,,,https://images.fotmob.com/image_resources/logo/teamlogo/101901.png
5902,Qatar,1432180.0,Ayoub Al Oui,1.0,13.0,https://images.fotmob.com/image_resources/playerimages/1432180.png,181.0,21.0,2005-03-11,101897,Al-Gharafa,Defender,5.69,0.0,0.0,0.0,0.0,0.0,"32,33,66,76,51","RB,CB,CDM,CM,RWB",,,,,https://images.fotmob.com/image_resources/logo/teamlogo/101897.png
5902,Qatar,937414.0,Homam El Amin,1.0,14.0,https://images.fotmob.com/image_resources/playerimages/937414.png,188.0,26.0,1999-08-25,1753,Cultural Leonesa,Defender,5.86,0.0,0.0,0.0,1.0,0.0,"38,87,79,59","LB,LW,LM,LWB",297213.0,,,,https://images.fotmob.com/image_resources/logo/teamlogo/1753.png
5902,Qatar,308921.0,Boualem Khoukhi,1.0,16.0,https://images.fotmob.com/image_resources/playerimages/308921.png,180.0,35.0,1990-07-09,101895,Al-Sadd,Defender,6.02,0.0,0.0,0.0,0.0,0.0,36,CB,384771.0,,,,https://images.fotmob.com/image_resources/logo/teamlogo/101895.png
5902,Qatar,644014.0,Sultan Al Brake,1.0,18.0,https://images.fotmob.com/image_resources/playerimages/644014.png,175.0,30.0,1996-04-07,203826,Al-Duhail SC,Defender,6.17,0.0,0.0,0.0,0.0,0.0,38,LB,254130.0,,,,https://images.fotmob.com/image_resources/logo/teamlogo/203826.png
5902,Qatar,308909.0,Abdulaziz Hatem,2.0,6.0,https://images.fotmob.com/image_resources/playerimages/308909.png,183.0,35.0,1990-10-28,101898,Al-Rayyan,Midfielder,6.36,0.0,0.0,0.0,0.0,0.0,"84,66","CAM,CDM",175234.0,,,,https://images.fotmob.com/image_resources/logo/teamlogo/101898.png
5902,Qatar,898424.0,Ahmed Fathy,2.0,6.0,https://images.fotmob.com/image_resources/playerimages/898424.png,171.0,33.0,1993-01-25,101899,Al-Arabi,Midfielder,6.34,0.0,0.0,0.0,0.0,2.0,"64,74","CDM,CM",208827.0,,,,https://images.fotmob.com/image_resources/logo/teamlogo/101899.png
5902,Qatar,1195865.0,Jassem Gaber,2.0,8.0,https://images.fotmob.com/image_resources/playerimages/1195865.png,181.0,24.0,2002-02-20,101898,Al-Rayyan,Midfielder,5.99,0.0,0.0,0.0,0.0,1.0,"64,73,32","CDM,CM,RB",540621.0,,,,https://images.fotmob.com/image_resources/logo/teamlogo/101898.png
5902,Qatar,309153.0,Karim Boudiaf,2.0,12.0,https://images.fotmob.com/image_resources/playerimages/309153.png,190.0,35.0,1990-09-16,203826,Al-Duhail SC,Midfielder,6.43,0.0,0.0,0.0,0.0,0.0,"64,76","CDM,CM",197278.0,,,,https://images.fotmob.com/image_resources/logo/teamlogo/203826.png
5902,Qatar,615414.0,Assim Madibo,2.0,23.0,https://images.fotmob.com/image_resources/playerimages/615414.png,168.0,29.0,1996-10-22,101901,Al-Wakrah,Midfielder,5.72,0.0,0.0,0.0,1.0,0.0,"64,75","CDM,CM",192857.0,,,,https://images.fotmob.com/image_resources/logo/teamlogo/101901.png
5902,Qatar,1553870.0,Mohammad Al Manai,2.0,26.0,https://images.fotmob.com/image_resources/playerimages/1553870.png,180.0,23.0,2002-10-25,101904,Al-Shamal,Midfielder,5.21,0.0,0.0,0.0,0.0,0.0,"85,66,104","CAM,CDM,ST",516724.0,,,,https://images.fotmob.com/image_resources/logo/teamlogo/101904.png
5902,Qatar,264096.0,Ahmed Alaa,3.0,7.0,https://images.fotmob.com/image_resources/playerimages/264096.png,177.0,33.0,1993-01-31,101898,Al-Rayyan,Attacker,6.24,0.0,0.0,0.0,0.0,0.0,115,ST,364442.0,,,,https://images.fotmob.com/image_resources/logo/teamlogo/101898.png
5902,Qatar,365245.0,Edmílson Junior,3.0,8.0,https://images.fotmob.com/image_resources/playerimages/365245.png,181.0,31.0,1994-08-19,203826,Al-Duhail SC,Attacker,6.46,0.0,0.0,1.0,0.0,0.0,"83,87,72","RW,LW,RM",1024083.0,,,,https://images.fotmob.com/image_resources/logo/teamlogo/203826.png
5902,Qatar,431151.0,Mohammed Muntari,3.0,9.0,https://images.fotmob.com/image_resources/playerimages/431151.png,194.0,32.0,1993-12-20,101897,Al-Gharafa,Attacker,,0.0,0.0,0.0,0.0,0.0,105,ST,221879.0,,,,https://images.fotmob.com/image_resources/logo/teamlogo/101897.png
5902,Qatar,613792.0,Akram Afif,3.0,10.0,https://images.fotmob.com/image_resources/playerimages/613792.png,177.0,29.0,1996-11-18,101895,Al-Sadd,Attacker,6.56,0.0,0.0,0.0,0.0,0.0,"87,105,78","LW,ST,LM",3987922.0,,,,https://images.fotmob.com/image_resources/logo/teamlogo/101895.png
5902,Qatar,117539.0,Hassan Al Haydos,3.0,10.0,https://images.fotmob.com/image_resources/playerimages/117539.png,174.0,35.0,1990-12-11,101895,Al-Sadd,Attacker,7.56,1.0,0.0,0.0,0.0,0.0,82,RW,206771.0,,,,https://images.fotmob.com/image_resources/logo/teamlogo/101895.png
5902,Qatar,1053987.0,Yusuf Abdurisag,3.0,11.0,https://images.fotmob.com/image_resources/playerimages/1053987.png,175.0,26.0,1999-08-06,101901,Al-Wakrah,Attacker,6.39,0.0,0.0,0.0,0.0,0.0,"83,105","RW,ST",277536.0,,,,https://images.fotmob.com/image_resources/logo/teamlogo/101901.png
5902,Qatar,1210913.0,Ahmed Al Ganehi,3.0,17.0,https://images.fotmob.com/image_resources/playerimages/1210913.png,178.0,25.0,2000-09-22,101897,Al-Gharafa,Attacker,6.48,0.0,0.0,0.0,0.0,0.0,"83,85","RW,CAM",354876.0,,,,https://images.fotmob.com/image_resources/logo/teamlogo/101897.png
5902,Qatar,644017.0,Almoez Ali,3.0,19.0,https://images.fotmob.com/image_resources/playerimages/644017.png,180.0,29.0,1996-08-19,203826,Al-Duhail SC,Attacker,5.88,0.0,0.0,0.0,0.0,0.0,106,ST,1439021.0,,,,https://images.fotmob.com/image_resources/logo/teamlogo/203826.png
5902,Qatar,1648351.0,Tahsin Mohammed,3.0,24.0,https://images.fotmob.com/image_resources/playerimages/1648351.png,166.0,20.0,2006-06-16,203826,Al-Duhail SC,Attacker,,0.0,0.0,0.0,0.0,0.0,103,RW,,,,,https://images.fotmob.com/image_resources/logo/teamlogo/203826.png
8256,Brazil,78619.0,Carlo Ancelotti,,,https://images.fotmob.com/image_resources/playerimages/78619.png,,67.0,1959-06-10,ITA,Italy,Coach,,,,,,,,,,,,,https://images.fotmob.com/image_resources/logo/teamlogo/ita.png
8256,Brazil,319784.0,Alisson Becker,0.0,1.0,https://images.fotmob.com/image_resources/playerimages/319784.png,193.0,33.0,1992-10-02,8650,Liverpool,Keeper,6.42,0.0,0.0,0.0,0.0,0.0,11,GK,13450488.0,,,,https://images.fotmob.com/image_resources/logo/teamlogo/8650.png
8256,Brazil,267826.0,Weverton,0.0,12.0,https://images.fotmob.com/image_resources/playerimages/267826.png,189.0,38.0,1987-12-13,9769,Gremio,Keeper,,0.0,0.0,0.0,0.0,0.0,11,GK,838909.0,,,,https://images.fotmob.com/image_resources/logo/teamlogo/9769.png
8256,Brazil,363364.0,Ederson,0.0,23.0,https://images.fotmob.com/image_resources/playerimages/363364.png,188.0,32.0,1993-08-17,8695,Fenerbahçe,Keeper,,0.0,0.0,0.0,0.0,0.0,11,GK,13680689.0,,,,https://images.fotmob.com/image_resources/logo/teamlogo/8695.png
8256,Brazil,795179.0,Gabriel,1.0,3.0,https://images.fotmob.com/image_resources/playerimages/795179.png,190.0,28.0,1997-12-19,9825,Arsenal,Defender,8.38,0.0,0.0,1.0,0.0,0.0,36,CB,79588929.0,,,,https://images.fotmob.com/image_resources/logo/teamlogo/9825.png
8256,Brazil,267365.0,Marquinhos,1.0,4.0,https://images.fotmob.com/image_resources/playerimages/267365.png,183.0,32.0,1994-05-14,9847,Paris Saint-Germain,Defender,7.73,0.0,0.0,0.0,0.0,0.0,34,CB,28326523.0,,,,https://images.fotmob.com/image_resources/logo/teamlogo/9847.png
8256,Brazil,157865.0,Alex Sandro,1.0,6.0,https://images.fotmob.com/image_resources/playerimages/157865.png,180.0,35.0,1991-01-26,9770,Flamengo,Defender,,0.0,0.0,0.0,0.0,0.0,38,LB,1113516.0,,,,https://images.fotmob.com/image_resources/logo/teamlogo/9770.png
8256,Brazil,208077.0,Danilo,1.0,13.0,https://images.fotmob.com/image_resources/playerimages/208077.png,184.0,34.0,1991-07-15,9770,Flamengo,Defender,6.17,0.0,0.0,0.0,0.0,1.0,"34,32","CB,RB",1568994.0,,,,https://images.fotmob.com/image_resources/logo/teamlogo/9770.png
8256,Brazil,857269.0,Gleison Bremer,1.0,14.0,https://images.fotmob.com/image_resources/playerimages/857269.png,188.0,29.0,1997-03-18,9885,Juventus,Defender,,0.0,0.0,0.0,0.0,0.0,35,CB,43676619.0,,,,https://images.fotmob.com/image_resources/logo/teamlogo/9885.png
8256,Brazil,523801.0,Léo Pereira,1.0,15.0,https://images.fotmob.com/image_resources/playerimages/523801.png,186.0,30.0,1996-01-31,9770,Flamengo,Defender,,0.0,0.0,0.0,0.0,0.0,36,CB,8383967.0,,,,https://images.fotmob.com/image_resources/logo/teamlogo/9770.png
8256,Brazil,346000.0,Douglas Santos,1.0,16.0,https://images.fotmob.com/image_resources/playerimages/346000.png,176.0,32.0,1994-03-22,8698,Zenit St. Petersburg,Defender,7.83,0.0,0.0,0.0,0.0,0.0,38,LB,5475956.0,,,,https://images.fotmob.com/image_resources/logo/teamlogo/8698.png
8256,Brazil,862538.0,Roger Ibañez,1.0,24.0,https://images.fotmob.com/image_resources/playerimages/862538.png,185.0,27.0,1998-11-23,2530,Al Ahli,Defender,,0.0,0.0,0.0,0.0,0.0,"36,32","CB,RB",12249684.0,,,,https://images.fotmob.com/image_resources/logo/teamlogo/2530.png
8256,Brazil,957203.0,Éderson,2.0,2.0,https://images.fotmob.com/image_resources/playerimages/957203.png,183.0,26.0,1999-07-07,8524,Atalanta,Midfielder,,0.0,0.0,0.0,0.0,0.0,66,CDM,36936299.0,,,,https://images.fotmob.com/image_resources/logo/teamlogo/8524.png
8256,Brazil,208494.0,Casemiro,2.0,5.0,https://images.fotmob.com/image_resources/playerimages/208494.png,185.0,34.0,1992-02-23,10260,Manchester United,Midfielder,8.49,0.0,0.0,0.0,0.0,1.0,"64,76","CDM,CM",6388185.0,,,,https://images.fotmob.com/image_resources/logo/teamlogo/10260.png
8256,Brazil,850354.0,Bruno Guimarães,2.0,8.0,https://images.fotmob.com/image_resources/playerimages/850354.png,182.0,28.0,1997-11-16,10261,Newcastle United,Midfielder,8.4,0.0,0.0,1.0,0.0,0.0,"73,64,84","CM,CDM,CAM",70064570.0,,,,https://images.fotmob.com/image_resources/logo/teamlogo/10261.png
8256,Brazil,359188.0,Fabinho,2.0,17.0,https://images.fotmob.com/image_resources/playerimages/359188.png,188.0,32.0,1993-10-23,8577,Al Ittihad,Midfielder,,0.0,0.0,0.0,0.0,0.0,"66,77,36","CDM,CM,CB",8702245.0,,,,https://images.fotmob.com/image_resources/logo/teamlogo/8577.png
8256,Brazil,1181700.0,Danilo,2.0,18.0,https://images.fotmob.com/image_resources/playerimages/1181700.png,176.0,25.0,2001-04-29,8517,Botafogo RJ,Midfielder,,0.0,0.0,0.0,0.0,0.0,"66,74,85","CDM,CM,CAM",24693325.0,,,,https://images.fotmob.com/image_resources/logo/teamlogo/8517.png
8256,Brazil,766435.0,Lucas Paquetá,2.0,20.0,https://images.fotmob.com/image_resources/playerimages/766435.png,180.0,28.0,1997-08-27,9770,Flamengo,Midfielder,7.09,0.0,0.0,0.0,0.0,0.0,"85,83,77,66,115,72","CAM,RW,CM,CDM,ST,RM",50171404.0,,,,https://images.fotmob.com/image_resources/logo/teamlogo/9770.png
8256,Brazil,846033.0,Vinícius Júnior,3.0,7.0,https://images.fotmob.com/image_resources/playerimages/846033.png,177.0,25.0,2000-07-12,8633,Real Madrid,Attacker,7.65,0.0,0.0,0.0,0.0,0.0,"107,106,78","LW,ST,LM",100537219.0,,,,https://images.fotmob.com/image_resources/logo/teamlogo/8633.png
8256,Brazil,863098.0,Matheus Cunha,3.0,9.0,https://images.fotmob.com/image_resources/playerimages/863098.png,184.0,27.0,1999-05-27,10260,Manchester United,Attacker,6.57,0.0,0.0,0.0,0.0,0.0,"105,87,86","ST,LW,CAM",72089268.0,,,,https://images.fotmob.com/image_resources/logo/teamlogo/10260.png
8256,Brazil,19533.0,Neymar,3.0,10.0,https://images.fotmob.com/image_resources/playerimages/19533.png,175.0,34.0,1992-02-05,8514,Santos FC,Attacker,,0.0,0.0,0.0,0.0,0.0,"106,85,87","ST,CAM,LW",4525133.0,,,,https://images.fotmob.com/image_resources/logo/teamlogo/8514.png
8256,Brazil,696679.0,Raphinha,3.0,11.0,https://images.fotmob.com/image_resources/playerimages/696679.png,176.0,29.0,1996-12-14,8634,Barcelona,Attacker,,0.0,0.0,0.0,0.0,0.0,"87,85,83,78","LW,CAM,RW,LM",69592545.0,True,42,Early July 2026,https://images.fotmob.com/image_resources/logo/teamlogo/8634.png
8256,Brazil,1406729.0,Endrick,3.0,19.0,https://images.fotmob.com/image_resources/playerimages/1406729.png,173.0,19.0,2006-07-21,9748,Lyon,Attacker,6.03,0.0,0.0,0.0,0.0,0.0,"103,104","RW,ST",39092869.0,,,,https://images.fotmob.com/image_resources/logo/teamlogo/9748.png
8256,Brazil,1176214.0,Luiz Henrique,3.0,21.0,https://images.fotmob.com/image_resources/playerimages/1176214.png,182.0,25.0,2001-01-02,8698,Zenit St. Petersburg,Attacker,,0.0,0.0,0.0,0.0,0.0,"83,87,115,84","RW,LW,ST,CAM",22669277.0,,,,https://images.fotmob.com/image_resources/logo/teamlogo/8698.png
8256,Brazil,1021586.0,Gabriel Martinelli,3.0,22.0,https://images.fotmob.com/image_resources/playerimages/1021586.png,180.0,25.0,2001-06-18,9825,Arsenal,Attacker,7.36,0.0,0.0,0.0,0.0,0.0,107,LW,49665219.0,,,,https://images.fotmob.com/image_resources/logo/teamlogo/9825.png
8256,Brazil,1302005.0,Igor Thiago,3.0,25.0,https://images.fotmob.com/image_resources/playerimages/1302005.png,191.0,25.0,2001-06-26,9937,Brentford,Attacker,,0.0,0.0,0.0,0.0,0.0,115,ST,31637419.0,,,,https://images.fotmob.com/image_resources/logo/teamlogo/9937.png
8256,Brazil,1478295.0,Rayan,3.0,26.0,https://images.fotmob.com/image_resources/playerimages/1478295.png,186.0,19.0,2006-08-03,8678,AFC Bournemouth,Attacker,7.56,0.0,0.0,0.0,0.0,0.0,"83,115,87","RW,ST,LW",24628656.0,,,,https://images.fotmob.com/image_resources/logo/teamlogo/8678.png
6262,Morocco,1816954.0,Mohamed Ouahbi,,,https://images.fotmob.com/image_resources/playerimages/1816954.png,,49.0,1976-09-07,BEL,Belgium,Coach,,,,,,,,,,,,,https://images.fotmob.com/image_resources/logo/teamlogo/bel.png
6262,Morocco,340020.0,Yassine Bounou,0.0,1.0,https://images.fotmob.com/image_resources/playerimages/340020.png,192.0,35.0,1991-04-05,2529,Al Hilal,Keeper,,0.0,0.0,0.0,0.0,0.0,11,GK,2381774.0,,,,https://images.fotmob.com/image_resources/logo/teamlogo/2529.png
6262,Morocco,573787.0,Munir El Kajoui,0.0,12.0,https://images.fotmob.com/image_resources/playerimages/573787.png,190.0,37.0,1989-05-10,316652,RSB Berkane,Keeper,,0.0,0.0,0.0,0.0,0.0,11,GK,388965.0,,,,https://images.fotmob.com/image_resources/logo/teamlogo/316652.png
6262,Morocco,885288.0,Ahmed Reda Tagnaouti,0.0,22.0,https://images.fotmob.com/image_resources/playerimages/885288.png,194.0,30.0,1996-04-05,102035,FAR Rabat,Keeper,,0.0,0.0,0.0,0.0,0.0,11,GK,478587.0,,,,https://images.fotmob.com/image_resources/logo/teamlogo/102035.png
6262,Morocco,770881.0,Achraf Hakimi,1.0,2.0,https://images.fotmob.com/image_resources/playerimages/770881.png,180.0,27.0,1998-11-04,9847,Paris Saint-Germain,Defender,,0.0,0.0,0.0,0.0,0.0,32,RB,81152054.0,,,,https://images.fotmob.com/image_resources/logo/teamlogo/9847.png
6262,Morocco,775539.0,Noussair Mazraoui,1.0,3.0,https://images.fotmob.com/image_resources/playerimages/775539.png,183.0,28.0,1997-11-14,10260,Manchester United,Defender,,0.0,0.0,0.0,0.0,0.0,"38,32,33,62","LB,RB,CB,RWB",23526223.0,,,,https://images.fotmob.com/image_resources/logo/teamlogo/10260.png
6262,Morocco,614912.0,Marwane Saadane,1.0,5.0,https://images.fotmob.com/image_resources/playerimages/614912.png,188.0,34.0,1992-01-17,177356,Al Fateh FC,Defender,,0.0,0.0,0.0,0.0,0.0,"36,64,73","CB,CDM,CM",178673.0,,,,https://images.fotmob.com/image_resources/logo/teamlogo/177356.png
6262,Morocco,1287871.0,Zakaria El Ouahdi,1.0,13.0,https://images.fotmob.com/image_resources/playerimages/1287871.png,171.0,24.0,2001-12-31,9987,Genk,Defender,,0.0,0.0,0.0,0.0,0.0,"32,72","RB,RM",17954534.0,,,,https://images.fotmob.com/image_resources/logo/teamlogo/9987.png
6262,Morocco,696443.0,Issa Diop,1.0,14.0,https://images.fotmob.com/image_resources/playerimages/696443.png,194.0,29.0,1997-01-09,9879,Fulham,Defender,,0.0,0.0,0.0,0.0,0.0,34,CB,11104056.0,,,,https://images.fotmob.com/image_resources/logo/teamlogo/9879.png
6262,Morocco,1187506.0,Chadi Riad,1.0,18.0,https://images.fotmob.com/image_resources/playerimages/1187506.png,186.0,23.0,2003-06-17,9826,Crystal Palace,Defender,,0.0,0.0,0.0,0.0,0.0,37,CB,16805760.0,,,,https://images.fotmob.com/image_resources/logo/teamlogo/9826.png
6262,Morocco,1298186.0,Redouane Halhal,1.0,25.0,https://images.fotmob.com/image_resources/playerimages/1298186.png,189.0,23.0,2003-03-05,8203,KV Mechelen,Defender,,0.0,0.0,0.0,0.0,0.0,35,CB,2195622.0,,,,https://images.fotmob.com/image_resources/logo/teamlogo/8203.png
6262,Morocco,1050838.0,Anass Salah-Eddine,1.0,26.0,https://images.fotmob.com/image_resources/playerimages/1050838.png,181.0,24.0,2002-01-18,8640,PSV Eindhoven,Defender,,0.0,0.0,0.0,0.0,0.0,38,LB,8859048.0,,,,https://images.fotmob.com/image_resources/logo/teamlogo/8640.png
6262,Morocco,909908.0,Youssef Belammari,1.0,28.0,https://images.fotmob.com/image_resources/playerimages/909908.png,175.0,27.0,1998-09-20,101745,Al Ahly SC,Defender,,0.0,0.0,0.0,0.0,0.0,"38,36,78","LB,CB,LM",1208587.0,,,,https://images.fotmob.com/image_resources/logo/teamlogo/101745.png
6262,Morocco,593116.0,Sofyan Amrabat,2.0,4.0,https://images.fotmob.com/image_resources/playerimages/593116.png,185.0,29.0,1996-08-21,8603,Real Betis,Midfielder,,0.0,0.0,0.0,0.0,0.0,"64,75","CDM,CM",12672710.0,,,,https://images.fotmob.com/image_resources/logo/teamlogo/8603.png
6262,Morocco,1561552.0,Ayyoub Bouaddi,2.0,6.0,https://images.fotmob.com/image_resources/playerimages/1561552.png,185.0,18.0,2007-10-02,8639,Lille,Midfielder,,0.0,0.0,0.0,0.0,0.0,"66,76,32","CDM,CM,RB",47991654.0,,,,https://images.fotmob.com/image_resources/logo/teamlogo/8639.png
6262,Morocco,1073143.0,Azzedine Ounahi,2.0,8.0,https://images.fotmob.com/image_resources/playerimages/1073143.png,182.0,26.0,2000-04-19,7732,Girona,Midfielder,,0.0,0.0,0.0,0.0,0.0,"85,77,87","CAM,CM,LW",11075283.0,,,,https://images.fotmob.com/image_resources/logo/teamlogo/7732.png
6262,Morocco,1180288.0,Ismael Saibari,2.0,11.0,https://images.fotmob.com/image_resources/playerimages/1180288.png,185.0,25.0,2001-01-28,8640,PSV Eindhoven,Midfielder,,0.0,0.0,0.0,0.0,0.0,"85,77,115,107","CAM,CM,ST,LW",30396708.0,,,,https://images.fotmob.com/image_resources/logo/teamlogo/8640.png
6262,Morocco,1598170.0,Samir El Mourabet,2.0,15.0,https://images.fotmob.com/image_resources/playerimages/1598170.png,187.0,20.0,2005-10-06,9848,Strasbourg,Midfielder,,0.0,0.0,0.0,0.0,0.0,"64,74","CDM,CM",3830454.0,,,,https://images.fotmob.com/image_resources/logo/teamlogo/9848.png
6262,Morocco,1340895.0,Bilal El Khannouss,2.0,23.0,https://images.fotmob.com/image_resources/playerimages/1340895.png,180.0,22.0,2004-05-10,10269,VfB Stuttgart,Midfielder,,0.0,0.0,0.0,0.0,0.0,"85,83,73,87,105","CAM,RW,CM,LW,ST",40016500.0,,,,https://images.fotmob.com/image_resources/logo/teamlogo/10269.png
6262,Morocco,1274060.0,Neil El Aynaoui,2.0,24.0,https://images.fotmob.com/image_resources/playerimages/1274060.png,185.0,24.0,2001-07-02,8686,Roma,Midfielder,,0.0,0.0,0.0,0.0,0.0,"64,73,84","CDM,CM,CAM",22302155.0,,,,https://images.fotmob.com/image_resources/logo/teamlogo/8686.png
6262,Morocco,988749.0,Soufiane Rahimi,3.0,9.0,https://images.fotmob.com/image_resources/playerimages/988749.png,180.0,30.0,1996-06-02,102117,Al-Ain,Attacker,,0.0,0.0,0.0,0.0,0.0,104,ST,4518842.0,,,,https://images.fotmob.com/image_resources/logo/teamlogo/102117.png
6262,Morocco,750027.0,Brahim Díaz,3.0,10.0,https://images.fotmob.com/image_resources/playerimages/750027.png,170.0,26.0,1999-08-03,8633,Real Madrid,Attacker,,0.0,0.0,0.0,0.0,0.0,"103,104,78,72","RW,ST,LM,RM",34968300.0,,,,https://images.fotmob.com/image_resources/logo/teamlogo/8633.png
6262,Morocco,1603755.0,Gessime Yassine,3.0,16.0,https://images.fotmob.com/image_resources/playerimages/1603755.png,172.0,20.0,2005-11-22,9848,Strasbourg,Attacker,,0.0,0.0,0.0,0.0,0.0,"82,87,78","RW,LW,LM",7332494.0,,,,https://images.fotmob.com/image_resources/logo/teamlogo/9848.png
6262,Morocco,1242587.0,Amine Sbaï,3.0,17.0,https://images.fotmob.com/image_resources/playerimages/1242587.png,175.0,25.0,2000-11-05,8121,Angers,Attacker,,0.0,0.0,0.0,0.0,0.0,"87,106","LW,ST",1737234.0,,,,https://images.fotmob.com/image_resources/logo/teamlogo/8121.png
6262,Morocco,884382.0,Ayoub El Kaabi,3.0,20.0,https://images.fotmob.com/image_resources/playerimages/884382.png,182.0,33.0,1993-06-25,8638,Olympiacos,Attacker,,0.0,0.0,0.0,0.0,0.0,"115,95","ST,CAM",2904697.0,,,,https://images.fotmob.com/image_resources/logo/teamlogo/8638.png
6262,Morocco,1680173.0,Ayoube Amaimouni-Echghouyab,3.0,21.0,https://images.fotmob.com/image_resources/playerimages/1680173.png,179.0,21.0,2004-11-30,9810,Eintracht Frankfurt,Attacker,,0.0,0.0,0.0,0.0,0.0,"83,72,62,104","RW,RM,RWB,ST",1058065.0,,,,https://images.fotmob.com/image_resources/logo/teamlogo/9810.png
6262,Morocco,1368654.0,Chemsdine Talbi,3.0,21.0,https://images.fotmob.com/image_resources/playerimages/1368654.png,175.0,21.0,2005-05-09,8472,Sunderland,Attacker,,0.0,0.0,0.0,0.0,0.0,"103,87,78","RW,LW,LM",29957008.0,,,,https://images.fotmob.com/image_resources/logo/teamlogo/8472.png
8498,Scotland,322080.0,Steve Clarke,,,https://images.fotmob.com/image_resources/playerimages/322080.png,,62.0,1963-08-29,SCO,Scotland,Coach,,,,,,,,,,,,,https://images.fotmob.com/image_resources/logo/teamlogo/sco.png
8498,Scotland,760746.0,Angus Gunn,0.0,1.0,https://images.fotmob.com/image_resources/playerimages/760746.png,196.0,30.0,1996-01-22,10203,Nottingham Forest,Keeper,7.5,0.0,0.0,0.0,0.0,0.0,11,GK,1198824.0,,,,https://images.fotmob.com/image_resources/logo/teamlogo/10203.png
8498,Scotland,445522.0,Liam Kelly,0.0,12.0,https://images.fotmob.com/image_resources/playerimages/445522.png,189.0,30.0,1996-01-23,8548,Rangers,Keeper,,0.0,0.0,0.0,0.0,0.0,11,GK,410713.0,,,,https://images.fotmob.com/image_resources/logo/teamlogo/8548.png
8498,Scotland,32562.0,Craig Gordon,0.0,21.0,https://images.fotmob.com/image_resources/playerimages/32562.png,193.0,43.0,1982-12-31,9860,Hearts,Keeper,,0.0,0.0,0.0,0.0,0.0,11,GK,254417.0,,,,https://images.fotmob.com/image_resources/logo/teamlogo/9860.png
8498,Scotland,1002039.0,Aaron Hickey,1.0,2.0,https://images.fotmob.com/image_resources/playerimages/1002039.png,185.0,24.0,2002-06-10,9937,Brentford,Defender,7.28,0.0,0.0,0.0,0.0,1.0,"32,38","RB,LB",20081316.0,,,,https://images.fotmob.com/image_resources/logo/teamlogo/9937.png
8498,Scotland,357880.0,Andrew Robertson,1.0,3.0,https://images.fotmob.com/image_resources/playerimages/357880.png,178.0,32.0,1994-03-11,8650,Liverpool,Defender,6.67,0.0,0.0,0.0,0.0,1.0,"38,36","LB,CB",10260689.0,,,,https://images.fotmob.com/image_resources/logo/teamlogo/8650.png
8498,Scotland,202180.0,Grant Hanley,1.0,5.0,https://images.fotmob.com/image_resources/playerimages/202180.png,188.0,34.0,1991-11-20,10251,Hibernian,Defender,6.65,0.0,0.0,0.0,0.0,0.0,35,CB,333933.0,,,,https://images.fotmob.com/image_resources/logo/teamlogo/10251.png
8498,Scotland,582499.0,Kieran Tierney,1.0,6.0,https://images.fotmob.com/image_resources/playerimages/582499.png,178.0,29.0,1997-06-05,9925,Celtic,Defender,6.53,0.0,0.0,0.0,0.0,0.0,"38,37","LB,CB",4792817.0,,,,https://images.fotmob.com/image_resources/logo/teamlogo/9925.png
8498,Scotland,640642.0,Jack Hendry,1.0,13.0,https://images.fotmob.com/image_resources/playerimages/640642.png,192.0,31.0,1995-05-07,101915,Al-Ettifaq,Defender,6.42,0.0,0.0,0.0,0.0,0.0,34,CB,1285866.0,,,,https://images.fotmob.com/image_resources/logo/teamlogo/101915.png
8498,Scotland,419207.0,John Souttar,1.0,15.0,https://images.fotmob.com/image_resources/playerimages/419207.png,186.0,29.0,1996-09-25,8548,Rangers,Defender,,0.0,0.0,0.0,0.0,0.0,34,CB,1560756.0,,,,https://images.fotmob.com/image_resources/logo/teamlogo/8548.png
8498,Scotland,694558.0,Dominic Hyam,1.0,16.0,https://images.fotmob.com/image_resources/playerimages/694558.png,188.0,30.0,1995-12-20,9841,Wrexham,Defender,,0.0,0.0,0.0,0.0,0.0,35,CB,1774285.0,,,,https://images.fotmob.com/image_resources/logo/teamlogo/9841.png
8498,Scotland,1112684.0,Nathan Patterson,1.0,22.0,https://images.fotmob.com/image_resources/playerimages/1112684.png,189.0,24.0,2001-10-16,8668,Everton,Defender,6.19,0.0,0.0,0.0,0.0,0.0,32,RB,12588555.0,,,,https://images.fotmob.com/image_resources/logo/teamlogo/8668.png
8498,Scotland,668422.0,Anthony Ralston,1.0,24.0,https://images.fotmob.com/image_resources/playerimages/668422.png,178.0,27.0,1998-11-16,9925,Celtic,Defender,,0.0,0.0,0.0,0.0,0.0,"32,33","RB,CB",928721.0,,,,https://images.fotmob.com/image_resources/logo/teamlogo/9925.png
8498,Scotland,551805.0,Scott McKenna,1.0,26.0,https://images.fotmob.com/image_resources/playerimages/551805.png,188.0,29.0,1996-11-12,10156,Dinamo Zagreb,Defender,4.53,0.0,0.0,0.0,0.0,0.0,36,CB,2321349.0,,,,https://images.fotmob.com/image_resources/logo/teamlogo/10156.png
8498,Scotland,843099.0,Scott McTominay,2.0,4.0,https://images.fotmob.com/image_resources/playerimages/843099.png,193.0,29.0,1996-12-08,9875,Napoli,Midfielder,6.61,0.0,0.0,0.0,0.0,0.0,"66,86,88,77","CDM,CAM,LW,CM",44947055.0,,,,https://images.fotmob.com/image_resources/logo/teamlogo/9875.png
8498,Scotland,1676985.0,Tyler Fletcher,2.0,8.0,https://images.fotmob.com/image_resources/playerimages/1676985.png,183.0,19.0,2007-03-19,1070257,Manchester United U21,Midfielder,,0.0,0.0,0.0,0.0,0.0,"64,75,85","CDM,CM,CAM",,,,,https://images.fotmob.com/image_resources/logo/teamlogo/1070257.png
8498,Scotland,439369.0,Ryan Christie,2.0,11.0,https://images.fotmob.com/image_resources/playerimages/439369.png,178.0,31.0,1995-02-22,8678,AFC Bournemouth,Midfielder,6.14,0.0,0.0,0.0,0.0,1.0,"66,85,78","CDM,CAM,LM",9355586.0,,,,https://images.fotmob.com/image_resources/logo/teamlogo/8678.png
8498,Scotland,888921.0,Lewis Ferguson,2.0,19.0,https://images.fotmob.com/image_resources/playerimages/888921.png,181.0,26.0,1999-08-24,9857,Bologna,Midfielder,6.97,0.0,0.0,0.0,0.0,0.0,"66,73,85","CDM,CM,CAM",19154531.0,,,,https://images.fotmob.com/image_resources/logo/teamlogo/9857.png
8498,Scotland,190851.0,Kenny McLean,2.0,23.0,https://images.fotmob.com/image_resources/playerimages/190851.png,183.0,34.0,1992-01-08,9850,Norwich City,Midfielder,5.94,0.0,0.0,0.0,0.0,1.0,"64,76,38,83","CDM,CM,LB,RW",579476.0,,,,https://images.fotmob.com/image_resources/logo/teamlogo/9850.png
8498,Scotland,1558461.0,Findlay Curtis,2.0,25.0,https://images.fotmob.com/image_resources/playerimages/1558461.png,180.0,19.0,2006-10-01,8548,Rangers,Midfielder,,0.0,0.0,0.0,0.0,1.0,"107,72,84,78,32,63","LW,RM,CAM,LM,RB,CDM",1504006.0,,,,https://images.fotmob.com/image_resources/logo/teamlogo/8548.png
8498,Scotland,356406.0,John McGinn,3.0,7.0,https://images.fotmob.com/image_resources/playerimages/356406.png,175.0,31.0,1994-10-18,10252,Aston Villa,Attacker,6.56,1.0,0.0,0.0,0.0,0.0,"83,64,85,87,72","RW,CDM,CAM,LW,RM",17594074.0,,,,https://images.fotmob.com/image_resources/logo/teamlogo/10252.png
8498,Scotland,768635.0,Lyndon Dykes,3.0,9.0,https://images.fotmob.com/image_resources/playerimages/768635.png,188.0,30.0,1995-10-07,8451,Charlton Athletic,Attacker,6.05,0.0,0.0,0.0,0.0,0.0,106,ST,831445.0,,,,https://images.fotmob.com/image_resources/logo/teamlogo/8451.png
8498,Scotland,599353.0,Ché Adams,3.0,10.0,https://images.fotmob.com/image_resources/playerimages/599353.png,178.0,29.0,1996-07-13,9804,Torino,Attacker,6.21,0.0,0.0,0.0,0.0,0.0,"106,85","ST,CAM",8974033.0,,,,https://images.fotmob.com/image_resources/logo/teamlogo/9804.png
8498,Scotland,776159.0,Ross Stewart,3.0,14.0,https://images.fotmob.com/image_resources/playerimages/776159.png,188.0,29.0,1996-07-11,8466,Southampton,Attacker,,0.0,0.0,0.0,0.0,0.0,115,ST,1610409.0,,,,https://images.fotmob.com/image_resources/logo/teamlogo/8466.png
8498,Scotland,1324871.0,Ben Gannon-Doak,3.0,17.0,https://images.fotmob.com/image_resources/playerimages/1324871.png,176.0,20.0,2005-11-11,8678,AFC Bournemouth,Attacker,6.26,0.0,0.0,0.0,0.0,0.0,"83,72","RW,RM",21525490.0,,,,https://images.fotmob.com/image_resources/logo/teamlogo/8678.png
8498,Scotland,750033.0,George Hirst,3.0,18.0,https://images.fotmob.com/image_resources/playerimages/750033.png,191.0,27.0,1999-02-15,9902,Ipswich Town,Attacker,,0.0,0.0,0.0,0.0,0.0,115,ST,8868208.0,,,,https://images.fotmob.com/image_resources/logo/teamlogo/9902.png
8498,Scotland,317544.0,Lawrence Shankland,3.0,20.0,https://images.fotmob.com/image_resources/playerimages/317544.png,185.0,30.0,1995-08-10,9860,Hearts,Attacker,6.58,0.0,0.0,0.0,0.0,0.0,104,ST,2184320.0,,,,https://images.fotmob.com/image_resources/logo/teamlogo/9860.png
5934,Haiti,878257.0,Sébastien Migné,,,https://images.fotmob.com/image_resources/playerimages/878257.png,,53.0,1972-11-30,FRA,France,Coach,,,,,,,,,,,,,https://images.fotmob.com/image_resources/logo/teamlogo/fra.png
5934,Haiti,103468.0,Johny Placide,0.0,1.0,https://images.fotmob.com/image_resources/playerimages/103468.png,181.0,38.0,1988-01-29,7794,SC Bastia,Keeper,5.99,0.0,0.0,0.0,0.0,1.0,11,GK,197911.0,,,,https://images.fotmob.com/image_resources/logo/teamlogo/7794.png
5934,Haiti,1209244.0,Alexandre Pierre,0.0,12.0,https://images.fotmob.com/image_resources/playerimages/1209244.png,190.0,25.0,2001-02-25,9874,Sochaux,Keeper,,0.0,0.0,0.0,0.0,0.0,11,GK,310653.0,,,,https://images.fotmob.com/image_resources/logo/teamlogo/9874.png
5934,Haiti,899023.0,Josué Duverger,0.0,23.0,https://images.fotmob.com/image_resources/playerimages/899023.png,183.0,26.0,2000-04-27,HAI,Haiti,Keeper,,0.0,0.0,0.0,0.0,0.0,11,GK,,,,,https://images.fotmob.com/image_resources/logo/teamlogo/hai.png
5934,Haiti,634110.0,Carlens Arcus,1.0,2.0,https://images.fotmob.com/image_resources/playerimages/634110.png,180.0,30.0,1996-06-28,8121,Angers,Defender,5.66,0.0,0.0,0.0,0.0,1.0,"32,33","RB,CB",1291164.0,,,,https://images.fotmob.com/image_resources/logo/teamlogo/8121.png
5934,Haiti,1807873.0,Keeto Thermoncy,1.0,3.0,https://images.fotmob.com/image_resources/playerimages/1807873.png,179.0,20.0,2006-03-29,4641,Young Boys II,Defender,,0.0,0.0,0.0,0.0,0.0,,,298631.0,,,,https://images.fotmob.com/image_resources/logo/teamlogo/4641.png
5934,Haiti,532700.0,Ricardo Adé,1.0,4.0,https://images.fotmob.com/image_resources/playerimages/532700.png,190.0,36.0,1990-05-21,6721,LDU de Quito,Defender,6.33,0.0,0.0,0.0,0.0,0.0,35,CB,343192.0,,,,https://images.fotmob.com/image_resources/logo/teamlogo/6721.png
5934,Haiti,822716.0,Hannes Delcroix,1.0,5.0,https://images.fotmob.com/image_resources/playerimages/822716.png,185.0,27.0,1999-02-28,7896,Lugano,Defender,5.89,0.0,0.0,0.0,0.0,0.0,37,CB,1077203.0,,,,https://images.fotmob.com/image_resources/logo/teamlogo/7896.png
5934,Haiti,1107287.0,Carl Sainté,1.0,6.0,https://images.fotmob.com/image_resources/playerimages/1107287.png,182.0,23.0,2002-08-09,1003209,El Paso Locomotive FC,Defender,,0.0,0.0,0.0,0.0,0.0,"36,65,85","CB,CDM,CAM",69402.0,,,,https://images.fotmob.com/image_resources/logo/teamlogo/1003209.png
5934,Haiti,1181438.0,Martin Expérience,1.0,8.0,https://images.fotmob.com/image_resources/playerimages/1181438.png,178.0,27.0,1999-03-09,8481,Nancy,Defender,6.15,0.0,0.0,0.0,0.0,0.0,"59,38,78,88","LWB,LB,LM,LW",181297.0,,,,https://images.fotmob.com/image_resources/logo/teamlogo/8481.png
5934,Haiti,649744.0,Duke Lacroix,1.0,13.0,https://images.fotmob.com/image_resources/playerimages/649744.png,175.0,32.0,1993-10-14,614321,Colorado Springs Switchbacks FC,Defender,,0.0,0.0,0.0,0.0,0.0,"38,36,32","LB,CB,RB",50000.0,,,,https://images.fotmob.com/image_resources/logo/teamlogo/614321.png
5934,Haiti,1286428.0,Garven Metusala,1.0,14.0,https://images.fotmob.com/image_resources/playerimages/1286428.png,186.0,26.0,1999-12-31,614321,Colorado Springs Switchbacks FC,Defender,,0.0,0.0,0.0,0.0,0.0,36,CB,60507.0,,,,https://images.fotmob.com/image_resources/logo/teamlogo/614321.png
5934,Haiti,769168.0,Jean-Kévin Duverne,1.0,22.0,https://images.fotmob.com/image_resources/playerimages/769168.png,184.0,28.0,1997-07-12,9991,Gent,Defender,6.3,0.0,0.0,1.0,0.0,0.0,"33,32,62,71","CB,RB,RWB,RM",1470649.0,,,,https://images.fotmob.com/image_resources/logo/teamlogo/9991.png
5934,Haiti,769166.0,Jean-Ricner Bellegarde,2.0,10.0,https://images.fotmob.com/image_resources/playerimages/769166.png,170.0,28.0,1998-06-27,8602,Wolverhampton Wanderers,Midfielder,6.58,0.0,0.0,0.0,0.0,1.0,"73,84,107,66","CM,CAM,LW,CDM",17622910.0,,,,https://images.fotmob.com/image_resources/logo/teamlogo/8602.png
5934,Haiti,1079194.0,Don Deedson Louicius,2.0,11.0,https://images.fotmob.com/image_resources/playerimages/1079194.png,178.0,25.0,2001-02-11,6399,FC Dallas,Midfielder,6.12,0.0,0.0,0.0,0.0,0.0,"68,72","LWB,RM",,,,,https://images.fotmob.com/image_resources/logo/teamlogo/6399.png
5934,Haiti,1329461.0,Danley Jean Jacques,2.0,17.0,https://images.fotmob.com/image_resources/playerimages/1329461.png,180.0,26.0,2000-05-20,191716,Philadelphia Union,Midfielder,6.86,0.0,0.0,0.0,0.0,1.0,"74,64,72","CM,CDM,RM",1875338.0,,,,https://images.fotmob.com/image_resources/logo/teamlogo/191716.png
5934,Haiti,1199382.0,Josué Casimir,2.0,21.0,https://images.fotmob.com/image_resources/playerimages/1199382.png,178.0,24.0,2001-09-24,8583,Auxerre,Midfielder,5.76,0.0,0.0,0.0,0.0,1.0,"72,103,51,85","RM,RW,RWB,CAM",4408300.0,,,,https://images.fotmob.com/image_resources/logo/teamlogo/8583.png
5934,Haiti,1394254.0,Wilguens Paugain,2.0,24.0,https://images.fotmob.com/image_resources/playerimages/1394254.png,180.0,24.0,2001-08-24,10000,Zulte Waregem,Midfielder,,0.0,0.0,0.0,0.0,0.0,"62,32,72","RWB,RB,RM",471074.0,,,,https://images.fotmob.com/image_resources/logo/teamlogo/10000.png
5934,Haiti,1356595.0,Dominique Simon,2.0,25.0,https://images.fotmob.com/image_resources/playerimages/1356595.png,179.0,25.0,2000-07-29,8010,Tatran Presov,Midfielder,6.49,0.0,0.0,0.0,0.0,0.0,"73,106,66","CM,ST,CDM",143429.0,,,,https://images.fotmob.com/image_resources/logo/teamlogo/8010.png
5934,Haiti,1447452.0,Olivier Pierre,2.0,26.0,https://images.fotmob.com/image_resources/playerimages/1447452.png,175.0,21.0,2004-12-30,911047,Real Hope FA,Midfielder,,0.0,0.0,0.0,0.0,0.0,77,CM,,,,,https://images.fotmob.com/image_resources/logo/teamlogo/911047.png
5934,Haiti,643482.0,Derrick Etienne,3.0,7.0,https://images.fotmob.com/image_resources/playerimages/643482.png,178.0,29.0,1996-11-25,56453,Toronto FC,Attacker,,0.0,0.0,0.0,0.0,0.0,"105,87,78","ST,LW,LM",317306.0,,,,https://images.fotmob.com/image_resources/logo/teamlogo/56453.png
5934,Haiti,525445.0,Duckens Nazon,3.0,9.0,https://images.fotmob.com/image_resources/playerimages/525445.png,181.0,32.0,1994-04-07,101614,Esteghlal,Attacker,6.3,0.0,0.0,0.0,0.0,1.0,106,ST,585685.0,True,121,Doubtful,https://images.fotmob.com/image_resources/logo/teamlogo/101614.png
5934,Haiti,1200016.0,Ruben Providence,3.0,15.0,https://images.fotmob.com/image_resources/playerimages/1200016.png,178.0,24.0,2001-07-07,4116,Almere City FC,Attacker,6.4,0.0,0.0,0.0,0.0,0.0,"87,78,83","LW,LM,RW",277468.0,,,,https://images.fotmob.com/image_resources/logo/teamlogo/4116.png
5934,Haiti,1242314.0,Lenny Joseph,3.0,16.0,https://images.fotmob.com/image_resources/playerimages/1242314.png,183.0,25.0,2000-10-12,8222,Ferencvaros,Attacker,5.9,0.0,0.0,0.0,0.0,0.0,"106,86,83","ST,CAM,RW",1137797.0,,,,https://images.fotmob.com/image_resources/logo/teamlogo/8222.png
5934,Haiti,887703.0,Wilson Isidor,3.0,18.0,https://images.fotmob.com/image_resources/playerimages/887703.png,180.0,25.0,2000-08-27,8472,Sunderland,Attacker,6.44,1.0,0.0,0.0,0.0,0.0,"115,85","ST,CAM",21644484.0,,,,https://images.fotmob.com/image_resources/logo/teamlogo/8472.png
5934,Haiti,759569.0,Yassin Fortuné,3.0,19.0,https://images.fotmob.com/image_resources/playerimages/759569.png,185.0,27.0,1999-01-30,4531,Vizela,Attacker,,0.0,0.0,0.0,0.0,0.0,"115,103","ST,RW",300830.0,,,,https://images.fotmob.com/image_resources/logo/teamlogo/4531.png
5934,Haiti,833641.0,Frantzdy Pierrot,3.0,20.0,https://images.fotmob.com/image_resources/playerimages/833641.png,194.0,31.0,1995-03-29,2166,Rizespor,Attacker,5.9,0.0,0.0,0.0,0.0,1.0,115,ST,1412751.0,,,,https://images.fotmob.com/image_resources/logo/teamlogo/2166.png
6713,United States,37915.0,Mauricio Pochettino,,,https://images.fotmob.com/image_resources/playerimages/37915.png,,54.0,1972-03-02,ARG,Argentina,Coach,,,,,,,,,,,,,https://images.fotmob.com/image_resources/logo/teamlogo/arg.png
6713,United States,729988.0,Matt Turner,0.0,1.0,https://images.fotmob.com/image_resources/playerimages/729988.png,190.0,32.0,1994-06-24,6580,New England Revolution,Keeper,,0.0,0.0,0.0,0.0,0.0,11,GK,1499611.0,,,,https://images.fotmob.com/image_resources/logo/teamlogo/6580.png
6713,United States,1026065.0,Matt Freese,0.0,24.0,https://images.fotmob.com/image_resources/playerimages/1026065.png,191.0,27.0,1998-09-02,546238,New York City FC,Keeper,,0.0,0.0,0.0,0.0,0.0,11,GK,1413830.0,,,,https://images.fotmob.com/image_resources/logo/teamlogo/546238.png
6713,United States,1245998.0,Chris Brady,0.0,25.0,https://images.fotmob.com/image_resources/playerimages/1245998.png,190.0,22.0,2004-03-03,6397,Chicago Fire FC,Keeper,,0.0,0.0,0.0,0.0,0.0,11,GK,2222301.0,,,,https://images.fotmob.com/image_resources/logo/teamlogo/6397.png
6713,United States,892816.0,Sergiño Dest,1.0,2.0,https://images.fotmob.com/image_resources/playerimages/892816.png,170.0,25.0,2000-11-03,8640,PSV Eindhoven,Defender,,0.0,0.0,0.0,0.0,0.0,"32,38,71,83,62","RB,LB,RM,RW,RWB",19406643.0,,,,https://images.fotmob.com/image_resources/logo/teamlogo/8640.png
6713,United States,950829.0,Chris Richards,1.0,3.0,https://images.fotmob.com/image_resources/playerimages/950829.png,188.0,26.0,2000-03-28,9826,Crystal Palace,Defender,,0.0,0.0,0.0,0.0,0.0,33,CB,21463962.0,,,,https://images.fotmob.com/image_resources/logo/teamlogo/9826.png
6713,United States,662428.0,Antonee Robinson,1.0,5.0,https://images.fotmob.com/image_resources/playerimages/662428.png,183.0,28.0,1997-08-08,9879,Fulham,Defender,,0.0,0.0,0.0,0.0,0.0,"38,68,78","LB,LWB,LM",32167890.0,,,,https://images.fotmob.com/image_resources/logo/teamlogo/9879.png
6713,United States,688271.0,Auston Trusty,1.0,6.0,https://images.fotmob.com/image_resources/playerimages/688271.png,188.0,27.0,1998-08-12,9925,Celtic,Defender,,0.0,0.0,0.0,0.0,0.0,34,CB,5707032.0,,,,https://images.fotmob.com/image_resources/logo/teamlogo/9925.png
6713,United States,825623.0,Miles Robinson,1.0,12.0,https://images.fotmob.com/image_resources/playerimages/825623.png,188.0,29.0,1997-03-14,722265,FC Cincinnati,Defender,,0.0,0.0,0.0,0.0,0.0,35,CB,1996919.0,,,,https://images.fotmob.com/image_resources/logo/teamlogo/722265.png
6713,United States,198444.0,Tim Ream,1.0,13.0,https://images.fotmob.com/image_resources/playerimages/198444.png,186.0,38.0,1987-10-05,1323940,Charlotte FC,Defender,,0.0,0.0,0.0,0.0,0.0,36,CB,72000.0,,,,https://images.fotmob.com/image_resources/logo/teamlogo/1323940.png
6713,United States,1338696.0,Alex Freeman,1.0,16.0,https://images.fotmob.com/image_resources/playerimages/1338696.png,188.0,21.0,2004-08-09,10205,Villarreal,Defender,,0.0,0.0,0.0,0.0,0.0,"32,33","RB,CB",2557650.0,,,,https://images.fotmob.com/image_resources/logo/teamlogo/10205.png
6713,United States,924485.0,Mark McKenzie,1.0,22.0,https://images.fotmob.com/image_resources/playerimages/924485.png,184.0,27.0,1999-02-25,9941,Toulouse,Defender,,0.0,0.0,0.0,0.0,0.0,33,CB,6456437.0,,,,https://images.fotmob.com/image_resources/logo/teamlogo/9941.png
6713,United States,959696.0,Joseph Scally,1.0,23.0,https://images.fotmob.com/image_resources/playerimages/959696.png,178.0,23.0,2002-12-31,9788,Borussia Mönchengladbach,Defender,,0.0,0.0,0.0,0.0,0.0,"62,32,33,71","RWB,RB,CB,RM",10744181.0,,,,https://images.fotmob.com/image_resources/logo/teamlogo/9788.png
6713,United States,729769.0,Tyler Adams,2.0,4.0,https://images.fotmob.com/image_resources/playerimages/729769.png,175.0,27.0,1999-02-14,8678,AFC Bournemouth,Midfielder,,0.0,0.0,0.0,0.0,0.0,"64,74","CDM,CM",26965703.0,,,,https://images.fotmob.com/image_resources/logo/teamlogo/8678.png
6713,United States,1071179.0,Giovanni Reyna,2.0,7.0,https://images.fotmob.com/image_resources/playerimages/1071179.png,183.0,23.0,2002-11-13,9788,Borussia Mönchengladbach,Midfielder,,0.0,0.0,0.0,0.0,0.0,"86,77","CAM,CM",7954675.0,,,,https://images.fotmob.com/image_resources/logo/teamlogo/9788.png
6713,United States,848266.0,Weston McKennie,2.0,8.0,https://images.fotmob.com/image_resources/playerimages/848266.png,185.0,27.0,1998-08-28,9885,Juventus,Midfielder,,0.0,0.0,0.0,0.0,0.0,"62,85,103,73,64,72,68","RWB,CAM,RW,CM,CDM,RM,LWB",19089158.0,,,,https://images.fotmob.com/image_resources/logo/teamlogo/9885.png
6713,United States,952322.0,Brenden Aaronson,2.0,11.0,https://images.fotmob.com/image_resources/playerimages/952322.png,178.0,25.0,2000-10-22,8463,Leeds United,Midfielder,,0.0,0.0,0.0,0.0,0.0,"103,84,73,106,78","RW,CAM,CM,ST,LM",20781879.0,,,,https://images.fotmob.com/image_resources/logo/teamlogo/8463.png
6713,United States,1136096.0,Sebastian Berhalter,2.0,14.0,https://images.fotmob.com/image_resources/playerimages/1136096.png,175.0,25.0,2001-05-17,307691,Vancouver Whitecaps,Midfielder,,0.0,0.0,0.0,0.0,0.0,"64,73,83","CDM,CM,RW",3030298.0,,,,https://images.fotmob.com/image_resources/logo/teamlogo/307691.png
6713,United States,621946.0,Cristian Roldan,2.0,15.0,https://images.fotmob.com/image_resources/playerimages/621946.png,173.0,31.0,1995-06-03,130394,Seattle Sounders FC,Midfielder,,0.0,0.0,0.0,0.0,0.0,"66,76","CDM,CM",1928900.0,True,87,Doubtful,https://images.fotmob.com/image_resources/logo/teamlogo/130394.png
6713,United States,1126058.0,Malik Tillman,2.0,17.0,https://images.fotmob.com/image_resources/playerimages/1126058.png,187.0,24.0,2002-05-28,8178,Bayer Leverkusen,Midfielder,,0.0,0.0,0.0,0.0,0.0,"84,64,107","CAM,CDM,LW",34469753.0,,,,https://images.fotmob.com/image_resources/logo/teamlogo/8178.png
6713,United States,1348329.0,Max Arfsten,2.0,18.0,https://images.fotmob.com/image_resources/playerimages/1348329.png,185.0,25.0,2001-04-19,6001,Columbus Crew,Midfielder,,0.0,0.0,0.0,0.0,0.0,"68,78,38,72","LWB,LM,LB,RM",2827167.0,,,,https://images.fotmob.com/image_resources/logo/teamlogo/6001.png
6713,United States,889536.0,Timothy Weah,2.0,21.0,https://images.fotmob.com/image_resources/playerimages/889536.png,183.0,26.0,2000-02-22,8592,Marseille,Midfielder,,0.0,0.0,0.0,0.0,0.0,"62,32,87,72","RWB,RB,LW,RM",22648889.0,,,,https://images.fotmob.com/image_resources/logo/teamlogo/8592.png
6713,United States,1036401.0,Ricardo Pepi,3.0,9.0,https://images.fotmob.com/image_resources/playerimages/1036401.png,185.0,23.0,2003-01-09,8640,PSV Eindhoven,Attacker,,0.0,0.0,0.0,0.0,0.0,115,ST,26200000.0,,,,https://images.fotmob.com/image_resources/logo/teamlogo/8640.png
6713,United States,688295.0,Christian Pulisic,3.0,10.0,https://images.fotmob.com/image_resources/playerimages/688295.png,178.0,27.0,1998-09-18,8564,Milan,Attacker,,0.0,0.0,0.0,0.0,0.0,"104,107","ST,LW",44558052.0,,,,https://images.fotmob.com/image_resources/logo/teamlogo/8564.png
6713,United States,848268.0,Haji Wright,3.0,19.0,https://images.fotmob.com/image_resources/playerimages/848268.png,193.0,28.0,1998-03-27,8669,Coventry City,Attacker,,0.0,0.0,0.0,0.0,0.0,115,ST,12167380.0,,,,https://images.fotmob.com/image_resources/logo/teamlogo/8669.png
6713,United States,982677.0,Folarin Balogun,3.0,20.0,https://images.fotmob.com/image_resources/playerimages/982677.png,179.0,24.0,2001-07-03,9829,Monaco,Attacker,,0.0,0.0,0.0,0.0,0.0,105,ST,23772012.0,,,,https://images.fotmob.com/image_resources/logo/teamlogo/9829.png
6713,United States,621882.0,Alex Zendejas,3.0,26.0,https://images.fotmob.com/image_resources/playerimages/621882.png,173.0,28.0,1998-02-07,6576,CF America,Attacker,,0.0,0.0,0.0,0.0,0.0,"83,85,107","RW,CAM,LW",9703820.0,,,,https://images.fotmob.com/image_resources/logo/teamlogo/6576.png
6716,Australia,34482.0,Tony Popovic,,,https://images.fotmob.com/image_resources/playerimages/34482.png,194.0,52.0,1973-07-04,AUS,Australia,Coach,,,,,,,,,,,,,https://images.fotmob.com/image_resources/logo/teamlogo/aus.png
6716,Australia,185644.0,Mathew Ryan,0.0,1.0,https://images.fotmob.com/image_resources/playerimages/185644.png,184.0,34.0,1992-04-08,8581,Levante,Keeper,,0.0,0.0,0.0,0.0,0.0,11,GK,1809548.0,,,,https://images.fotmob.com/image_resources/logo/teamlogo/8581.png
6716,Australia,302176.0,Paul Izzo,0.0,12.0,https://images.fotmob.com/image_resources/playerimages/302176.png,185.0,31.0,1995-01-06,8410,Randers FC,Keeper,,0.0,0.0,0.0,0.0,0.0,11,GK,550188.0,,,,https://images.fotmob.com/image_resources/logo/teamlogo/8410.png
6716,Australia,1335765.0,Patrick Beach,0.0,18.0,https://images.fotmob.com/image_resources/playerimages/1335765.png,190.0,22.0,2003-08-06,203576,Melbourne City FC,Keeper,7.7,0.0,0.0,0.0,0.0,0.0,11,GK,1287994.0,,,,https://images.fotmob.com/image_resources/logo/teamlogo/203576.png
6716,Australia,416124.0,Milos Degenek,1.0,2.0,https://images.fotmob.com/image_resources/playerimages/416124.png,187.0,32.0,1994-04-28,8621,APOEL Nicosia,Defender,,0.0,0.0,0.0,0.0,0.0,35,CB,192918.0,,,,https://images.fotmob.com/image_resources/logo/teamlogo/8621.png
6716,Australia,1318686.0,Alessandro Circati,1.0,3.0,https://images.fotmob.com/image_resources/playerimages/1318686.png,190.0,22.0,2003-10-10,10167,Parma,Defender,7.18,0.0,0.0,0.0,0.0,1.0,33,CB,13897427.0,,,,https://images.fotmob.com/image_resources/logo/teamlogo/10167.png
6716,Australia,1316930.0,Jordan Bos,1.0,5.0,https://images.fotmob.com/image_resources/playerimages/1316930.png,180.0,23.0,2002-10-29,10235,Feyenoord,Defender,6.92,0.0,0.0,0.0,0.0,1.0,"38,59,87","LB,LWB,LW",8656027.0,,,,https://images.fotmob.com/image_resources/logo/teamlogo/10235.png
6716,Australia,418799.0,Jason Geria,1.0,6.0,https://images.fotmob.com/image_resources/playerimages/418799.png,184.0,33.0,1993-05-10,4425,Albirex Niigata,Defender,6.28,0.0,0.0,0.0,0.0,0.0,34,CB,292346.0,,,,https://images.fotmob.com/image_resources/logo/teamlogo/4425.png
6716,Australia,192735.0,Aziz Behich,1.0,16.0,https://images.fotmob.com/image_resources/playerimages/192735.png,170.0,35.0,1990-12-16,203576,Melbourne City FC,Defender,6.9,0.0,0.0,0.0,0.0,0.0,"38,68","LB,LWB",287397.0,,,,https://images.fotmob.com/image_resources/logo/teamlogo/203576.png
6716,Australia,671518.0,Harry Souttar,1.0,19.0,https://images.fotmob.com/image_resources/playerimages/671518.png,198.0,27.0,1998-10-22,8197,Leicester City,Defender,6.93,0.0,0.0,0.0,0.0,1.0,35,CB,3788181.0,,,,https://images.fotmob.com/image_resources/logo/teamlogo/8197.png
6716,Australia,564842.0,Cameron Burgess,1.0,21.0,https://images.fotmob.com/image_resources/playerimages/564842.png,194.0,30.0,1995-10-21,10003,Swansea City,Defender,6.02,0.0,0.0,0.0,0.0,0.0,36,CB,1405140.0,,,,https://images.fotmob.com/image_resources/logo/teamlogo/10003.png
6716,Australia,1686118.0,Lucas Herrington,1.0,25.0,https://images.fotmob.com/image_resources/playerimages/1686118.png,192.0,18.0,2007-09-05,8314,Colorado Rapids,Defender,7.12,0.0,0.0,0.0,0.0,0.0,36,CB,1595503.0,,,,https://images.fotmob.com/image_resources/logo/teamlogo/8314.png
6716,Australia,889093.0,Jacob Italiano,2.0,4.0,https://images.fotmob.com/image_resources/playerimages/889093.png,177.0,24.0,2001-07-30,10012,Grazer AK,Midfielder,6.65,0.0,0.0,0.0,0.0,1.0,"86,51,68,78,88","CAM,RWB,LWB,LM,LW",325156.0,True,87,Mid July 2026,https://images.fotmob.com/image_resources/logo/teamlogo/10012.png
6716,Australia,185014.0,Matthew Leckie,2.0,7.0,https://images.fotmob.com/image_resources/playerimages/185014.png,181.0,35.0,1991-02-04,203576,Melbourne City FC,Midfielder,6.12,0.0,0.0,0.0,0.0,0.0,"73,66,72","CM,CDM,RM",151231.0,True,42,Mid July 2026,https://images.fotmob.com/image_resources/logo/teamlogo/203576.png
6716,Australia,885870.0,Connor Metcalfe,2.0,8.0,https://images.fotmob.com/image_resources/playerimages/885870.png,178.0,26.0,1999-11-05,8152,St. Pauli,Midfielder,7.06,1.0,0.0,0.0,0.0,0.0,"72,84,78,66","RM,CAM,LM,CDM",1244292.0,,,,https://images.fotmob.com/image_resources/logo/teamlogo/8152.png
6716,Australia,675762.0,Ajdin Hrustic,2.0,10.0,https://images.fotmob.com/image_resources/playerimages/675762.png,183.0,29.0,1996-07-05,9791,Heracles,Midfielder,6.39,0.0,0.0,0.0,0.0,0.0,"74,64,85","CM,CDM,CAM",340914.0,,,,https://images.fotmob.com/image_resources/logo/teamlogo/9791.png
6716,Australia,785377.0,Aiden O'Neill,2.0,13.0,https://images.fotmob.com/image_resources/playerimages/785377.png,178.0,27.0,1998-07-04,546238,New York City FC,Midfielder,7.26,0.0,0.0,0.0,0.0,0.0,"64,74","CDM,CM",1837628.0,,,,https://images.fotmob.com/image_resources/logo/teamlogo/546238.png
6716,Australia,970544.0,Cameron Devlin,2.0,14.0,https://images.fotmob.com/image_resources/playerimages/970544.png,170.0,28.0,1998-06-07,9860,Hearts,Midfielder,,0.0,0.0,0.0,0.0,0.0,"76,66","CM,CDM",930644.0,,,,https://images.fotmob.com/image_resources/logo/teamlogo/9860.png
6716,Australia,1101030.0,Kai Trewin,2.0,15.0,https://images.fotmob.com/image_resources/playerimages/1101030.png,179.0,25.0,2001-05-18,546238,New York City FC,Midfielder,,0.0,0.0,0.0,0.0,0.0,"66,36,75,62","CDM,CB,CM,RWB",1019028.0,,,,https://images.fotmob.com/image_resources/logo/teamlogo/546238.png
6716,Australia,1327214.0,Nestory Irankunda,2.0,17.0,https://images.fotmob.com/image_resources/playerimages/1327214.png,175.0,20.0,2006-02-09,9817,Watford,Midfielder,6.72,1.0,0.0,0.0,0.0,0.0,"106,72,78,88","ST,RM,LM,LW",11052038.0,,,,https://images.fotmob.com/image_resources/logo/teamlogo/9817.png
6716,Australia,369742.0,Jackson Irvine,2.0,22.0,https://images.fotmob.com/image_resources/playerimages/369742.png,180.0,33.0,1993-03-07,8152,St. Pauli,Midfielder,6.48,0.0,0.0,0.0,0.0,1.0,"66,76","CDM,CM",1221271.0,,,,https://images.fotmob.com/image_resources/logo/teamlogo/8152.png
6716,Australia,1527363.0,Paul Okon-Engstler,2.0,24.0,https://images.fotmob.com/image_resources/playerimages/1527363.png,186.0,21.0,2005-01-24,10164,Sydney FC,Midfielder,7.34,0.0,0.0,1.0,0.0,0.0,"66,76","CDM,CM",788041.0,,,,https://images.fotmob.com/image_resources/logo/teamlogo/10164.png
6716,Australia,1132069.0,Mohamed Touré,3.0,9.0,https://images.fotmob.com/image_resources/playerimages/1132069.png,186.0,22.0,2004-03-26,9850,Norwich City,Attacker,6.21,0.0,0.0,0.0,0.0,0.0,115,ST,2060688.0,,,,https://images.fotmob.com/image_resources/logo/teamlogo/9850.png
6716,Australia,421328.0,Awer Mabil,3.0,11.0,https://images.fotmob.com/image_resources/playerimages/421328.png,179.0,30.0,1995-09-15,10279,Castellon,Attacker,,0.0,0.0,0.0,0.0,0.0,"83,72","RW,RM",341268.0,,,,https://images.fotmob.com/image_resources/logo/teamlogo/10279.png
6716,Australia,1308909.0,Cristian Volpato,3.0,20.0,https://images.fotmob.com/image_resources/playerimages/1308909.png,187.0,22.0,2003-11-15,7943,Sassuolo,Attacker,6.46,0.0,0.0,0.0,0.0,0.0,"103,84","RW,CAM",12735516.0,,,,https://images.fotmob.com/image_resources/logo/teamlogo/7943.png
6716,Australia,1250885.0,Nishan Velupillay,3.0,23.0,https://images.fotmob.com/image_resources/playerimages/1250885.png,181.0,25.0,2001-05-07,6230,Melbourne Victory,Attacker,6.06,0.0,0.0,0.0,0.0,0.0,"83,87","RW,LW",312457.0,,,,https://images.fotmob.com/image_resources/logo/teamlogo/6230.png
6716,Australia,1220549.0,Tete Yengi,3.0,26.0,https://images.fotmob.com/image_resources/playerimages/1220549.png,197.0,25.0,2000-11-28,194011,Machida Zelvia,Attacker,6.24,0.0,0.0,0.0,0.0,0.0,"105,87","ST,LW",397003.0,,,,https://images.fotmob.com/image_resources/logo/teamlogo/194011.png
6724,Paraguay,306380.0,Gustavo Alfaro,,,https://images.fotmob.com/image_resources/playerimages/306380.png,,63.0,1962-08-14,ARG,Argentina,Coach,,,,,,,,,,,,,https://images.fotmob.com/image_resources/logo/teamlogo/arg.png
6724,Paraguay,68422.0,Roberto Fernández,0.0,1.0,https://images.fotmob.com/image_resources/playerimages/68422.png,191.0,38.0,1988-03-29,6295,Cerro Porteno,Keeper,,0.0,0.0,0.0,0.0,0.0,11,GK,207465.0,,,,https://images.fotmob.com/image_resources/logo/teamlogo/6295.png
6724,Paraguay,1683391.0,Orlando Gill,0.0,12.0,https://images.fotmob.com/image_resources/playerimages/1683391.png,198.0,26.0,2000-06-11,10083,San Lorenzo,Keeper,7.31,0.0,0.0,0.0,0.0,0.0,11,GK,5083176.0,,,,https://images.fotmob.com/image_resources/logo/teamlogo/10083.png
6724,Paraguay,495193.0,Gastón Olveira,0.0,22.0,https://images.fotmob.com/image_resources/playerimages/495193.png,191.0,33.0,1993-04-21,6619,Olimpia,Keeper,,0.0,0.0,0.0,0.0,0.0,11,GK,345812.0,,,,https://images.fotmob.com/image_resources/logo/teamlogo/6619.png
6724,Paraguay,497352.0,Gustavo Velázquez,1.0,2.0,https://images.fotmob.com/image_resources/playerimages/497352.png,179.0,35.0,1991-04-17,6295,Cerro Porteno,Defender,6.38,0.0,0.0,0.0,0.0,0.0,"34,32","CB,RB",377278.0,,,,https://images.fotmob.com/image_resources/logo/teamlogo/6295.png
6724,Paraguay,751998.0,Omar Alderete,1.0,3.0,https://images.fotmob.com/image_resources/playerimages/751998.png,188.0,29.0,1996-12-26,8472,Sunderland,Defender,6.75,0.0,0.0,0.0,0.0,0.0,36,CB,17995164.0,True,14,About 1-2 weeks,https://images.fotmob.com/image_resources/logo/teamlogo/8472.png
6724,Paraguay,1133495.0,Juan Cáceres,1.0,4.0,https://images.fotmob.com/image_resources/playerimages/1133495.png,173.0,26.0,2000-06-01,9763,Dinamo Moscow,Defender,7.18,0.0,0.0,0.0,0.0,1.0,"32,51,72","RB,RWB,RM",3839015.0,,,,https://images.fotmob.com/image_resources/logo/teamlogo/9763.png
6724,Paraguay,307438.0,Fabián Balbuena,1.0,5.0,https://images.fotmob.com/image_resources/playerimages/307438.png,190.0,34.0,1991-08-23,9769,Gremio,Defender,,0.0,0.0,0.0,0.0,0.0,34,CB,904640.0,,,,https://images.fotmob.com/image_resources/logo/teamlogo/9769.png
6724,Paraguay,466214.0,Júnior Alonso,1.0,6.0,https://images.fotmob.com/image_resources/playerimages/466214.png,185.0,33.0,1993-02-09,10272,Atletico MG,Defender,6.21,0.0,0.0,0.0,0.0,1.0,"37,38","CB,LB",1350127.0,,,,https://images.fotmob.com/image_resources/logo/teamlogo/10272.png
6724,Paraguay,860890.0,José Canale,1.0,13.0,https://images.fotmob.com/image_resources/playerimages/860890.png,187.0,29.0,1996-07-20,10082,Lanus,Defender,,0.0,0.0,0.0,0.0,0.0,36,CB,1139685.0,,,,https://images.fotmob.com/image_resources/logo/teamlogo/10082.png
6724,Paraguay,274392.0,Gustavo Gómez,1.0,15.0,https://images.fotmob.com/image_resources/playerimages/274392.png,186.0,33.0,1993-05-06,10283,Palmeiras,Defender,6.57,0.0,0.0,0.0,0.0,0.0,34,CB,2637488.0,,,,https://images.fotmob.com/image_resources/logo/teamlogo/10283.png
6724,Paraguay,1736527.0,Alexandro Maidana,1.0,26.0,https://images.fotmob.com/image_resources/playerimages/1736527.png,178.0,20.0,2005-07-26,10101,Talleres,Defender,6.52,0.0,0.0,0.0,0.0,0.0,"38,59","LB,LWB",1558255.0,,,,https://images.fotmob.com/image_resources/logo/teamlogo/10101.png
6724,Paraguay,1354561.0,Diego Gómez,2.0,8.0,https://images.fotmob.com/image_resources/playerimages/1354561.png,183.0,23.0,2003-03-27,10204,Brighton & Hove Albion,Midfielder,6.69,0.0,0.0,0.0,0.0,2.0,"85,83,76,87,66,72","CAM,RW,CM,LW,CDM,RM",3386880.0,,,,https://images.fotmob.com/image_resources/logo/teamlogo/10204.png
6724,Paraguay,1059490.0,Mauricio,2.0,11.0,https://images.fotmob.com/image_resources/playerimages/1059490.png,174.0,25.0,2001-06-22,10283,Palmeiras,Midfielder,7.08,1.0,0.0,0.0,0.0,0.0,"85,83,73,87,78,115","CAM,RW,CM,LW,LM,ST",15539136.0,,,,https://images.fotmob.com/image_resources/logo/teamlogo/10283.png
6724,Paraguay,529625.0,Andrés Cubas,2.0,14.0,https://images.fotmob.com/image_resources/playerimages/529625.png,169.0,30.0,1996-05-22,307691,Vancouver Whitecaps,Midfielder,7.03,0.0,0.0,0.0,0.0,0.0,"66,75","CDM,CM",2065525.0,,,,https://images.fotmob.com/image_resources/logo/teamlogo/307691.png
6724,Paraguay,1252913.0,Damián Bobadilla,2.0,16.0,https://images.fotmob.com/image_resources/playerimages/1252913.png,181.0,24.0,2001-07-11,10277,Sao Paulo,Midfielder,5.83,0.0,0.0,0.0,0.0,0.0,"64,73,85","CDM,CM,CAM",5847449.0,,,,https://images.fotmob.com/image_resources/logo/teamlogo/10277.png
6724,Paraguay,600850.0,Alejandro Romero,2.0,17.0,https://images.fotmob.com/image_resources/playerimages/600850.png,165.0,31.0,1995-01-11,102117,Al-Ain,Midfielder,6.14,0.0,0.0,0.0,0.0,0.0,"73,104,82","CM,ST,RW",1902345.0,,,,https://images.fotmob.com/image_resources/logo/teamlogo/102117.png
6724,Paraguay,1073742.0,Julio Enciso,2.0,19.0,https://images.fotmob.com/image_resources/playerimages/1073742.png,173.0,22.0,2004-01-23,9848,Strasbourg,Midfielder,7.25,0.0,0.0,2.0,0.0,0.0,"85,106","CAM,ST",25495818.0,,,,https://images.fotmob.com/image_resources/logo/teamlogo/9848.png
6724,Paraguay,1075065.0,Braian Ojeda,2.0,20.0,https://images.fotmob.com/image_resources/playerimages/1075065.png,173.0,26.0,2000-06-27,267810,Orlando City,Midfielder,,0.0,0.0,0.0,0.0,0.0,"74,64","CM,CDM",2326714.0,,,,https://images.fotmob.com/image_resources/logo/teamlogo/267810.png
6724,Paraguay,1241957.0,Matías Galarza,2.0,23.0,https://images.fotmob.com/image_resources/playerimages/1241957.png,175.0,24.0,2002-02-11,773958,Atlanta United,Midfielder,8.01,1.0,0.0,0.0,0.0,1.0,"77,86,87,67","CM,CAM,LW,CDM",2514488.0,,,,https://images.fotmob.com/image_resources/logo/teamlogo/773958.png
6724,Paraguay,1132960.0,Ramón Sosa,3.0,7.0,https://images.fotmob.com/image_resources/playerimages/1132960.png,179.0,26.0,1999-08-31,10283,Palmeiras,Attacker,6.28,0.0,0.0,0.0,0.0,0.0,"87,104,83,85,72,78","LW,ST,RW,CAM,RM,LM",11207523.0,,,,https://images.fotmob.com/image_resources/logo/teamlogo/10283.png
6724,Paraguay,474448.0,Antonio Sanabria,3.0,9.0,https://images.fotmob.com/image_resources/playerimages/474448.png,180.0,30.0,1996-03-04,7801,Cremonese,Attacker,5.74,0.0,0.0,0.0,0.0,0.0,106,ST,2158954.0,,,,https://images.fotmob.com/image_resources/logo/teamlogo/7801.png
6724,Paraguay,442277.0,Miguel Almirón,3.0,10.0,https://images.fotmob.com/image_resources/playerimages/442277.png,174.0,32.0,1994-02-10,773958,Atlanta United,Attacker,6.47,0.0,0.0,0.0,1.0,1.0,"87,83,78,72,75,106","LW,RW,LM,RM,CM,ST",18080334.0,,,,https://images.fotmob.com/image_resources/logo/teamlogo/773958.png
6724,Paraguay,1320444.0,Álex Arce,3.0,18.0,https://images.fotmob.com/image_resources/playerimages/1320444.png,187.0,31.0,1995-06-16,161729,Independiente Rivadavia,Attacker,5.99,0.0,0.0,0.0,0.0,1.0,104,ST,2198557.0,,,,https://images.fotmob.com/image_resources/logo/teamlogo/161729.png
6724,Paraguay,425711.0,Gabriel Ávalos,3.0,21.0,https://images.fotmob.com/image_resources/playerimages/425711.png,185.0,34.0,1991-07-09,10078,Independiente,Attacker,6.18,0.0,0.0,0.0,0.0,0.0,115,ST,701865.0,,,,https://images.fotmob.com/image_resources/logo/teamlogo/10078.png
6724,Paraguay,1347933.0,Gustavo Caballero,3.0,24.0,https://images.fotmob.com/image_resources/playerimages/1347933.png,186.0,24.0,2001-09-21,8462,Portsmouth,Attacker,,0.0,0.0,0.0,0.0,0.0,"83,87","RW,LW",1121711.0,,,,https://images.fotmob.com/image_resources/logo/teamlogo/8462.png
6724,Paraguay,1033279.0,Isidro Pitta,3.0,25.0,https://images.fotmob.com/image_resources/playerimages/1033279.png,183.0,26.0,1999-08-14,109705,Red Bull Bragantino,Attacker,5.65,0.0,0.0,0.0,0.0,0.0,115,ST,9058366.0,,,,https://images.fotmob.com/image_resources/logo/teamlogo/109705.png
6595,Türkiye,30286.0,Vincenzo Montella,,,https://images.fotmob.com/image_resources/playerimages/30286.png,172.0,52.0,1974-06-18,ITA,Italy,Coach,,,,,,,,,,,,,https://images.fotmob.com/image_resources/logo/teamlogo/ita.png
6595,Türkiye,150372.0,Mert Günok,0.0,1.0,https://images.fotmob.com/image_resources/playerimages/150372.png,196.0,37.0,1989-03-01,8695,Fenerbahçe,Keeper,,0.0,0.0,0.0,0.0,0.0,11,GK,534109.0,,,,https://images.fotmob.com/image_resources/logo/teamlogo/8695.png
6595,Türkiye,866967.0,Altay Bayindir,0.0,12.0,https://images.fotmob.com/image_resources/playerimages/866967.png,198.0,28.0,1998-04-14,10260,Manchester United,Keeper,,0.0,0.0,0.0,0.0,0.0,11,GK,7972947.0,,,,https://images.fotmob.com/image_resources/logo/teamlogo/10260.png
6595,Türkiye,603669.0,Ugurcan Çakir,0.0,23.0,https://images.fotmob.com/image_resources/playerimages/603669.png,191.0,30.0,1996-04-05,8637,Galatasaray,Keeper,6.54,0.0,0.0,0.0,0.0,0.0,11,GK,16366682.0,,,,https://images.fotmob.com/image_resources/logo/teamlogo/8637.png
6595,Türkiye,823078.0,Merih Demiral,1.0,3.0,https://images.fotmob.com/image_resources/playerimages/823078.png,192.0,28.0,1998-03-05,2530,Al Ahli,Defender,6.82,0.0,0.0,0.0,0.0,0.0,34,CB,14191565.0,,,,https://images.fotmob.com/image_resources/logo/teamlogo/2530.png
6595,Türkiye,602261.0,Caglar Söyüncü,1.0,4.0,https://images.fotmob.com/image_resources/playerimages/602261.png,187.0,30.0,1996-05-23,8695,Fenerbahçe,Defender,,0.0,0.0,0.0,0.0,0.0,34,CB,3676126.0,,,,https://images.fotmob.com/image_resources/logo/teamlogo/8695.png
6595,Türkiye,1041660.0,Eren Elmali,1.0,13.0,https://images.fotmob.com/image_resources/playerimages/1041660.png,180.0,25.0,2000-07-07,8637,Galatasaray,Defender,7.06,0.0,0.0,0.0,0.0,1.0,"38,87,68","LB,LW,LWB",5061240.0,,,,https://images.fotmob.com/image_resources/logo/teamlogo/8637.png
6595,Türkiye,291399.0,Abdülkerim Bardakci,1.0,14.0,https://images.fotmob.com/image_resources/playerimages/291399.png,184.0,31.0,1994-09-07,8637,Galatasaray,Defender,7.35,0.0,0.0,0.0,0.0,0.0,36,CB,4877755.0,,,,https://images.fotmob.com/image_resources/logo/teamlogo/8637.png
6595,Türkiye,845990.0,Ozan Kabak,1.0,15.0,https://images.fotmob.com/image_resources/playerimages/845990.png,185.0,26.0,2000-03-25,8226,Hoffenheim,Defender,7.04,0.0,0.0,0.0,0.0,0.0,34,CB,3399266.0,,,,https://images.fotmob.com/image_resources/logo/teamlogo/8226.png
6595,Türkiye,904098.0,Mert Müldür,1.0,18.0,https://images.fotmob.com/image_resources/playerimages/904098.png,188.0,27.0,1999-04-03,8695,Fenerbahçe,Defender,7.66,0.0,0.0,0.0,0.0,0.0,"32,33,38","RB,CB,LB",6271985.0,,,,https://images.fotmob.com/image_resources/logo/teamlogo/8695.png
6595,Türkiye,774448.0,Ferdi Kadioglu,1.0,20.0,https://images.fotmob.com/image_resources/playerimages/774448.png,173.0,26.0,1999-10-07,10204,Brighton & Hove Albion,Defender,7.32,0.0,0.0,0.0,0.0,0.0,"38,32,83,62","LB,RB,RW,RWB",37537604.0,,,,https://images.fotmob.com/image_resources/logo/teamlogo/10204.png
6595,Türkiye,441164.0,Kaan Ayhan,1.0,22.0,https://images.fotmob.com/image_resources/playerimages/441164.png,184.0,31.0,1994-11-10,8637,Galatasaray,Defender,,1.0,0.0,0.0,0.0,0.0,"34,64","CB,CDM",1445900.0,,,,https://images.fotmob.com/image_resources/logo/teamlogo/8637.png
6595,Türkiye,424380.0,Samet Akaydin,1.0,25.0,https://images.fotmob.com/image_resources/playerimages/424380.png,190.0,32.0,1994-03-13,2166,Rizespor,Defender,,0.0,0.0,0.0,0.0,0.0,36,CB,707563.0,,,,https://images.fotmob.com/image_resources/logo/teamlogo/2166.png
6595,Türkiye,867225.0,Zeki Çelik,2.0,2.0,https://images.fotmob.com/image_resources/playerimages/867225.png,180.0,29.0,1997-02-17,8686,Roma,Midfielder,7.0,0.0,0.0,0.0,0.0,0.0,"62,33,72,32","RWB,CB,RM,RB",7607291.0,,,,https://images.fotmob.com/image_resources/logo/teamlogo/8686.png
6595,Türkiye,738064.0,Salih Özcan,2.0,5.0,https://images.fotmob.com/image_resources/playerimages/738064.png,180.0,28.0,1998-01-11,9789,Borussia Dortmund,Midfielder,7.56,0.0,0.0,0.0,0.0,0.0,64,CDM,1875093.0,,,,https://images.fotmob.com/image_resources/logo/teamlogo/9789.png
6595,Türkiye,935409.0,Orkun Kökcü,2.0,6.0,https://images.fotmob.com/image_resources/playerimages/935409.png,175.0,25.0,2000-12-29,10188,Beşiktaş,Midfielder,7.23,0.0,0.0,1.0,0.0,0.0,"66,86,76","CDM,CAM,CM",26519374.0,,,,https://images.fotmob.com/image_resources/logo/teamlogo/10188.png
6595,Türkiye,1253890.0,Arda Güler,2.0,8.0,https://images.fotmob.com/image_resources/playerimages/1253890.png,176.0,21.0,2005-02-25,8633,Real Madrid,Midfielder,7.62,1.0,0.0,0.0,0.0,0.0,"85,73,78,83,64","CAM,CM,LM,RW,CDM",91142137.0,,,,https://images.fotmob.com/image_resources/logo/teamlogo/8633.png
6595,Türkiye,304733.0,Hakan Çalhanoglu,2.0,10.0,https://images.fotmob.com/image_resources/playerimages/304733.png,176.0,32.0,1994-02-08,8636,Inter,Midfielder,7.52,0.0,0.0,0.0,0.0,0.0,"75,66","CM,CDM",12264548.0,,,,https://images.fotmob.com/image_resources/logo/teamlogo/8636.png
6595,Türkiye,1412132.0,Kenan Yildiz,2.0,11.0,https://images.fotmob.com/image_resources/playerimages/1412132.png,185.0,21.0,2005-05-04,9885,Juventus,Midfielder,6.99,0.0,0.0,0.0,0.0,0.0,"86,87,106","CAM,LW,ST",83194578.0,,,,https://images.fotmob.com/image_resources/logo/teamlogo/9885.png
6595,Türkiye,1183589.0,Ismail Yüksek,2.0,16.0,https://images.fotmob.com/image_resources/playerimages/1183589.png,183.0,27.0,1999-01-26,8695,Fenerbahçe,Midfielder,6.96,0.0,0.0,0.0,0.0,0.0,"64,86,77","CDM,CAM,CM",13374440.0,,,,https://images.fotmob.com/image_resources/logo/teamlogo/8695.png
6595,Türkiye,845991.0,Yunus Akgün,2.0,19.0,https://images.fotmob.com/image_resources/playerimages/845991.png,173.0,25.0,2000-07-07,8637,Galatasaray,Midfielder,6.29,0.0,0.0,0.0,0.0,1.0,"85,83,87,106","CAM,RW,LW,ST",19166836.0,,,,https://images.fotmob.com/image_resources/logo/teamlogo/8637.png
6595,Türkiye,1367924.0,Can Uzun,2.0,26.0,https://images.fotmob.com/image_resources/playerimages/1367924.png,186.0,20.0,2005-11-11,9810,Eintracht Frankfurt,Midfielder,7.2,0.0,0.0,0.0,0.0,0.0,"85,77,88","CAM,CM,LW",51726022.0,,,,https://images.fotmob.com/image_resources/logo/teamlogo/9810.png
6595,Türkiye,1117570.0,Kerem Aktürkoglu,3.0,7.0,https://images.fotmob.com/image_resources/playerimages/1117570.png,173.0,27.0,1998-10-21,8695,Fenerbahçe,Attacker,6.03,0.0,0.0,0.0,0.0,0.0,"87,115,86","LW,ST,CAM",22474203.0,,,,https://images.fotmob.com/image_resources/logo/teamlogo/8695.png
6595,Türkiye,1406300.0,Deniz Gül,3.0,9.0,https://images.fotmob.com/image_resources/playerimages/1406300.png,190.0,21.0,2004-07-02,9773,FC Porto,Attacker,5.84,0.0,0.0,0.0,0.0,0.0,"105,107","ST,LW",7311650.0,,,,https://images.fotmob.com/image_resources/logo/teamlogo/9773.png
6595,Türkiye,316544.0,Irfan Kahveci,3.0,17.0,https://images.fotmob.com/image_resources/playerimages/316544.png,176.0,30.0,1995-07-15,4685,Kasımpaşa,Attacker,,0.0,0.0,0.0,0.0,0.0,"83,66,85","RW,CDM,CAM",1893401.0,,,,https://images.fotmob.com/image_resources/logo/teamlogo/4685.png
6595,Türkiye,890232.0,Baris Alper Yilmaz,3.0,21.0,https://images.fotmob.com/image_resources/playerimages/890232.png,186.0,26.0,2000-05-23,8637,Galatasaray,Attacker,6.69,1.0,0.0,1.0,0.0,0.0,"87,115,83,78,86","LW,ST,RW,LM,CAM",23074671.0,,,,https://images.fotmob.com/image_resources/logo/teamlogo/8637.png
6595,Türkiye,1092015.0,Oguz Aydin,3.0,24.0,https://images.fotmob.com/image_resources/playerimages/1092015.png,183.0,25.0,2000-10-27,8695,Fenerbahçe,Attacker,7.9,0.0,0.0,0.0,0.0,0.0,"87,83,62,32","LW,RW,RWB,RB",9183012.0,,,,https://images.fotmob.com/image_resources/logo/teamlogo/8695.png
8570,Germany,36567.0,Julian Nagelsmann,,,https://images.fotmob.com/image_resources/playerimages/36567.png,,38.0,1987-07-23,GER,Germany,Coach,,,,,,,,,,,,,https://images.fotmob.com/image_resources/logo/teamlogo/ger.png
8570,Germany,27299.0,Manuel Neuer,0.0,1.0,https://images.fotmob.com/image_resources/playerimages/27299.png,193.0,40.0,1986-03-27,9823,Bayern München,Keeper,6.38,0.0,0.0,0.0,0.0,0.0,11,GK,2594967.0,,,,https://images.fotmob.com/image_resources/logo/teamlogo/9823.png
8570,Germany,178778.0,Oliver Baumann,0.0,12.0,https://images.fotmob.com/image_resources/playerimages/178778.png,186.0,36.0,1990-06-02,8226,Hoffenheim,Keeper,,0.0,0.0,0.0,0.0,0.0,11,GK,2061954.0,,,,https://images.fotmob.com/image_resources/logo/teamlogo/8226.png
8570,Germany,554534.0,Alexander Nübel,0.0,21.0,https://images.fotmob.com/image_resources/playerimages/554534.png,193.0,29.0,1996-09-30,10269,VfB Stuttgart,Keeper,,0.0,0.0,0.0,0.0,0.0,11,GK,14434340.0,,,,https://images.fotmob.com/image_resources/logo/teamlogo/10269.png
8570,Germany,276738.0,Antonio Rüdiger,1.0,2.0,https://images.fotmob.com/image_resources/playerimages/276738.png,190.0,33.0,1993-03-03,8633,Real Madrid,Defender,6.35,0.0,0.0,0.0,0.0,0.0,34,CB,8119051.0,,,,https://images.fotmob.com/image_resources/logo/teamlogo/8633.png
8570,Germany,664970.0,Waldemar Anton,1.0,3.0,https://images.fotmob.com/image_resources/playerimages/664970.png,189.0,29.0,1996-07-20,9789,Borussia Dortmund,Defender,,0.0,0.0,0.0,0.0,0.0,35,CB,19393266.0,,,,https://images.fotmob.com/image_resources/logo/teamlogo/9789.png
8570,Germany,469700.0,Jonathan Tah,1.0,4.0,https://images.fotmob.com/image_resources/playerimages/469700.png,194.0,30.0,1996-02-11,9823,Bayern München,Defender,6.9,0.0,0.0,0.0,0.0,0.0,36,CB,31261223.0,,,,https://images.fotmob.com/image_resources/logo/teamlogo/9823.png
8570,Germany,1002058.0,Nico Schlotterbeck,1.0,15.0,https://images.fotmob.com/image_resources/playerimages/1002058.png,191.0,26.0,1999-12-01,9789,Borussia Dortmund,Defender,7.85,1.0,0.0,0.0,0.0,0.0,37,CB,43361627.0,True,71,Late August 2026,https://images.fotmob.com/image_resources/logo/teamlogo/9789.png
8570,Germany,1395447.0,Nathaniel Brown,1.0,18.0,https://images.fotmob.com/image_resources/playerimages/1395447.png,180.0,23.0,2003-06-16,9810,Eintracht Frankfurt,Defender,7.47,1.0,0.0,1.0,0.0,0.0,"38,68,78,87,32","LB,LWB,LM,LW,RB",46217580.0,,,,https://images.fotmob.com/image_resources/logo/teamlogo/9810.png
8570,Germany,806669.0,David Raum,1.0,22.0,https://images.fotmob.com/image_resources/playerimages/806669.png,180.0,28.0,1998-04-22,178475,RB Leipzig,Defender,6.46,0.0,0.0,0.0,0.0,0.0,38,LB,17116374.0,,,,https://images.fotmob.com/image_resources/logo/teamlogo/178475.png
8570,Germany,1137407.0,Malick Thiaw,1.0,24.0,https://images.fotmob.com/image_resources/playerimages/1137407.png,194.0,24.0,2001-08-08,10261,Newcastle United,Defender,6.72,0.0,0.0,0.0,0.0,0.0,34,CB,38919195.0,,,,https://images.fotmob.com/image_resources/logo/teamlogo/10261.png
8570,Germany,1473580.0,Aleksandar Pavlovic,2.0,5.0,https://images.fotmob.com/image_resources/playerimages/1473580.png,188.0,22.0,2004-05-03,9823,Bayern München,Midfielder,6.74,0.0,0.0,0.0,0.0,1.0,66,CDM,51658076.0,,,,https://images.fotmob.com/image_resources/logo/teamlogo/9823.png
8570,Germany,460632.0,Joshua Kimmich,2.0,6.0,https://images.fotmob.com/image_resources/playerimages/460632.png,176.0,31.0,1995-02-08,9823,Bayern München,Midfielder,7.67,0.0,0.0,2.0,0.0,0.0,"64,32,74","CDM,RB,CM",42902514.0,,,,https://images.fotmob.com/image_resources/logo/teamlogo/9823.png
8570,Germany,343748.0,Leon Goretzka,2.0,8.0,https://images.fotmob.com/image_resources/playerimages/343748.png,189.0,31.0,1995-02-06,9823,Bayern München,Midfielder,6.0,0.0,0.0,0.0,0.0,0.0,"66,85,77","CDM,CAM,CM",10844143.0,,,,https://images.fotmob.com/image_resources/logo/teamlogo/9823.png
8570,Germany,1156141.0,Jamal Musiala,2.0,10.0,https://images.fotmob.com/image_resources/playerimages/1156141.png,180.0,23.0,2003-02-26,9823,Bayern München,Midfielder,7.24,1.0,0.0,0.0,0.0,0.0,"85,87","CAM,LW",114993256.0,,,,https://images.fotmob.com/image_resources/logo/teamlogo/9823.png
8570,Germany,167008.0,Pascal Groß,2.0,13.0,https://images.fotmob.com/image_resources/playerimages/167008.png,181.0,35.0,1991-06-15,10204,Brighton & Hove Albion,Midfielder,6.61,0.0,0.0,0.0,0.0,0.0,"64,73","CDM,CM",3688426.0,,,,https://images.fotmob.com/image_resources/logo/teamlogo/10204.png
8570,Germany,1047667.0,Maximilian Beier,2.0,14.0,https://images.fotmob.com/image_resources/playerimages/1047667.png,183.0,23.0,2002-10-17,9789,Borussia Dortmund,Midfielder,5.98,0.0,0.0,0.0,0.0,0.0,"84,106,68,78","CAM,ST,LWB,LM",42276937.0,,,,https://images.fotmob.com/image_resources/logo/teamlogo/9789.png
8570,Germany,1071186.0,Angelo Stiller,2.0,16.0,https://images.fotmob.com/image_resources/playerimages/1071186.png,183.0,25.0,2001-04-04,10269,VfB Stuttgart,Midfielder,6.38,0.0,0.0,0.0,0.0,0.0,"66,76","CDM,CM",47310505.0,,,,https://images.fotmob.com/image_resources/logo/teamlogo/10269.png
8570,Germany,614449.0,Nadiem Amiri,2.0,20.0,https://images.fotmob.com/image_resources/playerimages/614449.png,180.0,29.0,1996-10-27,9905,Mainz 05,Midfielder,7.23,0.0,0.0,1.0,0.0,0.0,"77,66,95","CM,CDM,CAM",17103886.0,,,,https://images.fotmob.com/image_resources/logo/teamlogo/9905.png
8570,Germany,966019.0,Felix Nmecha,2.0,23.0,https://images.fotmob.com/image_resources/playerimages/966019.png,190.0,25.0,2000-10-10,9789,Borussia Dortmund,Midfielder,7.17,1.0,0.0,1.0,0.0,0.0,"66,77","CDM,CM",55923982.0,,,,https://images.fotmob.com/image_resources/logo/teamlogo/9789.png
8570,Germany,1486541.0,Assan Ouédraogo,2.0,25.0,https://images.fotmob.com/image_resources/playerimages/1486541.png,192.0,20.0,2006-05-09,178475,RB Leipzig,Midfielder,,0.0,0.0,0.0,0.0,0.0,73,CM,16251646.0,,,,https://images.fotmob.com/image_resources/logo/teamlogo/178475.png
8570,Germany,749736.0,Kai Havertz,3.0,7.0,https://images.fotmob.com/image_resources/playerimages/749736.png,193.0,27.0,1999-06-11,9825,Arsenal,Attacker,7.37,2.0,1.0,0.0,0.0,0.0,"115,85","ST,CAM",60710978.0,,,,https://images.fotmob.com/image_resources/logo/teamlogo/9825.png
8570,Germany,1074968.0,Jamie Leweling,3.0,9.0,https://images.fotmob.com/image_resources/playerimages/1074968.png,184.0,25.0,2001-02-26,10269,VfB Stuttgart,Attacker,6.37,0.0,0.0,0.0,0.0,0.0,"87,83,62,86,72","LW,RW,RWB,CAM,RM",30562001.0,,,,https://images.fotmob.com/image_resources/logo/teamlogo/10269.png
8570,Germany,1106563.0,Nick Woltemade,3.0,11.0,https://images.fotmob.com/image_resources/playerimages/1106563.png,198.0,24.0,2002-02-14,10261,Newcastle United,Attacker,,0.0,0.0,0.0,0.0,0.0,"105,85","ST,CAM",72276727.0,,,,https://images.fotmob.com/image_resources/logo/teamlogo/10261.png
8570,Germany,1152455.0,Florian Wirtz,3.0,17.0,https://images.fotmob.com/image_resources/playerimages/1152455.png,175.0,23.0,2003-05-03,8650,Liverpool,Attacker,8.01,0.0,0.0,2.0,0.0,0.0,"87,85,105","LW,CAM,ST",115813660.0,,,,https://images.fotmob.com/image_resources/logo/teamlogo/8650.png
8570,Germany,530859.0,Leroy Sané,3.0,19.0,https://images.fotmob.com/image_resources/playerimages/530859.png,183.0,30.0,1996-01-11,8637,Galatasaray,Attacker,7.12,1.0,0.0,0.0,0.0,0.0,"83,87","RW,LW",21782391.0,,,,https://images.fotmob.com/image_resources/logo/teamlogo/8637.png
8570,Germany,661519.0,Deniz Undav,3.0,26.0,https://images.fotmob.com/image_resources/playerimages/661519.png,179.0,29.0,1996-07-19,10269,VfB Stuttgart,Attacker,7.93,3.0,0.0,2.0,0.0,0.0,"115,85","ST,CAM",16358776.0,,,,https://images.fotmob.com/image_resources/logo/teamlogo/10269.png
6709,Côte d'Ivoire,30908.0,Emerse Faé,,,https://images.fotmob.com/image_resources/playerimages/30908.png,174.0,42.0,1984-01-24,CIV,Ivory Coast,Coach,,,,,,,,,,,,,https://images.fotmob.com/image_resources/logo/teamlogo/civ.png
6709,Côte d'Ivoire,873566.0,Yahia Fofana,0.0,1.0,https://images.fotmob.com/image_resources/playerimages/873566.png,194.0,25.0,2000-08-21,2166,Rizespor,Keeper,,0.0,0.0,0.0,0.0,0.0,11,GK,4949540.0,,,,https://images.fotmob.com/image_resources/logo/teamlogo/2166.png
6709,Côte d'Ivoire,1280201.0,Mohamed Koné,0.0,16.0,https://images.fotmob.com/image_resources/playerimages/1280201.png,186.0,24.0,2002-03-07,9986,Sporting Charleroi,Keeper,,0.0,0.0,0.0,0.0,0.0,11,GK,1069334.0,,,,https://images.fotmob.com/image_resources/logo/teamlogo/9986.png
6709,Côte d'Ivoire,698273.0,Alban Lafont,0.0,23.0,https://images.fotmob.com/image_resources/playerimages/698273.png,191.0,27.0,1999-01-23,10200,Panathinaikos,Keeper,,0.0,0.0,0.0,0.0,0.0,11,GK,2198459.0,,,,https://images.fotmob.com/image_resources/logo/teamlogo/10200.png
6709,Côte d'Ivoire,1425182.0,Ousmane Diomande,1.0,2.0,https://images.fotmob.com/image_resources/playerimages/1425182.png,190.0,22.0,2003-12-04,9768,Sporting CP,Defender,,0.0,0.0,0.0,0.0,0.0,34,CB,47499814.0,,,,https://images.fotmob.com/image_resources/logo/teamlogo/9768.png
6709,Côte d'Ivoire,740997.0,Ghislain Konan,1.0,3.0,https://images.fotmob.com/image_resources/playerimages/740997.png,176.0,30.0,1995-12-27,9764,Gil Vicente,Defender,,0.0,0.0,0.0,0.0,0.0,38,LB,1651820.0,,,,https://images.fotmob.com/image_resources/logo/teamlogo/9764.png
6709,Côte d'Ivoire,1027472.0,Wilfried Singo,1.0,5.0,https://images.fotmob.com/image_resources/playerimages/1027472.png,190.0,25.0,2000-12-25,8637,Galatasaray,Defender,,0.0,0.0,0.0,0.0,0.0,"34,32","CB,RB",24860107.0,True,42,About 1-2 weeks,https://images.fotmob.com/image_resources/logo/teamlogo/8637.png
6709,Côte d'Ivoire,1014496.0,Odilon Kossounou,1.0,7.0,https://images.fotmob.com/image_resources/playerimages/1014496.png,188.0,25.0,2001-01-04,8524,Atalanta,Defender,,0.0,0.0,0.0,0.0,0.0,33,CB,20837205.0,,,,https://images.fotmob.com/image_resources/logo/teamlogo/8524.png
6709,Côte d'Ivoire,802462.0,Christopher Opéri,1.0,13.0,https://images.fotmob.com/image_resources/playerimages/802462.png,182.0,29.0,1997-04-29,1933,Başakşehir,Defender,,0.0,0.0,0.0,0.0,0.0,"38,88","LB,LW",2313253.0,,,,https://images.fotmob.com/image_resources/logo/teamlogo/1933.png
6709,Côte d'Ivoire,1395704.0,Guéla Doué,1.0,17.0,https://images.fotmob.com/image_resources/playerimages/1395704.png,187.0,23.0,2002-10-17,9848,Strasbourg,Defender,,0.0,0.0,0.0,0.0,0.0,"32,33,62","RB,CB,RWB",21570207.0,,,,https://images.fotmob.com/image_resources/logo/teamlogo/9848.png
6709,Côte d'Ivoire,1114979.0,Emmanuel Agbadou,1.0,20.0,https://images.fotmob.com/image_resources/playerimages/1114979.png,192.0,29.0,1997-06-17,10188,Beşiktaş,Defender,,0.0,0.0,0.0,0.0,0.0,34,CB,19141011.0,,,,https://images.fotmob.com/image_resources/logo/teamlogo/10188.png
6709,Côte d'Ivoire,787242.0,Evan N'Dicka,1.0,21.0,https://images.fotmob.com/image_resources/playerimages/787242.png,192.0,26.0,1999-08-20,8686,Roma,Defender,,0.0,0.0,0.0,0.0,0.0,35,CB,35995653.0,,,,https://images.fotmob.com/image_resources/logo/teamlogo/8686.png
6709,Côte d'Ivoire,470539.0,Jean Michaël Seri,2.0,4.0,https://images.fotmob.com/image_resources/playerimages/470539.png,168.0,34.0,1991-07-19,CIV,Ivory Coast,Midfielder,,0.0,0.0,0.0,0.0,0.0,75,CM,105653.0,,,,https://images.fotmob.com/image_resources/logo/teamlogo/civ.png
6709,Côte d'Ivoire,602211.0,Seko Fofana,2.0,6.0,https://images.fotmob.com/image_resources/playerimages/602211.png,183.0,31.0,1995-05-07,9773,FC Porto,Midfielder,,0.0,0.0,0.0,0.0,0.0,77,CM,6000363.0,,,,https://images.fotmob.com/image_resources/logo/teamlogo/9773.png
6709,Côte d'Ivoire,579747.0,Franck Kessié,2.0,8.0,https://images.fotmob.com/image_resources/playerimages/579747.png,180.0,29.0,1996-12-19,2530,Al Ahli,Midfielder,,0.0,0.0,0.0,0.0,0.0,"64,73,84,37","CDM,CM,CAM,CB",7134495.0,,,,https://images.fotmob.com/image_resources/logo/teamlogo/2530.png
6709,Côte d'Ivoire,1070052.0,Amad Diallo,2.0,15.0,https://images.fotmob.com/image_resources/playerimages/1070052.png,174.0,23.0,2002-07-11,10260,Manchester United,Midfielder,,0.0,0.0,0.0,0.0,0.0,"83,62,84","RW,RWB,CAM",60170326.0,,,,https://images.fotmob.com/image_resources/logo/teamlogo/10260.png
6709,Côte d'Ivoire,795371.0,Ibrahim Sangaré,2.0,18.0,https://images.fotmob.com/image_resources/playerimages/795371.png,191.0,28.0,1997-12-02,10203,Nottingham Forest,Midfielder,,0.0,0.0,0.0,0.0,0.0,"64,75","CDM,CM",25193940.0,,,,https://images.fotmob.com/image_resources/logo/teamlogo/10203.png
6709,Côte d'Ivoire,575735.0,Nicolas Pépé,2.0,19.0,https://images.fotmob.com/image_resources/playerimages/575735.png,178.0,31.0,1995-05-29,10205,Villarreal,Midfielder,,0.0,0.0,0.0,0.0,0.0,"72,104,103","RM,ST,RW",4971412.0,,,,https://images.fotmob.com/image_resources/logo/teamlogo/10205.png
6709,Côte d'Ivoire,1666494.0,Christ Inao Oulaï,2.0,26.0,https://images.fotmob.com/image_resources/playerimages/1666494.png,173.0,20.0,2006-04-06,9752,Trabzonspor,Midfielder,,0.0,0.0,0.0,0.0,0.0,"64,74,85","CDM,CM,CAM",2641339.0,,,,https://images.fotmob.com/image_resources/logo/teamlogo/9752.png
6709,Côte d'Ivoire,1199383.0,Ange-Yoan Bonny,3.0,9.0,https://images.fotmob.com/image_resources/playerimages/1199383.png,189.0,22.0,2003-10-25,8636,Inter,Attacker,,0.0,0.0,0.0,0.0,0.0,104,ST,29551703.0,,,,https://images.fotmob.com/image_resources/logo/teamlogo/8636.png
6709,Côte d'Ivoire,1227012.0,Simon Adingra,3.0,10.0,https://images.fotmob.com/image_resources/playerimages/1227012.png,175.0,24.0,2002-01-01,9829,Monaco,Attacker,,0.0,0.0,0.0,0.0,0.0,"107,78,115,68","LW,LM,ST,LWB",25215858.0,,,,https://images.fotmob.com/image_resources/logo/teamlogo/9829.png
6709,Côte d'Ivoire,1735453.0,Yan Diomande,3.0,11.0,https://images.fotmob.com/image_resources/playerimages/1735453.png,180.0,19.0,2006-11-14,178475,RB Leipzig,Attacker,,0.0,0.0,0.0,0.0,0.0,"103,107,72,78","RW,LW,RM,LM",33413645.0,,,,https://images.fotmob.com/image_resources/logo/teamlogo/178475.png
6709,Côte d'Ivoire,1213430.0,Elye Wahi,3.0,12.0,https://images.fotmob.com/image_resources/playerimages/1213430.png,184.0,23.0,2003-01-02,9831,Nice,Attacker,,0.0,0.0,0.0,0.0,0.0,115,ST,17702338.0,,,,https://images.fotmob.com/image_resources/logo/teamlogo/9831.png
6709,Côte d'Ivoire,1328540.0,Oumar Diakité,3.0,14.0,https://images.fotmob.com/image_resources/playerimages/1328540.png,188.0,22.0,2003-12-20,9984,Cercle Brugge,Attacker,,0.0,0.0,0.0,0.0,0.0,104,ST,7063569.0,,,,https://images.fotmob.com/image_resources/logo/teamlogo/9984.png
6709,Côte d'Ivoire,1087966.0,Evann Guessand,3.0,22.0,https://images.fotmob.com/image_resources/playerimages/1087966.png,185.0,24.0,2001-07-01,9826,Crystal Palace,Attacker,,0.0,0.0,0.0,0.0,0.0,"83,105,107,86","RW,ST,LW,CAM",35258920.0,,,,https://images.fotmob.com/image_resources/logo/teamlogo/9826.png
6709,Côte d'Ivoire,1624586.0,Bazoumana Touré,3.0,24.0,https://images.fotmob.com/image_resources/playerimages/1624586.png,178.0,20.0,2006-03-02,8226,Hoffenheim,Attacker,,0.0,0.0,0.0,0.0,0.0,"107,79,106,68,72","LW,LM,ST,LWB,RM",26294731.0,,,,https://images.fotmob.com/image_resources/logo/teamlogo/8226.png
6709,Côte d'Ivoire,1186770.0,Parfait Guiagon,3.0,25.0,https://images.fotmob.com/image_resources/playerimages/1186770.png,169.0,25.0,2001-02-22,9986,Sporting Charleroi,Attacker,,0.0,0.0,0.0,0.0,0.0,87,LW,2071340.0,,,,https://images.fotmob.com/image_resources/logo/teamlogo/9986.png
6707,Ecuador,1135477.0,Sebastián Beccacece,,,https://images.fotmob.com/image_resources/playerimages/1135477.png,,45.0,1980-12-17,ARG,Argentina,Coach,,,,,,,,,,,,,https://images.fotmob.com/image_resources/logo/teamlogo/arg.png
6707,Ecuador,146801.0,Hernán Galindez,0.0,1.0,https://images.fotmob.com/image_resources/playerimages/146801.png,189.0,39.0,1987-03-30,10081,Huracan,Keeper,,0.0,0.0,0.0,0.0,0.0,11,GK,1024390.0,,,,https://images.fotmob.com/image_resources/logo/teamlogo/10081.png
6707,Ecuador,978290.0,Moisés Ramirez,0.0,12.0,https://images.fotmob.com/image_resources/playerimages/978290.png,185.0,25.0,2000-09-09,488099,Kifisia FC,Keeper,,0.0,0.0,0.0,0.0,0.0,11,GK,878157.0,,,,https://images.fotmob.com/image_resources/logo/teamlogo/488099.png
6707,Ecuador,1614051.0,Gonzalo Valle,0.0,22.0,https://images.fotmob.com/image_resources/playerimages/1614051.png,185.0,30.0,1996-02-28,6721,LDU de Quito,Keeper,,0.0,0.0,0.0,0.0,0.0,11,GK,1108288.0,,,,https://images.fotmob.com/image_resources/logo/teamlogo/6721.png
6707,Ecuador,825641.0,Félix Torres,1.0,2.0,https://images.fotmob.com/image_resources/playerimages/825641.png,187.0,29.0,1997-01-11,8702,Internacional,Defender,,0.0,0.0,0.0,0.0,0.0,"34,32","CB,RB",1387148.0,,,,https://images.fotmob.com/image_resources/logo/teamlogo/8702.png
6707,Ecuador,1137667.0,Piero Hincapié,1.0,3.0,https://images.fotmob.com/image_resources/playerimages/1137667.png,184.0,24.0,2002-01-09,9825,Arsenal,Defender,,0.0,0.0,0.0,0.0,0.0,"38,36","LB,CB",63074996.0,,,,https://images.fotmob.com/image_resources/logo/teamlogo/9825.png
6707,Ecuador,1354085.0,Joel Ordóñez,1.0,4.0,https://images.fotmob.com/image_resources/playerimages/1354085.png,185.0,22.0,2004-04-21,8342,Club Brugge,Defender,,0.0,0.0,0.0,0.0,0.0,34,CB,41116028.0,,,,https://images.fotmob.com/image_resources/logo/teamlogo/8342.png
6707,Ecuador,1137670.0,Willian Pacho,1.0,6.0,https://images.fotmob.com/image_resources/playerimages/1137670.png,188.0,24.0,2001-10-16,9847,Paris Saint-Germain,Defender,,0.0,0.0,0.0,0.0,0.0,36,CB,75388101.0,,,,https://images.fotmob.com/image_resources/logo/teamlogo/9847.png
6707,Ecuador,1032039.0,Jackson Porozo,1.0,25.0,https://images.fotmob.com/image_resources/playerimages/1032039.png,191.0,25.0,2000-08-04,162418,Tijuana,Defender,,0.0,0.0,0.0,0.0,0.0,34,CB,1838197.0,,,,https://images.fotmob.com/image_resources/logo/teamlogo/162418.png
6707,Ecuador,1391753.0,Yaimar Medina,1.0,26.0,https://images.fotmob.com/image_resources/playerimages/1391753.png,178.0,21.0,2004-11-05,9987,Genk,Defender,,0.0,0.0,0.0,0.0,0.0,"38,87,78,68","LB,LW,LM,LWB",4958698.0,,,,https://images.fotmob.com/image_resources/logo/teamlogo/9987.png
6707,Ecuador,950396.0,Jordy Alcívar,2.0,5.0,https://images.fotmob.com/image_resources/playerimages/950396.png,173.0,26.0,1999-08-05,192875,Independiente del Valle,Midfielder,,0.0,0.0,0.0,0.0,0.0,"65,75,84","CDM,CM,CAM",1249723.0,,,,https://images.fotmob.com/image_resources/logo/teamlogo/192875.png
6707,Ecuador,688278.0,Pervis Estupinán,2.0,7.0,https://images.fotmob.com/image_resources/playerimages/688278.png,175.0,28.0,1998-01-21,8564,Milan,Midfielder,,0.0,0.0,0.0,0.0,0.0,"79,38,68","LM,LB,LWB",18059400.0,,,,https://images.fotmob.com/image_resources/logo/teamlogo/8564.png
6707,Ecuador,1353364.0,Anthony Valencia,2.0,8.0,https://images.fotmob.com/image_resources/playerimages/1353364.png,174.0,22.0,2003-07-21,9988,Royal Antwerp,Midfielder,,0.0,0.0,0.0,0.0,0.0,"84,62,66","CAM,RWB,CDM",950961.0,,,,https://images.fotmob.com/image_resources/logo/teamlogo/9988.png
6707,Ecuador,1108611.0,Pedro Vite,2.0,15.0,https://images.fotmob.com/image_resources/playerimages/1108611.png,170.0,24.0,2002-03-09,1946,Pumas,Midfielder,,0.0,0.0,0.0,0.0,0.0,"76,65,83,85,72","CM,CDM,RW,CAM,RM",8294552.0,,,,https://images.fotmob.com/image_resources/logo/teamlogo/1946.png
6707,Ecuador,848593.0,Ángelo Preciado,2.0,17.0,https://images.fotmob.com/image_resources/playerimages/848593.png,173.0,28.0,1998-02-18,10272,Atletico MG,Midfielder,,0.0,0.0,0.0,0.0,0.0,"72,32,103,62","RM,RB,RW,RWB",2351831.0,,,,https://images.fotmob.com/image_resources/logo/teamlogo/10272.png
6707,Ecuador,1477417.0,Denil Castillo,2.0,18.0,https://images.fotmob.com/image_resources/playerimages/1477417.png,189.0,22.0,2004-03-24,8113,FC Midtjylland,Midfielder,,0.0,0.0,0.0,0.0,0.0,"76,64,84,106,103","CM,CDM,CAM,ST,RW",,,,,https://images.fotmob.com/image_resources/logo/teamlogo/8113.png
6707,Ecuador,832171.0,Alan Franco,2.0,21.0,https://images.fotmob.com/image_resources/playerimages/832171.png,175.0,27.0,1998-08-21,10272,Atletico MG,Midfielder,,0.0,0.0,0.0,0.0,0.0,"64,75,32,33,62,72","CDM,CM,RB,CB,RWB,RM",2793714.0,,,,https://images.fotmob.com/image_resources/logo/teamlogo/10272.png
6707,Ecuador,1137668.0,Moisés Caicedo,2.0,23.0,https://images.fotmob.com/image_resources/playerimages/1137668.png,178.0,24.0,2001-11-02,8455,Chelsea,Midfielder,,0.0,0.0,0.0,0.0,0.0,"66,74","CDM,CM",115288104.0,,,,https://images.fotmob.com/image_resources/logo/teamlogo/8455.png
6707,Ecuador,845368.0,John Yeboah,3.0,9.0,https://images.fotmob.com/image_resources/playerimages/845368.png,170.0,26.0,2000-06-23,7881,Venezia,Attacker,,0.0,0.0,0.0,0.0,0.0,"104,72,103,86","ST,RM,RW,CAM",2619368.0,,,,https://images.fotmob.com/image_resources/logo/teamlogo/7881.png
6707,Ecuador,1443464.0,Kendry Páez,3.0,10.0,https://images.fotmob.com/image_resources/playerimages/1443464.png,177.0,19.0,2007-05-04,10076,River Plate,Attacker,,0.0,0.0,0.0,0.0,0.0,"83,84,106,87","RW,CAM,ST,LW",11907865.0,,,,https://images.fotmob.com/image_resources/logo/teamlogo/10076.png
6707,Ecuador,1421270.0,Kevin Rodríguez,3.0,11.0,https://images.fotmob.com/image_resources/playerimages/1421270.png,190.0,26.0,2000-03-04,7978,Union St.Gilloise,Attacker,,0.0,0.0,0.0,0.0,0.0,"106,84","ST,CAM",3419336.0,,,,https://images.fotmob.com/image_resources/logo/teamlogo/7978.png
6707,Ecuador,195927.0,Enner Valencia,3.0,13.0,https://images.fotmob.com/image_resources/playerimages/195927.png,177.0,36.0,1989-11-04,7848,Pachuca,Attacker,,0.0,0.0,0.0,0.0,0.0,115,ST,1251424.0,,,,https://images.fotmob.com/image_resources/logo/teamlogo/7848.png
6707,Ecuador,1274400.0,Alan Minda,3.0,14.0,https://images.fotmob.com/image_resources/playerimages/1274400.png,171.0,23.0,2003-05-14,10272,Atletico MG,Attacker,,0.0,0.0,0.0,0.0,0.0,"106,84,87","ST,CAM,LW",3656185.0,,,,https://images.fotmob.com/image_resources/logo/teamlogo/10272.png
6707,Ecuador,766159.0,Jordy Caicedo,3.0,16.0,https://images.fotmob.com/image_resources/playerimages/766159.png,181.0,28.0,1997-11-18,10081,Huracan,Attacker,,0.0,0.0,0.0,0.0,0.0,115,ST,931748.0,,,,https://images.fotmob.com/image_resources/logo/teamlogo/10081.png
6707,Ecuador,980311.0,Gonzalo Plata,3.0,19.0,https://images.fotmob.com/image_resources/playerimages/980311.png,178.0,25.0,2000-11-01,9770,Flamengo,Attacker,,0.0,0.0,0.0,0.0,0.0,"83,115,85,87","RW,ST,CAM,LW",9232096.0,,,,https://images.fotmob.com/image_resources/logo/teamlogo/9770.png
6707,Ecuador,1287010.0,Nilson Angulo,3.0,20.0,https://images.fotmob.com/image_resources/playerimages/1287010.png,182.0,23.0,2003-06-19,8472,Sunderland,Attacker,,0.0,0.0,0.0,0.0,0.0,"87,78,83,59","LW,LM,RW,LWB",7542970.0,,,,https://images.fotmob.com/image_resources/logo/teamlogo/8472.png
6707,Ecuador,1418122.0,Jeremy Arévalo,3.0,24.0,https://images.fotmob.com/image_resources/playerimages/1418122.png,173.0,21.0,2005-03-19,8458,VfB Stuttgart II,Attacker,,0.0,0.0,0.0,0.0,0.0,"115,85","ST,CAM",2626196.0,,,,https://images.fotmob.com/image_resources/logo/teamlogo/8458.png
287981,Curaçao,78614.0,Dick Advocaat,,,https://images.fotmob.com/image_resources/playerimages/78614.png,,78.0,1947-09-27,NED,Netherlands,Coach,,,,,,,,,,,,,https://images.fotmob.com/image_resources/logo/teamlogo/ned.png
287981,Curaçao,150242.0,Eloy Room,0.0,1.0,https://images.fotmob.com/image_resources/playerimages/150242.png,189.0,37.0,1989-02-06,721896,Miami FC,Keeper,6.43,0.0,0.0,0.0,0.0,0.0,11,GK,83664.0,,,,https://images.fotmob.com/image_resources/logo/teamlogo/721896.png
287981,Curaçao,1240833.0,Tyrick Bodak,0.0,25.0,https://images.fotmob.com/image_resources/playerimages/1240833.png,190.0,24.0,2002-05-15,6414,Telstar,Keeper,,0.0,0.0,0.0,0.0,0.0,,,471386.0,,,,https://images.fotmob.com/image_resources/logo/teamlogo/6414.png
287981,Curaçao,873856.0,Trevor Doornbusch,0.0,26.0,https://images.fotmob.com/image_resources/playerimages/873856.png,188.0,26.0,1999-07-06,9839,VVV-Venlo,Keeper,,0.0,0.0,0.0,0.0,0.0,11,GK,193253.0,,,,https://images.fotmob.com/image_resources/logo/teamlogo/9839.png
287981,Curaçao,1125997.0,Shurandy Sambo,1.0,2.0,https://images.fotmob.com/image_resources/playerimages/1125997.png,174.0,24.0,2001-08-19,8614,Sparta Rotterdam,Defender,,0.0,0.0,0.0,0.0,0.0,32,RB,1480605.0,,,,https://images.fotmob.com/image_resources/logo/teamlogo/8614.png
287981,Curaçao,708738.0,Juriën Gaari,1.0,3.0,https://images.fotmob.com/image_resources/playerimages/708738.png,180.0,32.0,1993-12-23,150414,Abha,Defender,6.42,0.0,0.0,0.0,0.0,1.0,34,CB,193545.0,,,,https://images.fotmob.com/image_resources/logo/teamlogo/150414.png
287981,Curaçao,924844.0,Roshon van Eijma,1.0,4.0,https://images.fotmob.com/image_resources/playerimages/924844.png,186.0,28.0,1998-06-09,10219,RKC Waalwijk,Defender,6.32,0.0,0.0,0.0,0.0,0.0,34,CB,119231.0,,,,https://images.fotmob.com/image_resources/logo/teamlogo/10219.png
287981,Curaçao,671327.0,Sherel Floranus,1.0,5.0,https://images.fotmob.com/image_resources/playerimages/671327.png,181.0,27.0,1998-08-23,6413,PEC Zwolle,Defender,6.38,0.0,0.0,0.0,0.0,0.0,"38,32","LB,RB",831414.0,,,,https://images.fotmob.com/image_resources/logo/teamlogo/6413.png
287981,Curaçao,794244.0,Armando Obispo,1.0,18.0,https://images.fotmob.com/image_resources/playerimages/794244.png,184.0,27.0,1999-03-05,8640,PSV Eindhoven,Defender,6.23,0.0,0.0,0.0,0.0,0.0,36,CB,2250193.0,,,,https://images.fotmob.com/image_resources/logo/teamlogo/8640.png
287981,Curaçao,389845.0,Joshua Brenet,1.0,20.0,https://images.fotmob.com/image_resources/playerimages/389845.png,181.0,32.0,1994-03-20,10182,Kayserispor,Defender,6.71,0.0,0.0,0.0,0.0,0.0,"32,51,38","RB,RWB,LB",678550.0,,,,https://images.fotmob.com/image_resources/logo/teamlogo/10182.png
287981,Curaçao,467479.0,Riechedly Bazoer,1.0,23.0,https://images.fotmob.com/image_resources/playerimages/467479.png,184.0,29.0,1996-10-12,8622,Konyaspor,Defender,4.1,0.0,0.0,0.0,0.0,0.0,34,CB,1155782.0,,,,https://images.fotmob.com/image_resources/logo/teamlogo/8622.png
287981,Curaçao,1335315.0,Deveron Fonville,1.0,24.0,https://images.fotmob.com/image_resources/playerimages/1335315.png,178.0,23.0,2003-05-16,8464,NEC Nijmegen,Defender,6.16,0.0,0.0,0.0,0.0,0.0,"37,38,59","CB,LB,LWB",1337478.0,,,,https://images.fotmob.com/image_resources/logo/teamlogo/8464.png
287981,Curaçao,938524.0,Godfried Roemeratoe,2.0,6.0,https://images.fotmob.com/image_resources/playerimages/938524.png,180.0,26.0,1999-08-19,10219,RKC Waalwijk,Midfielder,,0.0,0.0,0.0,0.0,0.0,"74,64","CM,CDM",159281.0,,,,https://images.fotmob.com/image_resources/logo/teamlogo/10219.png
287981,Curaçao,614574.0,Juninho Bacuna,2.0,7.0,https://images.fotmob.com/image_resources/playerimages/614574.png,178.0,28.0,1997-08-07,6601,FC Volendam,Midfielder,6.95,0.0,0.0,0.0,0.0,2.0,"64,77,84,78,105","CDM,CM,CAM,LM,ST",1452865.0,,,,https://images.fotmob.com/image_resources/logo/teamlogo/6601.png
287981,Curaçao,1243246.0,Livano Comenencia,2.0,8.0,https://images.fotmob.com/image_resources/playerimages/1243246.png,191.0,22.0,2004-02-03,10243,FC Zürich,Midfielder,6.98,1.0,0.0,0.0,0.0,1.0,"74,32,38,63,68","CM,RB,LB,CDM,LWB",1017772.0,,,,https://images.fotmob.com/image_resources/logo/teamlogo/10243.png
287981,Curaçao,183500.0,Leandro Bacuna,2.0,10.0,https://images.fotmob.com/image_resources/playerimages/183500.png,187.0,34.0,1991-08-21,1281818,Igdir FK,Midfielder,6.71,0.0,0.0,0.0,0.0,1.0,"76,66,85,107,78,33,83","CM,CDM,CAM,LW,LM,CB,RW",187406.0,,,,https://images.fotmob.com/image_resources/logo/teamlogo/1281818.png
287981,Curaçao,1439121.0,Tyrese Noslin,2.0,13.0,https://images.fotmob.com/image_resources/playerimages/1439121.png,182.0,23.0,2002-09-11,6414,Telstar,Midfielder,6.22,0.0,0.0,0.0,0.0,0.0,"62,72","RWB,RM",1217503.0,,,,https://images.fotmob.com/image_resources/logo/teamlogo/6414.png
287981,Curaçao,751066.0,Tahith Chong,2.0,21.0,https://images.fotmob.com/image_resources/playerimages/751066.png,185.0,26.0,1999-12-04,8657,Sheffield United,Midfielder,6.85,0.0,0.0,0.0,0.0,0.0,"72,83","RM,RW",2849292.0,,,,https://images.fotmob.com/image_resources/logo/teamlogo/8657.png
287981,Curaçao,875845.0,Kevin Felida,2.0,22.0,https://images.fotmob.com/image_resources/playerimages/875845.png,174.0,26.0,1999-11-11,9835,FC Den Bosch,Midfielder,,0.0,0.0,0.0,0.0,0.0,"75,65","CM,CDM",243895.0,,,,https://images.fotmob.com/image_resources/logo/teamlogo/9835.png
287981,Curaçao,289441.0,Jürgen Locadia,3.0,9.0,https://images.fotmob.com/image_resources/playerimages/289441.png,185.0,32.0,1993-11-07,721896,Miami FC,Attacker,5.93,0.0,0.0,0.0,0.0,0.0,105,ST,124148.0,,,,https://images.fotmob.com/image_resources/logo/teamlogo/721896.png
287981,Curaçao,1210947.0,Jeremy Antonisse,3.0,11.0,https://images.fotmob.com/image_resources/playerimages/1210947.png,180.0,24.0,2002-03-29,488099,Kifisia FC,Attacker,6.56,0.0,0.0,0.0,0.0,0.0,"87,78","LW,LM",815105.0,,,,https://images.fotmob.com/image_resources/logo/teamlogo/488099.png
287981,Curaçao,1050160.0,Sontje Hansen,3.0,12.0,https://images.fotmob.com/image_resources/playerimages/1050160.png,172.0,24.0,2002-05-18,8549,Middlesbrough,Attacker,6.63,0.0,0.0,0.0,0.0,0.0,"103,86,107","RW,CAM,LW",4401694.0,,,,https://images.fotmob.com/image_resources/logo/teamlogo/8549.png
287981,Curaçao,643232.0,Kenji Gorré,3.0,14.0,https://images.fotmob.com/image_resources/playerimages/643232.png,177.0,31.0,1994-09-29,10185,Maccabi Haifa,Attacker,6.08,0.0,0.0,0.0,0.0,0.0,"88,79","LW,LM",488621.0,,,,https://images.fotmob.com/image_resources/logo/teamlogo/10185.png
287981,Curaçao,1180735.0,Arjany Martha,3.0,15.0,https://images.fotmob.com/image_resources/playerimages/1180735.png,180.0,22.0,2003-09-04,8119,Rotherham United,Attacker,,0.0,0.0,0.0,0.0,0.0,"83,104,85,78,87,77","RW,ST,CAM,LM,LW,CM",673874.0,,,,https://images.fotmob.com/image_resources/logo/teamlogo/8119.png
287981,Curaçao,1180784.0,Jearl Margaritha,3.0,16.0,https://images.fotmob.com/image_resources/playerimages/1180784.png,181.0,26.0,2000-04-10,8475,SK Beveren,Attacker,5.86,0.0,0.0,0.0,0.0,0.0,"87,82,78","LW,RW,LM",537729.0,,,,https://images.fotmob.com/image_resources/logo/teamlogo/8475.png
287981,Curaçao,352358.0,Brandley Kuwas,3.0,17.0,https://images.fotmob.com/image_resources/playerimages/352358.png,178.0,33.0,1992-09-19,6601,FC Volendam,Attacker,,0.0,0.0,0.0,0.0,0.0,"115,83,85","ST,RW,CAM",421457.0,,,,https://images.fotmob.com/image_resources/logo/teamlogo/6601.png
287981,Curaçao,380942.0,Gervane Kastaneer,3.0,19.0,https://images.fotmob.com/image_resources/playerimages/380942.png,176.0,30.0,1996-06-09,165229,Terengganu,Attacker,5.99,0.0,0.0,0.0,0.0,2.0,"115,107,75","ST,LW,CM",102336.0,,,,https://images.fotmob.com/image_resources/logo/teamlogo/165229.png
6708,Netherlands,78673.0,Ronald Koeman,,,https://images.fotmob.com/image_resources/playerimages/78673.png,,63.0,1963-03-21,NED,Netherlands,Coach,,,,,,,,,,,,,https://images.fotmob.com/image_resources/logo/teamlogo/ned.png
6708,Netherlands,1131987.0,Bart Verbruggen,0.0,1.0,https://images.fotmob.com/image_resources/playerimages/1131987.png,193.0,23.0,2002-08-18,10204,Brighton & Hove Albion,Keeper,,0.0,0.0,0.0,0.0,0.0,11,GK,53625512.0,,,,https://images.fotmob.com/image_resources/logo/teamlogo/10204.png
6708,Netherlands,1125720.0,Robin Roefs,0.0,13.0,https://images.fotmob.com/image_resources/playerimages/1125720.png,193.0,23.0,2003-01-17,8472,Sunderland,Keeper,,0.0,0.0,0.0,0.0,0.0,11,GK,24877369.0,,,,https://images.fotmob.com/image_resources/logo/teamlogo/8472.png
6708,Netherlands,330643.0,Mark Flekken,0.0,23.0,https://images.fotmob.com/image_resources/playerimages/330643.png,189.0,33.0,1993-06-13,8178,Bayer Leverkusen,Keeper,,0.0,0.0,0.0,0.0,0.0,11,GK,6837503.0,,,,https://images.fotmob.com/image_resources/logo/teamlogo/8178.png
6708,Netherlands,881640.0,Lutsharel Geertruida,1.0,2.0,https://images.fotmob.com/image_resources/playerimages/881640.png,184.0,25.0,2000-07-18,8472,Sunderland,Defender,,0.0,0.0,0.0,0.0,0.0,"32,66,37","RB,CDM,CB",24828837.0,,,,https://images.fotmob.com/image_resources/logo/teamlogo/8472.png
6708,Netherlands,209405.0,Virgil van Dijk,1.0,4.0,https://images.fotmob.com/image_resources/playerimages/209405.png,193.0,34.0,1991-07-08,8650,Liverpool,Defender,,0.0,0.0,0.0,0.0,0.0,36,CB,7784567.0,,,,https://images.fotmob.com/image_resources/logo/teamlogo/8650.png
6708,Netherlands,417068.0,Nathan Aké,1.0,5.0,https://images.fotmob.com/image_resources/playerimages/417068.png,180.0,31.0,1995-02-18,8456,Manchester City,Defender,,0.0,0.0,0.0,0.0,0.0,"36,38","CB,LB",14898189.0,,,,https://images.fotmob.com/image_resources/logo/teamlogo/8456.png
6708,Netherlands,974618.0,Jan Paul van Hecke,1.0,6.0,https://images.fotmob.com/image_resources/playerimages/974618.png,189.0,26.0,2000-06-08,8586,Tottenham Hotspur,Defender,,0.0,0.0,0.0,0.0,0.0,34,CB,44255689.0,,,,https://images.fotmob.com/image_resources/logo/teamlogo/8586.png
6708,Netherlands,970243.0,Mats Wieffer,1.0,12.0,https://images.fotmob.com/image_resources/playerimages/970243.png,188.0,26.0,1999-11-16,10204,Brighton & Hove Albion,Defender,,0.0,0.0,0.0,0.0,0.0,32,RB,19452517.0,,,,https://images.fotmob.com/image_resources/logo/teamlogo/10204.png
6708,Netherlands,1097466.0,Micky van de Ven,1.0,15.0,https://images.fotmob.com/image_resources/playerimages/1097466.png,193.0,25.0,2001-04-19,8586,Tottenham Hotspur,Defender,,0.0,0.0,0.0,0.0,0.0,"36,38","CB,LB",73480078.0,,,,https://images.fotmob.com/image_resources/logo/teamlogo/8586.png
6708,Netherlands,1413846.0,Jorrel Hato,1.0,25.0,https://images.fotmob.com/image_resources/playerimages/1413846.png,182.0,20.0,2006-03-07,8455,Chelsea,Defender,,0.0,0.0,0.0,0.0,0.0,"38,36","LB,CB",55075970.0,,,,https://images.fotmob.com/image_resources/logo/teamlogo/8455.png
6708,Netherlands,198559.0,Marten de Roon,2.0,3.0,https://images.fotmob.com/image_resources/playerimages/198559.png,185.0,35.0,1991-03-29,8524,Atalanta,Midfielder,,0.0,0.0,0.0,0.0,0.0,"64,76,37","CDM,CM,CB",2333589.0,,,,https://images.fotmob.com/image_resources/logo/teamlogo/8524.png
6708,Netherlands,794253.0,Justin Kluivert,2.0,7.0,https://images.fotmob.com/image_resources/playerimages/794253.png,175.0,27.0,1999-05-05,8678,AFC Bournemouth,Midfielder,,0.0,0.0,0.0,0.0,0.0,85,CAM,37311709.0,,,,https://images.fotmob.com/image_resources/logo/teamlogo/8678.png
6708,Netherlands,956683.0,Ryan Gravenberch,2.0,8.0,https://images.fotmob.com/image_resources/playerimages/956683.png,190.0,24.0,2002-05-16,8650,Liverpool,Midfielder,,0.0,0.0,0.0,0.0,0.0,"64,73,34","CDM,CM,CB",103776381.0,,,,https://images.fotmob.com/image_resources/logo/teamlogo/8650.png
6708,Netherlands,868344.0,Tijjani Reijnders,2.0,14.0,https://images.fotmob.com/image_resources/playerimages/868344.png,185.0,27.0,1998-07-29,8456,Manchester City,Midfielder,,0.0,0.0,0.0,0.0,0.0,"86,75,66","CAM,CM,CDM",61928578.0,,,,https://images.fotmob.com/image_resources/logo/teamlogo/8456.png
6708,Netherlands,866516.0,Teun Koopmeiners,2.0,20.0,https://images.fotmob.com/image_resources/playerimages/866516.png,186.0,28.0,1998-02-28,9885,Juventus,Midfielder,,0.0,0.0,0.0,0.0,0.0,"37,64,73,84","CB,CDM,CM,CAM",26044272.0,,,,https://images.fotmob.com/image_resources/logo/teamlogo/9885.png
6708,Netherlands,638622.0,Frenkie de Jong,2.0,21.0,https://images.fotmob.com/image_resources/playerimages/638622.png,181.0,29.0,1997-05-12,8634,Barcelona,Midfielder,,0.0,0.0,0.0,0.0,0.0,"66,75","CDM,CM",42810860.0,,,,https://images.fotmob.com/image_resources/logo/teamlogo/8634.png
6708,Netherlands,593118.0,Denzel Dumfries,2.0,22.0,https://images.fotmob.com/image_resources/playerimages/593118.png,189.0,30.0,1996-04-18,8636,Inter,Midfielder,,0.0,0.0,0.0,0.0,0.0,"71,32","RM,RB",22125802.0,,,,https://images.fotmob.com/image_resources/logo/teamlogo/8636.png
6708,Netherlands,970563.0,Quinten Timber,2.0,26.0,https://images.fotmob.com/image_resources/playerimages/970563.png,179.0,25.0,2001-06-17,8592,Marseille,Midfielder,,0.0,0.0,0.0,0.0,0.0,"66,85,77","CDM,CAM,CM",25121246.0,,,,https://images.fotmob.com/image_resources/logo/teamlogo/8592.png
6708,Netherlands,351999.0,Wout Weghorst,3.0,9.0,https://images.fotmob.com/image_resources/playerimages/351999.png,197.0,33.0,1992-08-07,8593,Ajax,Attacker,,0.0,0.0,0.0,0.0,0.0,105,ST,1624222.0,,,,https://images.fotmob.com/image_resources/logo/teamlogo/8593.png
6708,Netherlands,303824.0,Memphis Depay,3.0,10.0,https://images.fotmob.com/image_resources/playerimages/303824.png,176.0,32.0,1994-02-13,9808,Corinthians,Attacker,,0.0,0.0,0.0,0.0,0.0,106,ST,4100118.0,,,,https://images.fotmob.com/image_resources/logo/teamlogo/9808.png
6708,Netherlands,806552.0,Cody Gakpo,3.0,11.0,https://images.fotmob.com/image_resources/playerimages/806552.png,193.0,27.0,1999-05-07,8650,Liverpool,Attacker,,0.0,0.0,0.0,0.0,0.0,"87,115,78","LW,ST,LM",69100412.0,,,,https://images.fotmob.com/image_resources/logo/teamlogo/8650.png
6708,Netherlands,774947.0,Guus Til,3.0,16.0,https://images.fotmob.com/image_resources/playerimages/774947.png,183.0,28.0,1997-12-22,8640,PSV Eindhoven,Attacker,,0.0,0.0,0.0,0.0,0.0,"115,85,73","ST,CAM,CM",15157329.0,,,,https://images.fotmob.com/image_resources/logo/teamlogo/8640.png
6708,Netherlands,837341.0,Noa Lang,3.0,17.0,https://images.fotmob.com/image_resources/playerimages/837341.png,170.0,27.0,1999-06-17,8637,Galatasaray,Attacker,,0.0,0.0,0.0,0.0,0.0,"87,86","LW,CAM",22440238.0,,,,https://images.fotmob.com/image_resources/logo/teamlogo/8637.png
6708,Netherlands,660301.0,Donyell Malen,3.0,18.0,https://images.fotmob.com/image_resources/playerimages/660301.png,179.0,27.0,1999-01-19,8686,Roma,Attacker,,0.0,0.0,0.0,0.0,0.0,"105,103","ST,RW",19072243.0,,,,https://images.fotmob.com/image_resources/logo/teamlogo/8686.png
6708,Netherlands,940446.0,Brian Brobbey,3.0,19.0,https://images.fotmob.com/image_resources/playerimages/940446.png,180.0,24.0,2002-02-01,8472,Sunderland,Attacker,,0.0,0.0,0.0,0.0,0.0,115,ST,27701983.0,,,,https://images.fotmob.com/image_resources/logo/teamlogo/8472.png
6708,Netherlands,941213.0,Crysencio Summerville,3.0,24.0,https://images.fotmob.com/image_resources/playerimages/941213.png,174.0,24.0,2001-10-30,8654,West Ham United,Attacker,,0.0,0.0,0.0,0.0,0.0,"87,78,103,106,86","LW,LM,RW,ST,CAM",30960417.0,,,,https://images.fotmob.com/image_resources/logo/teamlogo/8654.png
6715,Japan,431269.0,Hajime Moriyasu,,,https://images.fotmob.com/image_resources/playerimages/431269.png,,57.0,1968-08-23,JPN,Japan,Coach,,,,,,,,,,,,,https://images.fotmob.com/image_resources/logo/teamlogo/jpn.png
6715,Japan,1053679.0,Zion Suzuki,0.0,1.0,https://images.fotmob.com/image_resources/playerimages/1053679.png,189.0,23.0,2002-08-21,10167,Parma,Keeper,7.13,0.0,0.0,0.0,0.0,0.0,11,GK,24076008.0,,,,https://images.fotmob.com/image_resources/logo/teamlogo/10167.png
6715,Japan,922808.0,Keisuke Osako,0.0,12.0,https://images.fotmob.com/image_resources/playerimages/922808.png,186.0,26.0,1999-07-28,6224,Sanfrecce Hiroshima,Keeper,,0.0,0.0,0.0,0.0,0.0,11,GK,1621373.0,,,,https://images.fotmob.com/image_resources/logo/teamlogo/6224.png
6715,Japan,1232143.0,Tomoki Hayakawa,0.0,23.0,https://images.fotmob.com/image_resources/playerimages/1232143.png,186.0,27.0,1999-03-03,4397,Kashima Antlers,Keeper,,0.0,0.0,0.0,0.0,0.0,11,GK,1203455.0,,,,https://images.fotmob.com/image_resources/logo/teamlogo/4397.png
6715,Japan,924610.0,Yukinari Sugawara,1.0,2.0,https://images.fotmob.com/image_resources/playerimages/924610.png,179.0,26.0,2000-06-28,8697,Werder Bremen,Defender,6.54,0.0,0.0,0.0,0.0,0.0,"32,62,71","RB,RWB,RM",6468523.0,,,,https://images.fotmob.com/image_resources/logo/teamlogo/8697.png
6715,Japan,523731.0,Shogo Taniguchi,1.0,3.0,https://images.fotmob.com/image_resources/playerimages/523731.png,182.0,34.0,1991-07-15,9997,St.Truiden,Defender,6.39,0.0,0.0,0.0,0.0,0.0,34,CB,489195.0,,,,https://images.fotmob.com/image_resources/logo/teamlogo/9997.png
6715,Japan,620917.0,Ko Itakura,1.0,4.0,https://images.fotmob.com/image_resources/playerimages/620917.png,185.0,29.0,1997-01-27,8593,Ajax,Defender,,0.0,0.0,0.0,0.0,0.0,"34,75","CB,CM",10542063.0,,,,https://images.fotmob.com/image_resources/logo/teamlogo/8593.png
6715,Japan,98254.0,Yuto Nagatomo,1.0,5.0,https://images.fotmob.com/image_resources/playerimages/98254.png,170.0,39.0,1986-09-12,4399,FC Tokyo,Defender,,0.0,0.0,0.0,0.0,0.0,"32,38","RB,LB",163495.0,,,,https://images.fotmob.com/image_resources/logo/teamlogo/4399.png
6715,Japan,1023887.0,Tsuyoshi Watanabe,1.0,16.0,https://images.fotmob.com/image_resources/playerimages/1023887.png,186.0,29.0,1997-02-05,10235,Feyenoord,Defender,,0.0,0.0,0.0,0.0,0.0,36,CB,10544746.0,,,,https://images.fotmob.com/image_resources/logo/teamlogo/10235.png
6715,Japan,857120.0,Ayumu Seko,1.0,20.0,https://images.fotmob.com/image_resources/playerimages/857120.png,183.0,26.0,2000-06-07,9746,Le Havre,Defender,,0.0,0.0,0.0,0.0,0.0,"34,65,75","CB,CDM,CM",2539138.0,,,,https://images.fotmob.com/image_resources/logo/teamlogo/9746.png
6715,Japan,851626.0,Hiroki Ito,1.0,21.0,https://images.fotmob.com/image_resources/playerimages/851626.png,186.0,27.0,1999-05-12,9823,Bayern München,Defender,5.64,0.0,0.0,0.0,0.0,0.0,"37,38","CB,LB",19385815.0,,,,https://images.fotmob.com/image_resources/logo/teamlogo/9823.png
6715,Japan,664444.0,Takehiro Tomiyasu,1.0,22.0,https://images.fotmob.com/image_resources/playerimages/664444.png,188.0,27.0,1998-11-05,8593,Ajax,Defender,6.65,0.0,0.0,0.0,0.0,0.0,"33,38","CB,LB",5242510.0,,,,https://images.fotmob.com/image_resources/logo/teamlogo/8593.png
6715,Japan,1337765.0,Junnosuke Suzuki,1.0,25.0,https://images.fotmob.com/image_resources/playerimages/1337765.png,180.0,22.0,2003-07-12,8391,FC København,Defender,5.79,0.0,0.0,0.0,0.0,0.0,"32,37","RB,CB",2067431.0,,,,https://images.fotmob.com/image_resources/logo/teamlogo/8391.png
6715,Japan,935728.0,Ao Tanaka,2.0,7.0,https://images.fotmob.com/image_resources/playerimages/935728.png,180.0,27.0,1998-09-10,8463,Leeds United,Midfielder,5.41,0.0,0.0,0.0,0.0,0.0,"66,73,85","CDM,CM,CAM",12091809.0,,,,https://images.fotmob.com/image_resources/logo/teamlogo/8463.png
6715,Japan,629805.0,Ritsu Doan,2.0,10.0,https://images.fotmob.com/image_resources/playerimages/629805.png,172.0,28.0,1998-06-16,9810,Eintracht Frankfurt,Midfielder,6.09,0.0,0.0,0.0,0.0,0.0,"83,62,84,71,73","RW,RWB,CAM,RM,CM",21662153.0,,,,https://images.fotmob.com/image_resources/logo/teamlogo/9810.png
6715,Japan,621515.0,Daichi Kamada,2.0,15.0,https://images.fotmob.com/image_resources/playerimages/621515.png,184.0,29.0,1996-08-05,9826,Crystal Palace,Midfielder,6.22,0.0,0.0,0.0,0.0,0.0,"66,86,76","CDM,CAM,CM",10248016.0,,,,https://images.fotmob.com/image_resources/logo/teamlogo/9826.png
6715,Japan,1134467.0,Yuito Suzuki,2.0,17.0,https://images.fotmob.com/image_resources/playerimages/1134467.png,175.0,24.0,2001-10-25,8358,Freiburg,Midfielder,,0.0,0.0,0.0,0.0,0.0,85,CAM,13707399.0,,,,https://images.fotmob.com/image_resources/logo/teamlogo/8358.png
6715,Japan,1033111.0,Kaishu Sano,2.0,24.0,https://images.fotmob.com/image_resources/playerimages/1033111.png,176.0,25.0,2000-12-30,9905,Mainz 05,Midfielder,7.2,0.0,0.0,0.0,0.0,0.0,"75,64","CM,CDM",29248440.0,,,,https://images.fotmob.com/image_resources/logo/teamlogo/9905.png
6715,Japan,915111.0,Shuto Machino,3.0,6.0,https://images.fotmob.com/image_resources/playerimages/915111.png,184.0,26.0,1999-09-30,9788,Borussia Mönchengladbach,Attacker,5.96,0.0,0.0,0.0,0.0,0.0,"105,84","ST,CAM",5938750.0,,,,https://images.fotmob.com/image_resources/logo/teamlogo/9788.png
6715,Japan,848289.0,Takefusa Kubo,3.0,8.0,https://images.fotmob.com/image_resources/playerimages/848289.png,174.0,25.0,2001-06-04,8560,Real Sociedad,Attacker,,0.0,0.0,0.0,0.0,0.0,"82,84,72","RW,CAM,RM",32739969.0,True,124,A few weeks,https://images.fotmob.com/image_resources/logo/teamlogo/8560.png
6715,Japan,1436730.0,Keisuke Goto,3.0,9.0,https://images.fotmob.com/image_resources/playerimages/1436730.png,191.0,21.0,2005-06-03,8358,Freiburg,Attacker,,0.0,0.0,0.0,0.0,0.0,115,ST,3310886.0,,,,https://images.fotmob.com/image_resources/logo/teamlogo/8358.png
6715,Japan,728765.0,Daizen Maeda,3.0,11.0,https://images.fotmob.com/image_resources/playerimages/728765.png,173.0,28.0,1997-10-20,9925,Celtic,Attacker,6.82,0.0,0.0,0.0,0.0,0.0,"105,107,103,86,79,68","ST,LW,RW,CAM,LM,LWB",12567723.0,,,,https://images.fotmob.com/image_resources/logo/teamlogo/9925.png
6715,Japan,887704.0,Keito Nakamura,3.0,13.0,https://images.fotmob.com/image_resources/playerimages/887704.png,180.0,25.0,2000-07-28,9837,Reims,Attacker,6.11,0.0,0.0,0.0,0.0,0.0,"87,68,115,78","LW,LWB,ST,LM",9885463.0,,,,https://images.fotmob.com/image_resources/logo/teamlogo/9837.png
6715,Japan,604044.0,Junya Ito,3.0,14.0,https://images.fotmob.com/image_resources/playerimages/604044.png,176.0,33.0,1993-03-09,9987,Genk,Attacker,6.48,0.0,0.0,0.0,0.0,0.0,"87,83,84,62,72","LW,RW,CAM,RWB,RM",2254407.0,,,,https://images.fotmob.com/image_resources/logo/teamlogo/9987.png
6715,Japan,942393.0,Ayase Ueda,3.0,18.0,https://images.fotmob.com/image_resources/playerimages/942393.png,182.0,27.0,1998-08-28,10235,Feyenoord,Attacker,6.16,0.0,0.0,0.0,0.0,0.0,115,ST,17343060.0,,,,https://images.fotmob.com/image_resources/logo/teamlogo/10235.png
6715,Japan,727837.0,Koki Ogawa,3.0,19.0,https://images.fotmob.com/image_resources/playerimages/727837.png,186.0,28.0,1997-08-08,8464,NEC Nijmegen,Attacker,,0.0,0.0,0.0,0.0,0.0,105,ST,1865763.0,,,,https://images.fotmob.com/image_resources/logo/teamlogo/8464.png
6715,Japan,1611223.0,Kento Shiogai,3.0,26.0,https://images.fotmob.com/image_resources/playerimages/1611223.png,180.0,21.0,2005-03-26,8721,Wolfsburg,Attacker,,0.0,0.0,0.0,0.0,0.0,106,ST,6568989.0,,,,https://images.fotmob.com/image_resources/logo/teamlogo/8721.png
8520,Sweden,24347.0,Graham Potter,,,https://images.fotmob.com/image_resources/playerimages/24347.png,,51.0,1975-05-20,ENG,England,Coach,,,,,,,,,,,,,https://images.fotmob.com/image_resources/logo/teamlogo/eng.png
8520,Sweden,1014602.0,Jacob Widell Zetterström,0.0,1.0,https://images.fotmob.com/image_resources/playerimages/1014602.png,195.0,27.0,1998-07-11,10170,Derby County,Keeper,,0.0,0.0,0.0,0.0,0.0,11,GK,1882189.0,,,,https://images.fotmob.com/image_resources/logo/teamlogo/10170.png
8520,Sweden,546252.0,Viktor Johansson,0.0,12.0,https://images.fotmob.com/image_resources/playerimages/546252.png,186.0,27.0,1998-09-14,10194,Stoke City,Keeper,,0.0,0.0,0.0,0.0,0.0,11,GK,9884394.0,,,,https://images.fotmob.com/image_resources/logo/teamlogo/10194.png
8520,Sweden,73462.0,Kristoffer Nordfeldt,0.0,23.0,https://images.fotmob.com/image_resources/playerimages/73462.png,190.0,37.0,1989-06-23,8349,AIK,Keeper,,0.0,0.0,0.0,0.0,0.0,11,GK,217223.0,,,,https://images.fotmob.com/image_resources/logo/teamlogo/8349.png
8520,Sweden,919848.0,Gustaf Lagerbielke,1.0,2.0,https://images.fotmob.com/image_resources/playerimages/919848.png,193.0,26.0,2000-04-10,10264,Braga,Defender,,0.0,0.0,0.0,0.0,0.0,"33,32,38","CB,RB,LB",3401708.0,,,,https://images.fotmob.com/image_resources/logo/teamlogo/10264.png
8520,Sweden,258269.0,Victor Nilsson Lindelöf,1.0,3.0,https://images.fotmob.com/image_resources/playerimages/258269.png,187.0,31.0,1994-07-17,10252,Aston Villa,Defender,,0.0,0.0,0.0,0.0,0.0,"36,64,32","CB,CDM,RB",5475241.0,,,,https://images.fotmob.com/image_resources/logo/teamlogo/10252.png
8520,Sweden,939780.0,Isak Hien,1.0,4.0,https://images.fotmob.com/image_resources/playerimages/939780.png,191.0,27.0,1999-01-13,8524,Atalanta,Defender,,0.0,0.0,0.0,0.0,0.0,35,CB,27175871.0,True,42,Early August 2026,https://images.fotmob.com/image_resources/logo/teamlogo/8524.png
8520,Sweden,744494.0,Gabriel Gudmundsson,1.0,5.0,https://images.fotmob.com/image_resources/playerimages/744494.png,181.0,27.0,1999-04-29,8463,Leeds United,Defender,,0.0,0.0,0.0,0.0,0.0,"68,38,79,37","LWB,LB,LM,CB",20599472.0,,,,https://images.fotmob.com/image_resources/logo/teamlogo/8463.png
8520,Sweden,831044.0,Hjalmar Ekdal,1.0,14.0,https://images.fotmob.com/image_resources/playerimages/831044.png,187.0,27.0,1998-10-21,8191,Burnley,Defender,,0.0,0.0,0.0,0.0,0.0,34,CB,6830236.0,,,,https://images.fotmob.com/image_resources/logo/teamlogo/8191.png
8520,Sweden,497662.0,Carl Starfelt,1.0,15.0,https://images.fotmob.com/image_resources/playerimages/497662.png,185.0,31.0,1995-06-01,9910,Celta Vigo,Defender,,0.0,0.0,0.0,0.0,0.0,35,CB,3991272.0,,,,https://images.fotmob.com/image_resources/logo/teamlogo/9910.png
8520,Sweden,531327.0,Eric Smith,1.0,20.0,https://images.fotmob.com/image_resources/playerimages/531327.png,190.0,29.0,1997-01-08,8152,St. Pauli,Defender,,0.0,0.0,0.0,0.0,0.0,"35,66","CB,CDM",3733183.0,,,,https://images.fotmob.com/image_resources/logo/teamlogo/8152.png
8520,Sweden,946703.0,Herman Johansson,2.0,6.0,https://images.fotmob.com/image_resources/playerimages/946703.png,190.0,28.0,1997-10-16,6399,FC Dallas,Midfielder,,0.0,0.0,0.0,0.0,0.0,"72,33,62,32","RM,CB,RWB,RB",1226993.0,,,,https://images.fotmob.com/image_resources/logo/teamlogo/6399.png
8520,Sweden,1386775.0,Lucas Bergvall,2.0,7.0,https://images.fotmob.com/image_resources/playerimages/1386775.png,186.0,20.0,2006-02-02,8586,Tottenham Hotspur,Midfielder,,0.0,0.0,0.0,0.0,0.0,"73,85,78,64,87","CM,CAM,LM,CDM,LW",57017886.0,,,,https://images.fotmob.com/image_resources/logo/teamlogo/8586.png
8520,Sweden,1209228.0,Daniel Svensson,2.0,8.0,https://images.fotmob.com/image_resources/playerimages/1209228.png,183.0,24.0,2002-02-12,9789,Borussia Dortmund,Midfielder,,0.0,0.0,0.0,0.0,0.0,"68,79,38","LWB,LM,LB",26973673.0,,,,https://images.fotmob.com/image_resources/logo/teamlogo/9789.png
8520,Sweden,931605.0,Benjamin Nygren,2.0,10.0,https://images.fotmob.com/image_resources/playerimages/931605.png,184.0,24.0,2001-07-08,9925,Celtic,Midfielder,,0.0,0.0,0.0,0.0,0.0,"85,73,103,104","CAM,CM,RW,ST",8612651.0,,,,https://images.fotmob.com/image_resources/logo/teamlogo/9925.png
8520,Sweden,520670.0,Ken Sema,2.0,13.0,https://images.fotmob.com/image_resources/playerimages/520670.png,177.0,32.0,1993-09-30,2137,Pafos FC,Midfielder,,0.0,0.0,0.0,0.0,0.0,"68,38,87,79","LWB,LB,LW,LM",597495.0,,,,https://images.fotmob.com/image_resources/logo/teamlogo/2137.png
8520,Sweden,322003.0,Jesper Karlström,2.0,16.0,https://images.fotmob.com/image_resources/playerimages/322003.png,182.0,31.0,1995-06-21,8600,Udinese,Midfielder,,0.0,0.0,0.0,0.0,0.0,"75,64","CM,CDM",3322444.0,,,,https://images.fotmob.com/image_resources/logo/teamlogo/8600.png
8520,Sweden,1168311.0,Yasin Ayari,2.0,18.0,https://images.fotmob.com/image_resources/playerimages/1168311.png,172.0,22.0,2003-10-06,10204,Brighton & Hove Albion,Midfielder,,0.0,0.0,0.0,0.0,0.0,"66,75","CDM,CM",38294536.0,,,,https://images.fotmob.com/image_resources/logo/teamlogo/10204.png
8520,Sweden,647900.0,Mattias Svanberg,2.0,19.0,https://images.fotmob.com/image_resources/playerimages/647900.png,178.0,27.0,1999-01-05,8721,Wolfsburg,Midfielder,,0.0,0.0,0.0,0.0,0.0,"64,73,87,85","CDM,CM,LW,CAM",9927830.0,,,,https://images.fotmob.com/image_resources/logo/teamlogo/8721.png
8520,Sweden,1014688.0,Alexander Bernhardsson,2.0,21.0,https://images.fotmob.com/image_resources/playerimages/1014688.png,185.0,27.0,1998-09-08,8150,Holstein Kiel,Midfielder,,0.0,0.0,0.0,0.0,0.0,"62,71,86,83","RWB,RM,CAM,RW",1891382.0,,,,https://images.fotmob.com/image_resources/logo/teamlogo/8150.png
8520,Sweden,1338361.0,Besfort Zeneli,2.0,22.0,https://images.fotmob.com/image_resources/playerimages/1338361.png,187.0,23.0,2002-11-21,7978,Union St.Gilloise,Midfielder,,0.0,0.0,0.0,0.0,0.0,"76,85,103,107","CM,CAM,RW,LW",4246705.0,,,,https://images.fotmob.com/image_resources/logo/teamlogo/7978.png
8520,Sweden,1272349.0,Elliot Stroud,2.0,24.0,https://images.fotmob.com/image_resources/playerimages/1272349.png,,24.0,2002-06-22,8127,Mjällby,Midfielder,,0.0,0.0,0.0,0.0,0.0,"78,107,103","LM,LW,RW",2132250.0,,,,https://images.fotmob.com/image_resources/logo/teamlogo/8127.png
8520,Sweden,1135782.0,Taha Abdi Ali,2.0,26.0,https://images.fotmob.com/image_resources/playerimages/1135782.png,,27.0,1998-07-01,10237,Malmö FF,Midfielder,,0.0,0.0,0.0,0.0,0.0,"72,104","RM,ST",642945.0,,,,https://images.fotmob.com/image_resources/logo/teamlogo/10237.png
8520,Sweden,690107.0,Alexander Isak,3.0,9.0,https://images.fotmob.com/image_resources/playerimages/690107.png,192.0,26.0,1999-09-21,8650,Liverpool,Attacker,,0.0,0.0,0.0,0.0,0.0,115,ST,103128085.0,,,,https://images.fotmob.com/image_resources/logo/teamlogo/8650.png
8520,Sweden,1050166.0,Anthony Elanga,3.0,11.0,https://images.fotmob.com/image_resources/playerimages/1050166.png,178.0,24.0,2002-04-27,10261,Newcastle United,Attacker,,0.0,0.0,0.0,0.0,0.0,"103,104,84","RW,ST,CAM",49770418.0,,,,https://images.fotmob.com/image_resources/logo/teamlogo/10261.png
8520,Sweden,664500.0,Viktor Gyökeres,3.0,17.0,https://images.fotmob.com/image_resources/playerimages/664500.png,187.0,28.0,1998-06-04,9825,Arsenal,Attacker,,0.0,0.0,0.0,0.0,0.0,105,ST,67519407.0,,,,https://images.fotmob.com/image_resources/logo/teamlogo/9825.png
8520,Sweden,118241.0,Gustaf Nilsson,3.0,25.0,https://images.fotmob.com/image_resources/playerimages/118241.png,197.0,29.0,1997-05-23,8342,Club Brugge,Attacker,,0.0,0.0,0.0,0.0,0.0,104,ST,1476050.0,,,,https://images.fotmob.com/image_resources/logo/teamlogo/8342.png
6719,Tunisia,192145.0,Hervé Renard,,,https://images.fotmob.com/image_resources/playerimages/192145.png,184.0,57.0,1968-09-30,FRA,France,Coach,,,,,,,,,,,,,https://images.fotmob.com/image_resources/logo/teamlogo/fra.png
6719,Tunisia,982855.0,Aymen Dahmen,0.0,16.0,https://images.fotmob.com/image_resources/playerimages/982855.png,188.0,29.0,1997-01-28,102106,CS Sfaxien,Keeper,5.8,0.0,0.0,0.0,0.0,0.0,11,GK,707355.0,,,,https://images.fotmob.com/image_resources/logo/teamlogo/102106.png
6719,Tunisia,543363.0,Sabri Ben Hassen,0.0,28.0,https://images.fotmob.com/image_resources/playerimages/543363.png,189.0,30.0,1996-06-13,6366,Etoile du Sahel,Keeper,,0.0,0.0,0.0,0.0,0.0,11,GK,341867.0,,,,https://images.fotmob.com/image_resources/logo/teamlogo/6366.png
6719,Tunisia,566187.0,Ali Abdi,1.0,2.0,https://images.fotmob.com/image_resources/playerimages/566187.png,177.0,32.0,1993-12-20,9831,Nice,Defender,5.89,0.0,0.0,0.0,0.0,0.0,"38,68,79","LB,LWB,LM",1680233.0,,,,https://images.fotmob.com/image_resources/logo/teamlogo/9831.png
6719,Tunisia,846392.0,Montassar Talbi,1.0,3.0,https://images.fotmob.com/image_resources/playerimages/846392.png,190.0,28.0,1998-05-26,8689,Lorient,Defender,5.3,0.0,0.0,0.0,0.0,0.0,35,CB,6419313.0,,,,https://images.fotmob.com/image_resources/logo/teamlogo/8689.png
6719,Tunisia,1160097.0,Omar Rekik,1.0,4.0,https://images.fotmob.com/image_resources/playerimages/1160097.png,188.0,24.0,2001-12-20,8340,Maribor,Defender,5.91,1.0,0.0,0.0,0.0,0.0,36,CB,390982.0,,,,https://images.fotmob.com/image_resources/logo/teamlogo/8340.png
6719,Tunisia,771686.0,Dylan Bronn,1.0,6.0,https://images.fotmob.com/image_resources/playerimages/771686.png,185.0,31.0,1995-06-19,9777,Servette,Defender,5.92,0.0,0.0,0.0,0.0,0.0,34,CB,542433.0,,,,https://images.fotmob.com/image_resources/logo/teamlogo/9777.png
6719,Tunisia,789596.0,Yan Valery,1.0,20.0,https://images.fotmob.com/image_resources/playerimages/789596.png,181.0,27.0,1999-02-22,10192,Young Boys,Defender,6.04,0.0,0.0,0.0,0.0,0.0,"32,51,73,64,33,71","RB,RWB,CM,CDM,CB,RM",803893.0,,,,https://images.fotmob.com/image_resources/logo/teamlogo/10192.png
6719,Tunisia,1131928.0,Mohamed Amine Ben Hmida,1.0,21.0,https://images.fotmob.com/image_resources/playerimages/1131928.png,181.0,30.0,1995-12-15,8153,Espérance,Defender,5.94,0.0,0.0,0.0,0.0,0.0,"38,37","LB,CB",399626.0,,,,https://images.fotmob.com/image_resources/logo/teamlogo/8153.png
6719,Tunisia,1413151.0,Moutaz Neffati,1.0,23.0,https://images.fotmob.com/image_resources/playerimages/1413151.png,182.0,21.0,2004-09-04,8449,IFK Norrköping,Defender,,0.0,0.0,0.0,0.0,0.0,"32,103","RB,RW",640227.0,,,,https://images.fotmob.com/image_resources/logo/teamlogo/8449.png
6719,Tunisia,1797902.0,Adem Arous,1.0,24.0,https://images.fotmob.com/image_resources/playerimages/1797902.png,188.0,21.0,2004-07-17,4685,Kasımpaşa,Defender,,0.0,0.0,0.0,0.0,0.0,"36,32","CB,RB",1574498.0,,,,https://images.fotmob.com/image_resources/logo/teamlogo/4685.png
6719,Tunisia,1015128.0,Elias Achouri,2.0,7.0,https://images.fotmob.com/image_resources/playerimages/1015128.png,187.0,27.0,1999-02-10,8391,FC København,Midfielder,6.2,0.0,0.0,0.0,0.0,0.0,"78,87,103","LM,LW,RW",2277817.0,,,,https://images.fotmob.com/image_resources/logo/teamlogo/8391.png
6719,Tunisia,1113785.0,Hannibal Mejbri,2.0,10.0,https://images.fotmob.com/image_resources/playerimages/1113785.png,177.0,23.0,2003-01-21,8191,Burnley,Midfielder,7.26,0.0,0.0,2.0,0.0,0.0,"85,77,66","CAM,CM,CDM",19732053.0,,,,https://images.fotmob.com/image_resources/logo/teamlogo/8191.png
6719,Tunisia,1244924.0,Ismaël Gharbi,2.0,11.0,https://images.fotmob.com/image_resources/playerimages/1244924.png,180.0,22.0,2004-04-10,8406,Augsburg,Midfielder,6.3,0.0,0.0,0.0,0.0,0.0,"86,74,88","CAM,CM,LW",8269620.0,,,,https://images.fotmob.com/image_resources/logo/teamlogo/8406.png
6719,Tunisia,304348.0,Rani Khedira,2.0,13.0,https://images.fotmob.com/image_resources/playerimages/304348.png,188.0,32.0,1994-01-27,8149,Union Berlin,Midfielder,5.77,0.0,0.0,0.0,0.0,1.0,"64,75","CDM,CM",1541477.0,,,,https://images.fotmob.com/image_resources/logo/teamlogo/8149.png
6719,Tunisia,1131896.0,Hadj Mahmoud,2.0,15.0,https://images.fotmob.com/image_resources/playerimages/1131896.png,179.0,26.0,2000-04-24,7896,Lugano,Midfielder,6.23,0.0,0.0,0.0,0.0,0.0,"73,84,66","CM,CAM,CDM",1475359.0,,,,https://images.fotmob.com/image_resources/logo/teamlogo/7896.png
6719,Tunisia,574642.0,Ellyes Skhiri,2.0,17.0,https://images.fotmob.com/image_resources/playerimages/574642.png,185.0,31.0,1995-05-10,9810,Eintracht Frankfurt,Midfielder,5.42,0.0,0.0,0.0,0.0,0.0,"66,75,35","CDM,CM,CB",4524103.0,,,,https://images.fotmob.com/image_resources/logo/teamlogo/9810.png
6719,Tunisia,1055316.0,Anis Ben Slimane,2.0,25.0,https://images.fotmob.com/image_resources/playerimages/1055316.png,188.0,25.0,2001-03-16,9850,Norwich City,Midfielder,6.45,0.0,0.0,0.0,0.0,0.0,85,CAM,2212019.0,,,,https://images.fotmob.com/image_resources/logo/teamlogo/9850.png
6719,Tunisia,1285773.0,Elias Saad,3.0,8.0,https://images.fotmob.com/image_resources/playerimages/1285773.png,185.0,26.0,1999-12-27,9904,Hannover 96,Attacker,5.91,0.0,0.0,0.0,0.0,0.0,"107,86,104","LW,CAM,ST",1881429.0,,,,https://images.fotmob.com/image_resources/logo/teamlogo/9904.png
6719,Tunisia,1311408.0,Hazem Mastouri,3.0,9.0,https://images.fotmob.com/image_resources/playerimages/1311408.png,191.0,29.0,1997-06-18,1068353,Dynamo Makhachkala,Attacker,7.98,1.0,0.0,0.0,0.0,0.0,"115,107,78","ST,LW,LM",672553.0,,,,https://images.fotmob.com/image_resources/logo/teamlogo/1068353.png
6719,Tunisia,1685596.0,Rayan Elloumi,3.0,18.0,https://images.fotmob.com/image_resources/playerimages/1685596.png,180.0,18.0,2007-09-17,307691,Vancouver Whitecaps,Attacker,,0.0,0.0,0.0,0.0,0.0,115,ST,1480363.0,,,,https://images.fotmob.com/image_resources/logo/teamlogo/307691.png
6719,Tunisia,845336.0,Firas Chaouat,3.0,19.0,https://images.fotmob.com/image_resources/playerimages/845336.png,185.0,30.0,1996-05-08,102102,Club Africain,Attacker,5.77,0.0,0.0,0.0,0.0,0.0,115,ST,804195.0,,,,https://images.fotmob.com/image_resources/logo/teamlogo/102102.png
6719,Tunisia,712132.0,Mortadha Ben Ouanes,3.0,21.0,https://images.fotmob.com/image_resources/playerimages/712132.png,188.0,31.0,1994-07-02,4685,Kasımpaşa,Attacker,6.16,0.0,0.0,0.0,0.0,0.0,"87,85,38,83,73","LW,CAM,LB,RW,CM",1251141.0,,,,https://images.fotmob.com/image_resources/logo/teamlogo/4685.png
6719,Tunisia,921919.0,Sebastian Tounekti,3.0,26.0,https://images.fotmob.com/image_resources/playerimages/921919.png,182.0,23.0,2002-07-13,9925,Celtic,Attacker,5.65,0.0,0.0,0.0,0.0,0.0,"107,83,106","LW,RW,ST",5636924.0,,,,https://images.fotmob.com/image_resources/logo/teamlogo/9925.png
8263,Belgium,176580.0,Rudi Garcia,,,https://images.fotmob.com/image_resources/playerimages/176580.png,,62.0,1964-02-20,FRA,France,Coach,,,,,,,,,,,,,https://images.fotmob.com/image_resources/logo/teamlogo/fra.png
8263,Belgium,170323.0,Thibaut Courtois,0.0,1.0,https://images.fotmob.com/image_resources/playerimages/170323.png,199.0,34.0,1992-05-11,8633,Real Madrid,Keeper,7.34,0.0,0.0,0.0,0.0,0.0,11,GK,11491499.0,,,,https://images.fotmob.com/image_resources/logo/teamlogo/8633.png
8263,Belgium,1178602.0,Senne Lammens,0.0,12.0,https://images.fotmob.com/image_resources/playerimages/1178602.png,193.0,23.0,2002-07-07,10260,Manchester United,Keeper,,0.0,0.0,0.0,0.0,0.0,11,GK,17549533.0,,,,https://images.fotmob.com/image_resources/logo/teamlogo/10260.png
8263,Belgium,1319972.0,Mike Penders,0.0,13.0,https://images.fotmob.com/image_resources/playerimages/1319972.png,200.0,20.0,2005-07-31,9848,Strasbourg,Keeper,,0.0,0.0,0.0,0.0,0.0,11,GK,20585010.0,,,,https://images.fotmob.com/image_resources/logo/teamlogo/9848.png
8263,Belgium,1232172.0,Zeno Debast,1.0,2.0,https://images.fotmob.com/image_resources/playerimages/1232172.png,189.0,22.0,2003-10-24,9768,Sporting CP,Defender,,0.0,0.0,0.0,0.0,0.0,34,CB,35554634.0,True,74,Doubtful,https://images.fotmob.com/image_resources/logo/teamlogo/9768.png
8263,Belgium,1173250.0,Arthur Theate,1.0,3.0,https://images.fotmob.com/image_resources/playerimages/1173250.png,186.0,26.0,2000-05-25,9810,Eintracht Frankfurt,Defender,6.89,0.0,0.0,0.0,0.0,0.0,"36,38","CB,LB",22747674.0,,,,https://images.fotmob.com/image_resources/logo/teamlogo/9810.png
8263,Belgium,445873.0,Brandon Mechele,1.0,4.0,https://images.fotmob.com/image_resources/playerimages/445873.png,188.0,33.0,1993-01-28,8342,Club Brugge,Defender,7.5,0.0,0.0,0.0,0.0,0.0,36,CB,2178122.0,,,,https://images.fotmob.com/image_resources/logo/teamlogo/8342.png
8263,Belgium,1134871.0,Maxim De Cuyper,1.0,5.0,https://images.fotmob.com/image_resources/playerimages/1134871.png,183.0,25.0,2000-12-22,10204,Brighton & Hove Albion,Defender,7.43,0.0,0.0,0.0,0.0,1.0,"38,87,68","LB,LW,LWB",24962504.0,,,,https://images.fotmob.com/image_resources/logo/teamlogo/10204.png
8263,Belgium,277771.0,Thomas Meunier,1.0,15.0,https://images.fotmob.com/image_resources/playerimages/277771.png,190.0,34.0,1991-09-12,8639,Lille,Defender,6.71,0.0,0.0,0.0,0.0,0.0,32,RB,1279444.0,,,,https://images.fotmob.com/image_resources/logo/teamlogo/8639.png
8263,Belgium,1200630.0,Koni De Winter,1.0,16.0,https://images.fotmob.com/image_resources/playerimages/1200630.png,188.0,24.0,2002-06-12,8564,Milan,Defender,,0.0,0.0,0.0,0.0,0.0,35,CB,23439379.0,,,,https://images.fotmob.com/image_resources/logo/teamlogo/8564.png
8263,Belgium,1489449.0,Joaquin Seys,1.0,18.0,https://images.fotmob.com/image_resources/playerimages/1489449.png,178.0,21.0,2005-03-28,8342,Club Brugge,Defender,,0.0,0.0,0.0,0.0,0.0,"38,32","LB,RB",20343311.0,,,,https://images.fotmob.com/image_resources/logo/teamlogo/8342.png
8263,Belgium,465750.0,Timothy Castagne,1.0,21.0,https://images.fotmob.com/image_resources/playerimages/465750.png,185.0,30.0,1995-12-05,9879,Fulham,Defender,7.24,0.0,0.0,0.0,0.0,1.0,"32,38,62,83","RB,LB,RWB,RW",11526536.0,,,,https://images.fotmob.com/image_resources/logo/teamlogo/9879.png
8263,Belgium,1252070.0,Nathan Ngoy,1.0,25.0,https://images.fotmob.com/image_resources/playerimages/1252070.png,183.0,23.0,2003-06-10,8639,Lille,Defender,6.97,0.0,0.0,0.0,1.0,0.0,34,CB,12009259.0,,,,https://images.fotmob.com/image_resources/logo/teamlogo/8639.png
8263,Belgium,39591.0,Axel Witsel,2.0,6.0,https://images.fotmob.com/image_resources/playerimages/39591.png,186.0,37.0,1989-01-12,7732,Girona,Midfielder,,0.0,0.0,0.0,0.0,0.0,"66,75","CDM,CM",1154326.0,,,,https://images.fotmob.com/image_resources/logo/teamlogo/7732.png
8263,Belgium,169200.0,Kevin De Bruyne,2.0,7.0,https://images.fotmob.com/image_resources/playerimages/169200.png,181.0,35.0,1991-06-28,9875,Napoli,Midfielder,7.69,1.0,0.0,0.0,0.0,0.0,"86,77","CAM,CM",11312839.0,,,,https://images.fotmob.com/image_resources/logo/teamlogo/9875.png
8263,Belgium,465960.0,Youri Tielemans,2.0,8.0,https://images.fotmob.com/image_resources/playerimages/465960.png,177.0,29.0,1997-05-07,10252,Aston Villa,Midfielder,7.35,0.0,0.0,0.0,0.0,0.0,"66,85,74","CDM,CAM,CM",39101697.0,,,,https://images.fotmob.com/image_resources/logo/teamlogo/10252.png
8263,Belgium,1095432.0,Charles De Ketelaere,2.0,17.0,https://images.fotmob.com/image_resources/playerimages/1095432.png,192.0,25.0,2001-03-10,8524,Atalanta,Midfielder,7.47,0.0,0.0,0.0,0.0,0.0,"84,115,103,87","CAM,ST,RW,LW",44021116.0,,,,https://images.fotmob.com/image_resources/logo/teamlogo/8524.png
8263,Belgium,1342754.0,Diego Moreira,2.0,19.0,https://images.fotmob.com/image_resources/playerimages/1342754.png,179.0,21.0,2004-08-06,9848,Strasbourg,Midfielder,,0.0,0.0,0.0,0.0,0.0,"83,68,72,78,86,87","RW,LWB,RM,LM,CAM,LW",19996146.0,,,,https://images.fotmob.com/image_resources/logo/teamlogo/9848.png
8263,Belgium,203666.0,Hans Vanaken,2.0,20.0,https://images.fotmob.com/image_resources/playerimages/203666.png,194.0,33.0,1992-08-24,8342,Club Brugge,Midfielder,7.3,0.0,0.0,1.0,0.0,0.0,"85,66,77","CAM,CDM,CM",4689065.0,,,,https://images.fotmob.com/image_resources/logo/teamlogo/8342.png
8263,Belgium,921341.0,Alexis Saelemaekers,2.0,22.0,https://images.fotmob.com/image_resources/playerimages/921341.png,180.0,27.0,1999-06-27,8564,Milan,Midfielder,7.04,1.0,0.0,0.0,0.0,0.0,"71,83,86","RM,RW,CAM",22892422.0,,,,https://images.fotmob.com/image_resources/logo/teamlogo/8564.png
8263,Belgium,863869.0,Nicolas Raskin,2.0,23.0,https://images.fotmob.com/image_resources/playerimages/863869.png,179.0,25.0,2001-02-23,8548,Rangers,Midfielder,7.0,0.0,0.0,1.0,0.0,0.0,"64,75","CDM,CM",12226378.0,,,,https://images.fotmob.com/image_resources/logo/teamlogo/8548.png
8263,Belgium,1185748.0,Amadou Onana,2.0,24.0,https://images.fotmob.com/image_resources/playerimages/1185748.png,195.0,24.0,2001-08-16,10252,Aston Villa,Midfielder,6.56,0.0,0.0,0.0,0.0,0.0,66,CDM,51801133.0,,,,https://images.fotmob.com/image_resources/logo/teamlogo/10252.png
8263,Belgium,181276.0,Romelu Lukaku,3.0,9.0,https://images.fotmob.com/image_resources/playerimages/181276.png,190.0,33.0,1993-05-13,9875,Napoli,Attacker,5.97,1.0,0.0,1.0,0.0,1.0,105,ST,10827994.0,,,,https://images.fotmob.com/image_resources/logo/teamlogo/9875.png
8263,Belgium,318615.0,Leandro Trossard,3.0,10.0,https://images.fotmob.com/image_resources/playerimages/318615.png,175.0,31.0,1994-12-04,9825,Arsenal,Attacker,8.0,2.0,0.0,0.0,0.0,0.0,"87,83,115","LW,RW,ST",17002183.0,,,,https://images.fotmob.com/image_resources/logo/teamlogo/9825.png
8263,Belgium,942368.0,Jérémy Doku,3.0,11.0,https://images.fotmob.com/image_resources/playerimages/942368.png,171.0,24.0,2002-05-27,8456,Manchester City,Attacker,6.85,0.0,0.0,0.0,0.0,0.0,"87,83,86","LW,RW,CAM",78062081.0,,,,https://images.fotmob.com/image_resources/logo/teamlogo/8456.png
8263,Belgium,688876.0,Dodi Lukébakio,3.0,14.0,https://images.fotmob.com/image_resources/playerimages/688876.png,187.0,28.0,1997-09-24,9772,Benfica,Attacker,6.05,0.0,0.0,0.0,0.0,0.0,83,RW,21788015.0,,,,https://images.fotmob.com/image_resources/logo/teamlogo/9772.png
8263,Belgium,1444231.0,Matias Fernandez-Pardo,3.0,26.0,https://images.fotmob.com/image_resources/playerimages/1444231.png,183.0,21.0,2005-02-03,8639,Lille,Attacker,6.96,0.0,0.0,0.0,0.0,0.0,"115,87,83","ST,LW,RW",26387643.0,,,,https://images.fotmob.com/image_resources/logo/teamlogo/8639.png
10255,Egypt,505814.0,Hossam Hassan,,,https://images.fotmob.com/image_resources/playerimages/505814.png,178.0,59.0,1966-08-10,EGY,Egypt,Coach,,,,,,,,,,,,,https://images.fotmob.com/image_resources/logo/teamlogo/egy.png
10255,Egypt,653688.0,El Mahdy Soliman,0.0,16.0,https://images.fotmob.com/image_resources/playerimages/653688.png,189.0,39.0,1987-06-08,80591,Zamalek SC,Keeper,,0.0,0.0,0.0,0.0,0.0,11,GK,329105.0,,,,https://images.fotmob.com/image_resources/logo/teamlogo/80591.png
10255,Egypt,546550.0,Mohamed El Shenawy,0.0,23.0,https://images.fotmob.com/image_resources/playerimages/546550.png,191.0,37.0,1988-12-18,101745,Al Ahly SC,Keeper,,0.0,0.0,0.0,0.0,0.0,11,GK,437619.0,,,,https://images.fotmob.com/image_resources/logo/teamlogo/101745.png
10255,Egypt,1689371.0,Mohamed Alaa,0.0,26.0,https://images.fotmob.com/image_resources/playerimages/1689371.png,188.0,27.0,1999-01-01,178268,El Gouna FC,Keeper,,0.0,0.0,0.0,0.0,0.0,11,GK,310242.0,,,,https://images.fotmob.com/image_resources/logo/teamlogo/178268.png
10255,Egypt,1228546.0,Mostafa Shobeir,0.0,26.0,https://images.fotmob.com/image_resources/playerimages/1228546.png,195.0,26.0,2000-05-15,101745,Al Ahly SC,Keeper,7.91,0.0,0.0,0.0,0.0,0.0,11,GK,,,,,https://images.fotmob.com/image_resources/logo/teamlogo/101745.png
10255,Egypt,660213.0,Mohamed Hany,1.0,3.0,https://images.fotmob.com/image_resources/playerimages/660213.png,175.0,30.0,1996-02-02,101745,Al Ahly SC,Defender,7.49,0.0,0.0,1.0,0.0,0.0,"32,33,62","RB,CB,RWB",1198746.0,,,,https://images.fotmob.com/image_resources/logo/teamlogo/101745.png
10255,Egypt,1384425.0,Hossam Abdelmaguid,1.0,4.0,https://images.fotmob.com/image_resources/playerimages/1384425.png,193.0,25.0,2001-04-30,80591,Zamalek SC,Defender,,0.0,0.0,0.0,0.0,0.0,36,CB,1713099.0,True,85,About 1-2 weeks,https://images.fotmob.com/image_resources/logo/teamlogo/80591.png
10255,Egypt,505872.0,Ramy Rabia,1.0,5.0,https://images.fotmob.com/image_resources/playerimages/505872.png,183.0,33.0,1993-05-20,102117,Al-Ain,Defender,6.87,0.0,0.0,0.0,0.0,0.0,35,CB,611222.0,,,,https://images.fotmob.com/image_resources/logo/teamlogo/102117.png
10255,Egypt,1179331.0,Mohamed Abdelmonem,1.0,6.0,https://images.fotmob.com/image_resources/playerimages/1179331.png,184.0,27.0,1999-02-01,9831,Nice,Defender,5.75,0.0,0.0,0.0,0.0,0.0,36,CB,2252253.0,True,87,Doubtful,https://images.fotmob.com/image_resources/logo/teamlogo/9831.png
10255,Egypt,533403.0,Yasser Ibrahim,1.0,6.0,https://images.fotmob.com/image_resources/playerimages/533403.png,185.0,33.0,1993-02-10,101745,Al Ahly SC,Defender,6.84,0.0,0.0,0.0,0.0,1.0,34,CB,330510.0,,,,https://images.fotmob.com/image_resources/logo/teamlogo/101745.png
10255,Egypt,849334.0,Ahmed Fatouh,1.0,13.0,https://images.fotmob.com/image_resources/playerimages/849334.png,177.0,28.0,1998-03-22,80591,Zamalek SC,Defender,7.3,0.0,0.0,0.0,0.0,1.0,"38,87,66,68","LB,LW,CDM,LWB",840268.0,True,45,Doubtful,https://images.fotmob.com/image_resources/logo/teamlogo/80591.png
10255,Egypt,560416.0,Karim Hafez,1.0,15.0,https://images.fotmob.com/image_resources/playerimages/560416.png,174.0,30.0,1996-03-12,517894,Pyramids FC,Defender,,0.0,0.0,0.0,0.0,0.0,"38,32,78","LB,RB,LM",358354.0,,,,https://images.fotmob.com/image_resources/logo/teamlogo/517894.png
10255,Egypt,1689101.0,Tarek Alaa,1.0,24.0,https://images.fotmob.com/image_resources/playerimages/1689101.png,178.0,24.0,2002-01-05,585662,ZED FC,Defender,,0.0,0.0,0.0,0.0,0.0,32,RB,503794.0,,,,https://images.fotmob.com/image_resources/logo/teamlogo/585662.png
10255,Egypt,979376.0,Emam Ashour,2.0,8.0,https://images.fotmob.com/image_resources/playerimages/979376.png,180.0,28.0,1998-02-20,101745,Al Ahly SC,Midfielder,7.07,1.0,0.0,0.0,0.0,0.0,"85,77,87,78,115","CAM,CM,LW,LM,ST",2330955.0,,,,https://images.fotmob.com/image_resources/logo/teamlogo/101745.png
10255,Egypt,1022128.0,Hamdi Fathy,2.0,14.0,https://images.fotmob.com/image_resources/playerimages/1022128.png,180.0,31.0,1994-09-29,101901,Al-Wakrah,Midfielder,6.97,0.0,0.0,0.0,0.0,0.0,"36,66,75","CB,CDM,CM",1159793.0,True,42,About 1-2 weeks,https://images.fotmob.com/image_resources/logo/teamlogo/101901.png
10255,Egypt,906944.0,Mohanad Lasheen,2.0,17.0,https://images.fotmob.com/image_resources/playerimages/906944.png,186.0,30.0,1996-05-29,517894,Pyramids FC,Midfielder,7.32,0.0,0.0,0.0,0.0,2.0,"64,74","CDM,CM",1956990.0,,,,https://images.fotmob.com/image_resources/logo/teamlogo/517894.png
10255,Egypt,1001335.0,Nabil Emad Dunga,2.0,18.0,https://images.fotmob.com/image_resources/playerimages/1001335.png,179.0,30.0,1996-04-06,1523707,Al Najma,Midfielder,,0.0,0.0,0.0,0.0,0.0,"74,64","CM,CDM",550618.0,,,,https://images.fotmob.com/image_resources/logo/teamlogo/1523707.png
10255,Egypt,1418549.0,Marwan Attia,2.0,19.0,https://images.fotmob.com/image_resources/playerimages/1418549.png,176.0,27.0,1998-08-01,101745,Al Ahly SC,Midfielder,7.06,0.0,0.0,0.0,0.0,1.0,"66,75","CDM,CM",2348545.0,,,,https://images.fotmob.com/image_resources/logo/teamlogo/101745.png
10255,Egypt,1291391.0,Mahmoud Saber,2.0,27.0,https://images.fotmob.com/image_resources/playerimages/1291391.png,170.0,24.0,2001-07-30,585662,ZED FC,Midfielder,7.52,1.0,0.0,0.0,0.0,1.0,"75,85,107,66,106","CM,CAM,LW,CDM,ST",1087331.0,,,,https://images.fotmob.com/image_resources/logo/teamlogo/585662.png
10255,Egypt,513492.0,Trezeguet,3.0,7.0,https://images.fotmob.com/image_resources/playerimages/513492.png,181.0,31.0,1994-10-01,101745,Al Ahly SC,Attacker,7.46,1.0,0.0,1.0,0.0,0.0,"87,86,82,73,78","LW,CAM,RW,CM,LM",2375406.0,,,,https://images.fotmob.com/image_resources/logo/teamlogo/101745.png
10255,Egypt,1708842.0,Hamza Abdelkarim,3.0,9.0,https://images.fotmob.com/image_resources/playerimages/1708842.png,182.0,18.0,2008-01-01,161774,Barca Atletic,Attacker,6.05,0.0,0.0,0.0,0.0,0.0,115,ST,,,,,https://images.fotmob.com/image_resources/logo/teamlogo/161774.png
10255,Egypt,292462.0,Mohamed Salah,3.0,10.0,https://images.fotmob.com/image_resources/playerimages/292462.png,175.0,34.0,1992-06-15,8650,Liverpool,Attacker,7.45,1.0,0.0,2.0,0.0,0.0,"83,104,85","RW,ST,CAM",39003722.0,True,42,Doubtful,https://images.fotmob.com/image_resources/logo/teamlogo/8650.png
10255,Egypt,1426403.0,Mostafa Zico,3.0,11.0,https://images.fotmob.com/image_resources/playerimages/1426403.png,179.0,29.0,1997-04-27,517894,Pyramids FC,Attacker,6.91,1.0,0.0,1.0,0.0,0.0,"87,83,78","LW,RW,LM",,,,,https://images.fotmob.com/image_resources/logo/teamlogo/517894.png
10255,Egypt,971787.0,Haissem Hassan,3.0,12.0,https://images.fotmob.com/image_resources/playerimages/971787.png,175.0,24.0,2002-02-08,8670,Real Oviedo,Attacker,,0.0,0.0,0.0,0.0,0.0,"83,72","RW,RM",4250620.0,,,,https://images.fotmob.com/image_resources/logo/teamlogo/8670.png
10255,Egypt,1272436.0,Ibrahim Adel,3.0,20.0,https://images.fotmob.com/image_resources/playerimages/1272436.png,178.0,25.0,2001-04-23,10202,Nordsjælland,Attacker,,0.0,0.0,0.0,0.0,0.0,"87,84,105","LW,CAM,ST",1951956.0,,,,https://images.fotmob.com/image_resources/logo/teamlogo/10202.png
10255,Egypt,839204.0,Omar Marmoush,3.0,22.0,https://images.fotmob.com/image_resources/playerimages/839204.png,180.0,27.0,1999-02-07,8456,Manchester City,Attacker,7.01,0.0,0.0,0.0,0.0,0.0,"115,107","ST,LW",61057745.0,,,,https://images.fotmob.com/image_resources/logo/teamlogo/8456.png
10255,Egypt,532766.0,Zizo,3.0,25.0,https://images.fotmob.com/image_resources/playerimages/532766.png,175.0,30.0,1996-01-10,101745,Al Ahly SC,Attacker,6.08,0.0,0.0,0.0,0.0,0.0,"83,84,104,73","RW,CAM,ST,CM",2243623.0,,,,https://images.fotmob.com/image_resources/logo/teamlogo/101745.png
6711,IR Iran,504132.0,Amir Ghalenoei,,,https://images.fotmob.com/image_resources/playerimages/504132.png,,62.0,1963-11-23,IRN,Iran,Coach,,,,,,,,,,,,,https://images.fotmob.com/image_resources/logo/teamlogo/irn.png
6711,IR Iran,505313.0,Alireza Beiranvand,0.0,1.0,https://images.fotmob.com/image_resources/playerimages/505313.png,194.0,33.0,1992-09-21,176352,Tractor,Keeper,7.31,0.0,0.0,0.0,0.0,0.0,11,GK,167812.0,,,,https://images.fotmob.com/image_resources/logo/teamlogo/176352.png
6711,IR Iran,872590.0,Payam Niazmand,0.0,12.0,https://images.fotmob.com/image_resources/playerimages/872590.png,194.0,31.0,1995-04-06,101610,Persepolis,Keeper,,0.0,0.0,0.0,0.0,0.0,11,GK,369706.0,,,,https://images.fotmob.com/image_resources/logo/teamlogo/101610.png
6711,IR Iran,431418.0,Hossein Hosseini,0.0,22.0,https://images.fotmob.com/image_resources/playerimages/431418.png,187.0,33.0,1992-06-30,101611,Sepahan,Keeper,,0.0,0.0,0.0,0.0,0.0,11,GK,287777.0,,,,https://images.fotmob.com/image_resources/logo/teamlogo/101611.png
6711,IR Iran,1221526.0,Saleh Hardani,1.0,2.0,https://images.fotmob.com/image_resources/playerimages/1221526.png,176.0,27.0,1998-12-26,101614,Esteghlal,Defender,6.48,0.0,0.0,0.0,0.0,0.0,32,RB,465886.0,,,,https://images.fotmob.com/image_resources/logo/teamlogo/101614.png
6711,IR Iran,117222.0,Ehsan Haji Safi,1.0,3.0,https://images.fotmob.com/image_resources/playerimages/117222.png,178.0,36.0,1990-02-25,101611,Sepahan,Defender,6.45,0.0,0.0,0.0,0.0,1.0,38,LB,97424.0,,,,https://images.fotmob.com/image_resources/logo/teamlogo/101611.png
6711,IR Iran,511397.0,Shoja Khalilzadeh,1.0,4.0,https://images.fotmob.com/image_resources/playerimages/511397.png,180.0,37.0,1989-05-14,176352,Tractor,Defender,7.02,0.0,0.0,0.0,0.0,1.0,36,CB,68178.0,,,,https://images.fotmob.com/image_resources/logo/teamlogo/176352.png
6711,IR Iran,630459.0,Milad Mohammadi,1.0,5.0,https://images.fotmob.com/image_resources/playerimages/630459.png,178.0,32.0,1993-09-29,101610,Persepolis,Defender,6.57,0.0,0.0,0.0,0.0,0.0,"38,59","LB,LWB",403276.0,,,,https://images.fotmob.com/image_resources/logo/teamlogo/101610.png
6711,IR Iran,500637.0,Hossein Kanaani,1.0,13.0,https://images.fotmob.com/image_resources/playerimages/500637.png,188.0,32.0,1994-03-23,101610,Persepolis,Defender,6.61,0.0,0.0,0.0,0.0,1.0,33,CB,996782.0,,,,https://images.fotmob.com/image_resources/logo/teamlogo/101610.png
6711,IR Iran,1350138.0,Aria Yousefi,1.0,17.0,https://images.fotmob.com/image_resources/playerimages/1350138.png,181.0,24.0,2002-04-22,101611,Sepahan,Defender,6.49,0.0,0.0,0.0,0.0,0.0,32,RB,1291919.0,,,,https://images.fotmob.com/image_resources/logo/teamlogo/101611.png
6711,IR Iran,872575.0,Ali Nemati,1.0,19.0,https://images.fotmob.com/image_resources/playerimages/872575.png,182.0,30.0,1996-02-07,139914,Foolad Khuzestan,Defender,6.59,0.0,0.0,0.0,0.0,1.0,37,CB,162663.0,,,,https://images.fotmob.com/image_resources/logo/teamlogo/139914.png
6711,IR Iran,505959.0,Ramin Rezaeian,1.0,23.0,https://images.fotmob.com/image_resources/playerimages/505959.png,184.0,36.0,1990-03-21,101614,Esteghlal,Defender,7.67,2.0,0.0,1.0,0.0,0.0,32,RB,78208.0,,,,https://images.fotmob.com/image_resources/logo/teamlogo/101614.png
6711,IR Iran,1729681.0,Danial Eiri,1.0,25.0,https://images.fotmob.com/image_resources/playerimages/1729681.png,182.0,22.0,2003-10-26,IRN,Iran,Defender,,0.0,0.0,0.0,0.0,0.0,,,,,,,https://images.fotmob.com/image_resources/logo/teamlogo/irn.png
6711,IR Iran,505281.0,Saeid Ezatolahi,2.0,6.0,https://images.fotmob.com/image_resources/playerimages/505281.png,190.0,29.0,1996-10-01,102119,Shabab Al-Ahli Dubai FC,Midfielder,7.17,0.0,0.0,0.0,0.0,2.0,"66,76,36","CDM,CM,CB",915421.0,,,,https://images.fotmob.com/image_resources/logo/teamlogo/102119.png
6711,IR Iran,532220.0,Saman Ghoddos,2.0,14.0,https://images.fotmob.com/image_resources/playerimages/532220.png,175.0,32.0,1993-09-06,209190,Al Ittihad Kalba,Midfielder,6.81,0.0,0.0,0.0,0.0,0.0,"74,85,107,64,72","CM,CAM,LW,CDM,RM",963106.0,,,,https://images.fotmob.com/image_resources/logo/teamlogo/209190.png
6711,IR Iran,505385.0,Roozbeh Cheshmi,2.0,15.0,https://images.fotmob.com/image_resources/playerimages/505385.png,194.0,32.0,1993-07-24,101614,Esteghlal,Midfielder,,0.0,0.0,0.0,0.0,0.0,75,CM,104526.0,,,,https://images.fotmob.com/image_resources/logo/teamlogo/101614.png
6711,IR Iran,621519.0,Mehdi Torabi,2.0,16.0,https://images.fotmob.com/image_resources/playerimages/621519.png,180.0,31.0,1994-09-10,176352,Tractor,Midfielder,6.43,0.0,0.0,0.0,0.0,0.0,78,LM,599613.0,,,,https://images.fotmob.com/image_resources/logo/teamlogo/176352.png
6711,IR Iran,1420509.0,Mohammad Ghorbani,2.0,21.0,https://images.fotmob.com/image_resources/playerimages/1420509.png,186.0,25.0,2001-05-21,102122,Al-Wahda,Midfielder,6.9,0.0,0.0,0.0,0.0,0.0,"76,66,34","CM,CDM,CB",992202.0,,,,https://images.fotmob.com/image_resources/logo/teamlogo/102122.png
6711,IR Iran,892709.0,Dennis Eckert,2.0,24.0,https://images.fotmob.com/image_resources/playerimages/892709.png,182.0,29.0,1997-01-09,9985,Standard Liege,Midfielder,,0.0,0.0,0.0,0.0,0.0,"85,105","CAM,ST",1681444.0,,,,https://images.fotmob.com/image_resources/logo/teamlogo/9985.png
6711,IR Iran,1583232.0,Amirmohammad Razaghinia,2.0,26.0,https://images.fotmob.com/image_resources/playerimages/1583232.png,186.0,20.0,2006-04-11,101614,Esteghlal,Midfielder,,0.0,0.0,0.0,0.0,0.0,65,CDM,1007874.0,,,,https://images.fotmob.com/image_resources/logo/teamlogo/101614.png
6711,IR Iran,466890.0,Alireza Jahanbakhsh,3.0,7.0,https://images.fotmob.com/image_resources/playerimages/466890.png,181.0,32.0,1993-08-11,7947,FCV Dender EH,Attacker,6.28,0.0,0.0,0.0,0.0,0.0,"83,87,75","RW,LW,CM",243224.0,,,,https://images.fotmob.com/image_resources/logo/teamlogo/7947.png
6711,IR Iran,1073012.0,Mohammad Mohebi,3.0,8.0,https://images.fotmob.com/image_resources/playerimages/1073012.png,176.0,27.0,1998-12-20,8705,FC Rostov,Attacker,6.9,1.0,0.0,0.0,0.0,0.0,"106,78,107","ST,LM,LW",1464107.0,,,,https://images.fotmob.com/image_resources/logo/teamlogo/8705.png
6711,IR Iran,619506.0,Mehdi Taremi,3.0,9.0,https://images.fotmob.com/image_resources/playerimages/619506.png,185.0,33.0,1992-07-18,8638,Olympiacos,Attacker,7.03,0.0,0.0,0.0,0.0,0.0,"115,85","ST,CAM",1730873.0,,,,https://images.fotmob.com/image_resources/logo/teamlogo/8638.png
6711,IR Iran,848314.0,Mehdi Ghayedi,3.0,10.0,https://images.fotmob.com/image_resources/playerimages/848314.png,166.0,27.0,1998-12-05,102123,Al-Nasr SC,Attacker,6.06,0.0,0.0,0.0,0.0,0.0,"106,86,83","ST,CAM,RW",2536883.0,,,,https://images.fotmob.com/image_resources/logo/teamlogo/102123.png
6711,IR Iran,505960.0,Ali Alipour,3.0,11.0,https://images.fotmob.com/image_resources/playerimages/505960.png,181.0,30.0,1995-11-11,101610,Persepolis,Attacker,6.42,0.0,0.0,0.0,0.0,0.0,115,ST,558370.0,,,,https://images.fotmob.com/image_resources/logo/teamlogo/101610.png
6711,IR Iran,1031319.0,Amirhossein Hosseinzadeh,3.0,18.0,https://images.fotmob.com/image_resources/playerimages/1031319.png,178.0,25.0,2000-10-30,176352,Tractor,Attacker,6.32,0.0,0.0,0.0,0.0,0.0,"104,103,78","ST,RW,LM",1207772.0,,,,https://images.fotmob.com/image_resources/logo/teamlogo/176352.png
6711,IR Iran,641121.0,Shahriar Moghanlou,3.0,20.0,https://images.fotmob.com/image_resources/playerimages/641121.png,190.0,31.0,1994-12-21,209190,Al Ittihad Kalba,Attacker,6.62,0.0,0.0,0.0,0.0,0.0,115,ST,549743.0,,,,https://images.fotmob.com/image_resources/logo/teamlogo/209190.png
5820,New Zealand,23798.0,Darren Bazeley,,,https://images.fotmob.com/image_resources/playerimages/23798.png,,53.0,1972-10-05,ENG,England,Coach,,,,,,,,,,,,,https://images.fotmob.com/image_resources/logo/teamlogo/eng.png
5820,New Zealand,315201.0,Max Crocombe,0.0,1.0,https://images.fotmob.com/image_resources/playerimages/315201.png,194.0,32.0,1993-08-12,10004,Millwall,Keeper,5.4,0.0,0.0,0.0,0.0,0.0,11,GK,557499.0,,,,https://images.fotmob.com/image_resources/logo/teamlogo/10004.png
5820,New Zealand,1272118.0,Alex Paulsen,0.0,12.0,https://images.fotmob.com/image_resources/playerimages/1272118.png,183.0,23.0,2002-07-04,8030,Lechia Gdańsk,Keeper,,0.0,0.0,0.0,0.0,0.0,11,GK,837406.0,,,,https://images.fotmob.com/image_resources/logo/teamlogo/8030.png
5820,New Zealand,848317.0,Michael Woud,0.0,22.0,https://images.fotmob.com/image_resources/playerimages/848317.png,196.0,27.0,1999-01-16,1642068,Auckland FC,Keeper,,0.0,0.0,0.0,0.0,0.0,11,GK,234307.0,,,,https://images.fotmob.com/image_resources/logo/teamlogo/1642068.png
5820,New Zealand,324305.0,Tim Payne,1.0,2.0,https://images.fotmob.com/image_resources/playerimages/324305.png,179.0,32.0,1994-01-10,78785,Wellington Phoenix,Defender,5.97,0.0,0.0,1.0,0.0,0.0,"32,33,51","RB,CB,RWB",204771.0,,,,https://images.fotmob.com/image_resources/logo/teamlogo/78785.png
5820,New Zealand,825593.0,Francis De Vries,1.0,3.0,https://images.fotmob.com/image_resources/playerimages/825593.png,188.0,31.0,1994-11-28,1642068,Auckland FC,Defender,6.45,0.0,0.0,0.0,0.0,0.0,38,LB,286830.0,,,,https://images.fotmob.com/image_resources/logo/teamlogo/1642068.png
5820,New Zealand,1524716.0,Tyler Bindon,1.0,4.0,https://images.fotmob.com/image_resources/playerimages/1524716.png,188.0,21.0,2005-01-27,8657,Sheffield United,Defender,4.67,0.0,0.0,0.0,0.0,0.0,36,CB,1951501.0,,,,https://images.fotmob.com/image_resources/logo/teamlogo/8657.png
5820,New Zealand,128949.0,Michael Boxall,1.0,5.0,https://images.fotmob.com/image_resources/playerimages/128949.png,188.0,37.0,1988-08-18,207242,Minnesota United,Defender,5.95,0.0,0.0,0.0,0.0,0.0,35,CB,103344.0,,,,https://images.fotmob.com/image_resources/logo/teamlogo/207242.png
5820,New Zealand,1053731.0,Nando Pijnaker,1.0,15.0,https://images.fotmob.com/image_resources/playerimages/1053731.png,192.0,27.0,1999-02-25,1642068,Auckland FC,Defender,,0.0,0.0,0.0,0.0,0.0,36,CB,246967.0,,,,https://images.fotmob.com/image_resources/logo/teamlogo/1642068.png
5820,New Zealand,1325761.0,Finn Surman,1.0,16.0,https://images.fotmob.com/image_resources/playerimages/1325761.png,190.0,22.0,2003-09-23,307690,Portland Timbers,Defender,5.78,1.0,0.0,0.0,0.0,0.0,34,CB,1346387.0,,,,https://images.fotmob.com/image_resources/logo/teamlogo/307690.png
5820,New Zealand,1257745.0,Benjamin Old,1.0,19.0,https://images.fotmob.com/image_resources/playerimages/1257745.png,173.0,23.0,2002-08-13,9853,Saint-Etienne,Defender,6.18,0.0,0.0,0.0,0.0,0.0,"38,87,78","LB,LW,LM",987990.0,,,,https://images.fotmob.com/image_resources/logo/teamlogo/9853.png
5820,New Zealand,1013276.0,Callan Elliot,1.0,24.0,https://images.fotmob.com/image_resources/playerimages/1013276.png,177.0,26.0,1999-07-07,1642068,Auckland FC,Defender,6.29,0.0,0.0,0.0,0.0,0.0,"32,38,51,59","RB,LB,RWB,LWB",284029.0,,,,https://images.fotmob.com/image_resources/logo/teamlogo/1642068.png
5820,New Zealand,115025.0,Tommy Smith,1.0,26.0,https://images.fotmob.com/image_resources/playerimages/115025.png,185.0,36.0,1990-03-31,5763,Braintree Town,Defender,,0.0,0.0,0.0,0.0,0.0,36,CB,50000.0,,,,https://images.fotmob.com/image_resources/logo/teamlogo/5763.png
5820,New Zealand,848345.0,Joe Bell,2.0,6.0,https://images.fotmob.com/image_resources/playerimages/848345.png,182.0,27.0,1999-04-27,8478,Viking,Midfielder,6.27,0.0,0.0,0.0,0.0,0.0,"65,75","CDM,CM",1944686.0,,,,https://images.fotmob.com/image_resources/logo/teamlogo/8478.png
5820,New Zealand,1209597.0,Marko Stamenic,2.0,8.0,https://images.fotmob.com/image_resources/playerimages/1209597.png,188.0,24.0,2002-02-19,10003,Swansea City,Midfielder,5.68,0.0,0.0,0.0,0.0,1.0,"66,75","CDM,CM",3674246.0,,,,https://images.fotmob.com/image_resources/logo/teamlogo/10003.png
5820,New Zealand,724531.0,Sarpreet Singh,2.0,10.0,https://images.fotmob.com/image_resources/playerimages/724531.png,172.0,27.0,1999-02-20,78785,Wellington Phoenix,Midfielder,6.12,0.0,0.0,0.0,0.0,1.0,"85,83","CAM,RW",224443.0,,,,https://images.fotmob.com/image_resources/logo/teamlogo/78785.png
5820,New Zealand,919671.0,Liberato Cacace,2.0,13.0,https://images.fotmob.com/image_resources/playerimages/919671.png,184.0,25.0,2000-09-27,9841,Wrexham,Midfielder,6.57,0.0,0.0,0.0,0.0,0.0,"68,38,79","LWB,LB,LM",2409430.0,,,,https://images.fotmob.com/image_resources/logo/teamlogo/9841.png
5820,New Zealand,519240.0,Alex Rufer,2.0,14.0,https://images.fotmob.com/image_resources/playerimages/519240.png,184.0,30.0,1996-06-12,78785,Wellington Phoenix,Midfielder,,0.0,0.0,0.0,0.0,0.0,"74,64","CM,CDM",201686.0,,,,https://images.fotmob.com/image_resources/logo/teamlogo/78785.png
5820,New Zealand,848352.0,Callum McCowatt,2.0,20.0,https://images.fotmob.com/image_resources/playerimages/848352.png,179.0,27.0,1999-04-30,8415,Silkeborg,Midfielder,6.46,0.0,0.0,0.0,0.0,1.0,"84,83,77,104,67","CAM,RW,CM,ST,CDM",1680602.0,,,,https://images.fotmob.com/image_resources/logo/teamlogo/8415.png
5820,New Zealand,496356.0,Ryan Thomas,2.0,23.0,https://images.fotmob.com/image_resources/playerimages/496356.png,174.0,31.0,1994-12-20,6413,PEC Zwolle,Midfielder,6.06,0.0,0.0,0.0,0.0,0.0,"64,75","CDM,CM",638449.0,,,,https://images.fotmob.com/image_resources/logo/teamlogo/6413.png
5820,New Zealand,1565865.0,Lachlan Bayliss,2.0,25.0,https://images.fotmob.com/image_resources/playerimages/1565865.png,179.0,23.0,2002-07-24,6454,Newcastle Jets,Midfielder,,0.0,0.0,0.0,0.0,0.0,"86,77,66","CAM,CM,CDM",263573.0,,,,https://images.fotmob.com/image_resources/logo/teamlogo/6454.png
5820,New Zealand,676431.0,Logan Rogerson,3.0,7.0,https://images.fotmob.com/image_resources/playerimages/676431.png,182.0,28.0,1998-05-28,1642068,Auckland FC,Attacker,,0.0,0.0,0.0,0.0,0.0,"72,83","RM,RW",264549.0,,,,https://images.fotmob.com/image_resources/logo/teamlogo/1642068.png
5820,New Zealand,169719.0,Chris Wood,3.0,9.0,https://images.fotmob.com/image_resources/playerimages/169719.png,191.0,34.0,1991-12-07,10203,Nottingham Forest,Attacker,6.82,0.0,0.0,2.0,0.0,0.0,115,ST,6408452.0,,,,https://images.fotmob.com/image_resources/logo/teamlogo/10203.png
5820,New Zealand,1053736.0,Elijah Just,3.0,11.0,https://images.fotmob.com/image_resources/playerimages/1053736.png,174.0,26.0,2000-05-01,9927,Motherwell,Attacker,7.72,3.0,0.0,0.0,0.0,1.0,"85,87,115,83,73,72","CAM,LW,ST,RW,CM,RM",808540.0,,,,https://images.fotmob.com/image_resources/logo/teamlogo/9927.png
5820,New Zealand,96488.0,Kosta Barbarouses,3.0,17.0,https://images.fotmob.com/image_resources/playerimages/96488.png,171.0,36.0,1990-02-19,323834,Western Sydney Wanderers FC,Attacker,,0.0,0.0,0.0,0.0,0.0,"106,82","ST,RW",161932.0,,,,https://images.fotmob.com/image_resources/logo/teamlogo/323834.png
5820,New Zealand,1034995.0,Ben Waine,3.0,18.0,https://images.fotmob.com/image_resources/playerimages/1034995.png,179.0,25.0,2001-06-11,9799,Port Vale,Attacker,,0.0,0.0,0.0,0.0,0.0,"106,78,84,107,103","ST,LM,CAM,LW,RW",575090.0,,,,https://images.fotmob.com/image_resources/logo/teamlogo/9799.png
5820,New Zealand,1460327.0,Jesse Randall,3.0,21.0,https://images.fotmob.com/image_resources/playerimages/1460327.png,176.0,23.0,2002-08-19,1642068,Auckland FC,Attacker,6.26,0.0,0.0,0.0,0.0,0.0,"78,87,104,83","LM,LW,ST,RW",485085.0,,,,https://images.fotmob.com/image_resources/logo/teamlogo/1642068.png
6720,Spain,1059866.0,Luis de la Fuente,,,https://images.fotmob.com/image_resources/playerimages/1059866.png,,65.0,1961-06-21,ESP,Spain,Coach,,,,,,,,,,,,,https://images.fotmob.com/image_resources/logo/teamlogo/esp.png
6720,Spain,562727.0,David Raya,0.0,1.0,https://images.fotmob.com/image_resources/playerimages/562727.png,183.0,30.0,1995-09-15,9825,Arsenal,Keeper,,0.0,0.0,0.0,0.0,0.0,11,GK,30509101.0,,,,https://images.fotmob.com/image_resources/logo/teamlogo/9825.png
6720,Spain,1167220.0,Joan García,0.0,13.0,https://images.fotmob.com/image_resources/playerimages/1167220.png,193.0,25.0,2001-05-04,8634,Barcelona,Keeper,,0.0,0.0,0.0,0.0,0.0,11,GK,31935832.0,,,,https://images.fotmob.com/image_resources/logo/teamlogo/8634.png
6720,Spain,660625.0,Unai Simón,0.0,23.0,https://images.fotmob.com/image_resources/playerimages/660625.png,190.0,29.0,1997-06-11,8315,Athletic Club,Keeper,7.62,0.0,0.0,0.0,0.0,0.0,11,GK,25538666.0,,,,https://images.fotmob.com/image_resources/logo/teamlogo/8315.png
6720,Spain,1323897.0,Marc Pubill,1.0,2.0,https://images.fotmob.com/image_resources/playerimages/1323897.png,190.0,23.0,2003-06-20,9906,Atletico Madrid,Defender,,0.0,0.0,0.0,0.0,0.0,"34,32","CB,RB",22317373.0,,,,https://images.fotmob.com/image_resources/logo/teamlogo/9906.png
6720,Spain,940573.0,Eric García,1.0,4.0,https://images.fotmob.com/image_resources/playerimages/940573.png,182.0,25.0,2001-01-09,8634,Barcelona,Defender,,0.0,0.0,0.0,0.0,0.0,"36,32,64","CB,RB,CDM",27046924.0,,,,https://images.fotmob.com/image_resources/logo/teamlogo/8634.png
6720,Spain,602563.0,Marcos Llorente,1.0,5.0,https://images.fotmob.com/image_resources/playerimages/602563.png,180.0,31.0,1995-01-30,9906,Atletico Madrid,Defender,8.09,0.0,0.0,1.0,0.0,0.0,"32,74,72,33","RB,CM,RM,CB",18463827.0,,,,https://images.fotmob.com/image_resources/logo/teamlogo/9906.png
6720,Spain,941573.0,Pedro Porro,1.0,12.0,https://images.fotmob.com/image_resources/playerimages/941573.png,176.0,26.0,1999-09-13,8586,Tottenham Hotspur,Defender,8.32,0.0,0.0,0.0,0.0,0.0,"32,72,62","RB,RM,RWB",49955593.0,,,,https://images.fotmob.com/image_resources/logo/teamlogo/8586.png
6720,Spain,411617.0,Aymeric Laporte,1.0,14.0,https://images.fotmob.com/image_resources/playerimages/411617.png,191.0,32.0,1994-05-27,8315,Athletic Club,Defender,7.8,0.0,0.0,1.0,0.0,0.0,36,CB,7044833.0,,,,https://images.fotmob.com/image_resources/logo/teamlogo/8315.png
6720,Spain,1532137.0,Pau Cubarsí,1.0,22.0,https://images.fotmob.com/image_resources/playerimages/1532137.png,184.0,19.0,2007-01-22,8634,Barcelona,Defender,7.7,0.0,0.0,0.0,0.0,0.0,34,CB,134046487.0,,,,https://images.fotmob.com/image_resources/logo/teamlogo/8634.png
6720,Spain,873289.0,Marc Cucurella,1.0,24.0,https://images.fotmob.com/image_resources/playerimages/873289.png,177.0,27.0,1998-07-22,8633,Real Madrid,Defender,7.35,0.0,0.0,0.0,0.0,0.0,"38,79,68","LB,LM,LWB",45916601.0,,,,https://images.fotmob.com/image_resources/logo/teamlogo/8633.png
6720,Spain,288406.0,Alejandro Grimaldo,2.0,3.0,https://images.fotmob.com/image_resources/playerimages/288406.png,171.0,30.0,1995-09-20,8178,Bayer Leverkusen,Midfielder,,0.0,0.0,0.0,0.0,0.0,"68,38,78","LWB,LB,LM",26198877.0,,,,https://images.fotmob.com/image_resources/logo/teamlogo/8178.png
6720,Spain,574645.0,Mikel Merino,2.0,6.0,https://images.fotmob.com/image_resources/playerimages/574645.png,187.0,30.0,1996-06-22,9825,Arsenal,Midfielder,6.43,0.0,0.0,0.0,0.0,0.0,"73,105,64","CM,ST,CDM",33428236.0,,,,https://images.fotmob.com/image_resources/logo/teamlogo/9825.png
6720,Spain,605654.0,Fabián Ruiz,2.0,8.0,https://images.fotmob.com/image_resources/playerimages/605654.png,189.0,30.0,1996-04-03,9847,Paris Saint-Germain,Midfielder,6.91,0.0,0.0,0.0,0.0,0.0,77,CM,33299522.0,,,,https://images.fotmob.com/image_resources/logo/teamlogo/9847.png
6720,Spain,1279040.0,Gavi,2.0,9.0,https://images.fotmob.com/image_resources/playerimages/1279040.png,173.0,21.0,2004-08-05,8634,Barcelona,Midfielder,6.82,0.0,0.0,0.0,0.0,0.0,"64,87","CDM,LW",39676288.0,,,,https://images.fotmob.com/image_resources/logo/teamlogo/8634.png
6720,Spain,614834.0,Dani Olmo,2.0,10.0,https://images.fotmob.com/image_resources/playerimages/614834.png,180.0,28.0,1998-05-07,8634,Barcelona,Midfielder,7.17,0.0,0.0,1.0,0.0,0.0,"85,77,87","CAM,CM,LW",55683025.0,,,,https://images.fotmob.com/image_resources/logo/teamlogo/8634.png
6720,Spain,1047676.0,Yéremi Pino,2.0,11.0,https://images.fotmob.com/image_resources/playerimages/1047676.png,172.0,23.0,2002-10-20,9826,Crystal Palace,Midfielder,5.95,0.0,0.0,0.0,0.0,0.0,"86,107,72,78,103","CAM,LW,RM,LM,RW",49141554.0,True,78,Unknown,https://images.fotmob.com/image_resources/logo/teamlogo/9826.png
6720,Spain,942372.0,Álex Baena,2.0,15.0,https://images.fotmob.com/image_resources/playerimages/942372.png,174.0,24.0,2001-07-20,9906,Atletico Madrid,Midfielder,7.31,1.0,0.0,0.0,0.0,1.0,"78,107,77,85,104,72","LM,LW,CM,CAM,ST,RM",45549651.0,,,,https://images.fotmob.com/image_resources/logo/teamlogo/9906.png
6720,Spain,675088.0,Rodri,2.0,16.0,https://images.fotmob.com/image_resources/playerimages/675088.png,190.0,30.0,1996-06-22,8456,Manchester City,Midfielder,7.77,0.0,0.0,0.0,0.0,0.0,"65,75","CDM,CM",73119590.0,,,,https://images.fotmob.com/image_resources/logo/teamlogo/8456.png
6720,Spain,1031325.0,Martín Zubimendi,2.0,18.0,https://images.fotmob.com/image_resources/playerimages/1031325.png,180.0,27.0,1999-02-02,9825,Arsenal,Midfielder,,0.0,0.0,0.0,0.0,0.0,"75,64","CM,CDM",76958729.0,,,,https://images.fotmob.com/image_resources/logo/teamlogo/9825.png
6720,Spain,1083323.0,Pedri,2.0,20.0,https://images.fotmob.com/image_resources/playerimages/1083323.png,174.0,23.0,2002-11-25,8634,Barcelona,Midfielder,7.83,0.0,0.0,0.0,0.0,1.0,"66,77","CDM,CM",106919654.0,,,,https://images.fotmob.com/image_resources/logo/teamlogo/8634.png
6720,Spain,881771.0,Ferran Torres,3.0,7.0,https://images.fotmob.com/image_resources/playerimages/881771.png,184.0,26.0,2000-02-29,8634,Barcelona,Attacker,6.49,0.0,0.0,0.0,0.0,0.0,"115,103,87","ST,RW,LW",46933746.0,,,,https://images.fotmob.com/image_resources/logo/teamlogo/8634.png
6720,Spain,1202110.0,Nico Williams,3.0,17.0,https://images.fotmob.com/image_resources/playerimages/1202110.png,181.0,23.0,2002-07-12,8315,Athletic Club,Attacker,6.08,0.0,0.0,0.0,0.0,0.0,"87,78","LW,LM",57864744.0,True,42,Early July 2026,https://images.fotmob.com/image_resources/logo/teamlogo/8315.png
6720,Spain,1467236.0,Lamine Yamal,3.0,19.0,https://images.fotmob.com/image_resources/playerimages/1467236.png,180.0,18.0,2007-07-13,8634,Barcelona,Attacker,7.23,1.0,0.0,0.0,0.0,0.0,83,RW,191225068.0,,,,https://images.fotmob.com/image_resources/logo/teamlogo/8634.png
6720,Spain,678234.0,Mikel Oyarzabal,3.0,21.0,https://images.fotmob.com/image_resources/playerimages/678234.png,180.0,29.0,1997-04-21,8560,Real Sociedad,Attacker,7.25,2.0,0.0,1.0,0.0,0.0,115,ST,34428044.0,,,,https://images.fotmob.com/image_resources/logo/teamlogo/8560.png
6720,Spain,1553105.0,Víctor Muñoz,3.0,25.0,https://images.fotmob.com/image_resources/playerimages/1553105.png,173.0,22.0,2003-07-13,8650,Liverpool,Attacker,,0.0,0.0,0.0,0.0,0.0,"87,103,106,84,78","LW,RW,ST,CAM,LM",,,,,https://images.fotmob.com/image_resources/logo/teamlogo/8650.png
6720,Spain,609505.0,Borja Iglesias,3.0,26.0,https://images.fotmob.com/image_resources/playerimages/609505.png,187.0,33.0,1993-01-17,9910,Celta Vigo,Attacker,,0.0,0.0,0.0,0.0,0.0,105,ST,2363183.0,,,,https://images.fotmob.com/image_resources/logo/teamlogo/9910.png
5888,Cape Verde,1204965.0,Bubista,,,https://images.fotmob.com/image_resources/playerimages/1204965.png,,56.0,1970-01-06,CPV,Cape Verde,Coach,,,,,,,,,,,,,https://images.fotmob.com/image_resources/logo/teamlogo/cpv.png
5888,Cape Verde,422149.0,Vozinha,0.0,1.0,https://images.fotmob.com/image_resources/playerimages/422149.png,188.0,40.0,1986-06-03,9774,Chaves,Keeper,7.61,0.0,0.0,0.0,0.0,0.0,11,GK,149794.0,,,,https://images.fotmob.com/image_resources/logo/teamlogo/9774.png
5888,Cape Verde,865144.0,Márcio Rosa,0.0,12.0,https://images.fotmob.com/image_resources/playerimages/865144.png,186.0,29.0,1997-02-23,46475,Montana,Keeper,,0.0,0.0,0.0,0.0,0.0,11,GK,125227.0,,,,https://images.fotmob.com/image_resources/logo/teamlogo/46475.png
5888,Cape Verde,1054027.0,Carlos Dos Santos,0.0,23.0,https://images.fotmob.com/image_resources/playerimages/1054027.png,194.0,25.0,2000-08-24,1701119,San Diego FC,Keeper,,0.0,0.0,0.0,0.0,0.0,11,GK,815118.0,,,,https://images.fotmob.com/image_resources/logo/teamlogo/1701119.png
5888,Cape Verde,164062.0,Stopira,1.0,2.0,https://images.fotmob.com/image_resources/playerimages/164062.png,180.0,38.0,1988-05-20,212820,Torreense,Defender,,0.0,0.0,0.0,0.0,0.0,34,CB,216742.0,,,,https://images.fotmob.com/image_resources/logo/teamlogo/212820.png
5888,Cape Verde,496648.0,Diney Borges,1.0,3.0,https://images.fotmob.com/image_resources/playerimages/496648.png,185.0,31.0,1995-01-17,1112866,Al Bataeh,Defender,7.56,0.0,0.0,0.0,0.0,1.0,35,CB,693537.0,,,,https://images.fotmob.com/image_resources/logo/teamlogo/1112866.png
5888,Cape Verde,230134.0,Roberto Lopes,1.0,4.0,https://images.fotmob.com/image_resources/playerimages/230134.png,174.0,34.0,1992-06-17,4131,Shamrock Rovers,Defender,7.24,0.0,0.0,0.0,0.0,0.0,35,CB,50000.0,,,,https://images.fotmob.com/image_resources/logo/teamlogo/4131.png
5888,Cape Verde,922877.0,Logan Costa,1.0,5.0,https://images.fotmob.com/image_resources/playerimages/922877.png,188.0,25.0,2001-04-01,10205,Villarreal,Defender,,0.0,0.0,0.0,0.0,0.0,36,CB,19435661.0,,,,https://images.fotmob.com/image_resources/logo/teamlogo/10205.png
5888,Cape Verde,1441786.0,Sidny Lopes Cabral,1.0,13.0,https://images.fotmob.com/image_resources/playerimages/1441786.png,170.0,23.0,2002-09-18,9752,Trabzonspor,Defender,7.0,0.0,0.0,0.0,0.0,2.0,"38,72,51,87,78","LB,RM,RWB,LW,LM",1345064.0,,,,https://images.fotmob.com/image_resources/logo/teamlogo/9752.png
5888,Cape Verde,444000.0,Steven Moreira,1.0,22.0,https://images.fotmob.com/image_resources/playerimages/444000.png,178.0,31.0,1994-08-13,6001,Columbus Crew,Defender,6.56,0.0,0.0,0.0,0.0,0.0,"33,32","CB,RB",707488.0,,,,https://images.fotmob.com/image_resources/logo/teamlogo/6001.png
5888,Cape Verde,1460591.0,Wagner Pina,1.0,24.0,https://images.fotmob.com/image_resources/playerimages/1460591.png,180.0,23.0,2002-11-03,9752,Trabzonspor,Defender,7.39,0.0,0.0,0.0,0.0,1.0,"32,62,33","RB,RWB,CB",8276821.0,,,,https://images.fotmob.com/image_resources/logo/teamlogo/9752.png
5888,Cape Verde,1175733.0,Kelvin Pires,1.0,25.0,https://images.fotmob.com/image_resources/playerimages/1175733.png,193.0,26.0,2000-06-05,162162,SJK,Defender,,0.0,0.0,0.0,0.0,0.0,34,CB,166394.0,,,,https://images.fotmob.com/image_resources/logo/teamlogo/162162.png
5888,Cape Verde,890503.0,Kevin Pina,2.0,6.0,https://images.fotmob.com/image_resources/playerimages/890503.png,190.0,29.0,1997-01-27,168719,FC Krasnodar,Midfielder,7.33,1.0,0.0,0.0,0.0,0.0,"66,77","CDM,CM",2519528.0,,,,https://images.fotmob.com/image_resources/logo/teamlogo/168719.png
5888,Cape Verde,1241301.0,João Paulo,2.0,8.0,https://images.fotmob.com/image_resources/playerimages/1241301.png,180.0,28.0,1998-05-26,9723,FCSB,Midfielder,7.11,0.0,0.0,0.0,0.0,0.0,"38,66,75","LB,CDM,CM",395781.0,,,,https://images.fotmob.com/image_resources/logo/teamlogo/9723.png
5888,Cape Verde,680905.0,Jamiro Monteiro,2.0,10.0,https://images.fotmob.com/image_resources/playerimages/680905.png,175.0,32.0,1993-11-23,6413,PEC Zwolle,Midfielder,6.54,0.0,0.0,0.0,0.0,0.0,"77,66,86,83","CM,CDM,CAM,RW",389439.0,,,,https://images.fotmob.com/image_resources/logo/teamlogo/6413.png
5888,Cape Verde,798069.0,Deroy Duarte,2.0,14.0,https://images.fotmob.com/image_resources/playerimages/798069.png,184.0,26.0,1999-07-04,210173,Ludogorets Razgrad,Midfielder,6.9,0.0,0.0,0.0,0.0,0.0,"66,73,84","CDM,CM,CAM",1139956.0,,,,https://images.fotmob.com/image_resources/logo/teamlogo/210173.png
5888,Cape Verde,665167.0,Laros Duarte,2.0,15.0,https://images.fotmob.com/image_resources/playerimages/665167.png,180.0,29.0,1997-02-28,355346,Puskas FC Academy,Midfielder,6.66,0.0,0.0,0.0,0.0,0.0,"66,76,85,83","CDM,CM,CAM,RW",818049.0,,,,https://images.fotmob.com/image_resources/logo/teamlogo/355346.png
5888,Cape Verde,1205410.0,Yannick Semedo,2.0,16.0,https://images.fotmob.com/image_resources/playerimages/1205410.png,171.0,30.0,1995-12-29,6004,Farense,Midfielder,6.55,0.0,0.0,0.0,0.0,0.0,"77,66,85","CM,CDM,CAM",,,,,https://images.fotmob.com/image_resources/logo/teamlogo/6004.png
5888,Cape Verde,785716.0,Jovane Cabral,3.0,7.0,https://images.fotmob.com/image_resources/playerimages/785716.png,176.0,28.0,1998-06-14,1074320,Estrela da Amadora,Attacker,7.04,0.0,0.0,0.0,0.0,0.0,"107,77,85","LW,CM,CAM",484392.0,,,,https://images.fotmob.com/image_resources/logo/teamlogo/1074320.png
5888,Cape Verde,1241302.0,Gilson Benchimol,3.0,9.0,https://images.fotmob.com/image_resources/playerimages/1241302.png,177.0,24.0,2001-12-29,1068364,Akron Togliatti,Attacker,6.32,0.0,0.0,0.0,0.0,0.0,"105,103","ST,RW",1017646.0,,,,https://images.fotmob.com/image_resources/logo/teamlogo/1068364.png
5888,Cape Verde,302912.0,Garry Rodrigues,3.0,11.0,https://images.fotmob.com/image_resources/playerimages/302912.png,173.0,35.0,1990-11-27,8003,Apollon Limassol,Attacker,6.44,0.0,0.0,0.0,0.0,0.0,"83,87,85,78","RW,LW,CAM,LM",260870.0,,,,https://images.fotmob.com/image_resources/logo/teamlogo/8003.png
5888,Cape Verde,873832.0,Willy Semedo,3.0,17.0,https://images.fotmob.com/image_resources/playerimages/873832.png,185.0,32.0,1994-04-27,8044,Omonia Nicosia,Attacker,6.22,0.0,0.0,0.0,0.0,0.0,"87,78,83","LW,LM,RW",590199.0,,,,https://images.fotmob.com/image_resources/logo/teamlogo/8044.png
5888,Cape Verde,1165477.0,Telmo Arcanjo,3.0,18.0,https://images.fotmob.com/image_resources/playerimages/1165477.png,180.0,25.0,2001-06-21,7844,Vitoria de Guimaraes,Attacker,6.29,0.0,0.0,0.0,0.0,0.0,"83,85,72","RW,CAM,RM",1889888.0,True,42,About 1-2 weeks,https://images.fotmob.com/image_resources/logo/teamlogo/7844.png
5888,Cape Verde,1309634.0,Dailon Livramento,3.0,19.0,https://images.fotmob.com/image_resources/playerimages/1309634.png,185.0,25.0,2001-05-04,212821,Casa Pia AC,Attacker,5.79,0.0,0.0,0.0,0.0,0.0,115,ST,998002.0,,,,https://images.fotmob.com/image_resources/logo/teamlogo/212821.png
5888,Cape Verde,172615.0,Ryan Mendes,3.0,20.0,https://images.fotmob.com/image_resources/playerimages/172615.png,178.0,36.0,1990-01-08,1281818,Igdir FK,Attacker,6.8,0.0,0.0,0.0,0.0,0.0,"82,87,85,72,106","RW,LW,CAM,RM,ST",118519.0,,,,https://images.fotmob.com/image_resources/logo/teamlogo/1281818.png
5888,Cape Verde,671326.0,Nuno da Costa,3.0,21.0,https://images.fotmob.com/image_resources/playerimages/671326.png,184.0,35.0,1991-02-10,1933,Başakşehir,Attacker,6.38,0.0,0.0,0.0,0.0,0.0,"115,87","ST,LW",518963.0,,,,https://images.fotmob.com/image_resources/logo/teamlogo/1933.png
5888,Cape Verde,1524518.0,Hélio Varela,3.0,26.0,https://images.fotmob.com/image_resources/playerimages/1524518.png,176.0,24.0,2002-05-03,7855,Maccabi Tel Aviv,Attacker,6.64,1.0,0.0,0.0,0.0,0.0,"87,78","LW,LM",1083553.0,,,,https://images.fotmob.com/image_resources/logo/teamlogo/7855.png
5796,Uruguay,154305.0,Marcelo Bielsa,,,https://images.fotmob.com/image_resources/playerimages/154305.png,,70.0,1955-07-21,ARG,Argentina,Coach,,,,,,,,,,,,,https://images.fotmob.com/image_resources/logo/teamlogo/arg.png
5796,Uruguay,553476.0,Sergio Rochet,0.0,1.0,https://images.fotmob.com/image_resources/playerimages/553476.png,189.0,33.0,1993-03-23,8702,Internacional,Keeper,5.93,0.0,0.0,0.0,0.0,0.0,11,GK,1216842.0,,,,https://images.fotmob.com/image_resources/logo/teamlogo/8702.png
5796,Uruguay,848027.0,Santiago Mele,0.0,12.0,https://images.fotmob.com/image_resources/playerimages/848027.png,185.0,28.0,1997-09-06,7849,Monterrey,Keeper,,0.0,0.0,0.0,0.0,0.0,11,GK,1654058.0,,,,https://images.fotmob.com/image_resources/logo/teamlogo/7849.png
5796,Uruguay,56829.0,Fernando Muslera,0.0,23.0,https://images.fotmob.com/image_resources/playerimages/56829.png,190.0,40.0,1986-06-16,10094,Estudiantes,Keeper,4.86,0.0,0.0,0.0,0.0,0.0,11,GK,643472.0,,,,https://images.fotmob.com/image_resources/logo/teamlogo/10094.png
5796,Uruguay,474589.0,José Giménez,1.0,2.0,https://images.fotmob.com/image_resources/playerimages/474589.png,185.0,31.0,1995-01-20,9906,Atletico Madrid,Defender,,0.0,0.0,0.0,0.0,0.0,34,CB,12664676.0,,,,https://images.fotmob.com/image_resources/logo/teamlogo/9906.png
5796,Uruguay,1020026.0,Sebastián Cáceres,1.0,3.0,https://images.fotmob.com/image_resources/playerimages/1020026.png,180.0,26.0,1999-08-18,6576,CF America,Defender,6.53,0.0,0.0,0.0,0.0,0.0,34,CB,3116400.0,,,,https://images.fotmob.com/image_resources/logo/teamlogo/6576.png
5796,Uruguay,921253.0,Ronald Araujo,1.0,4.0,https://images.fotmob.com/image_resources/playerimages/921253.png,192.0,27.0,1999-03-07,8634,Barcelona,Defender,,0.0,0.0,0.0,0.0,0.0,"34,32","CB,RB",31223330.0,,,,https://images.fotmob.com/image_resources/logo/teamlogo/8634.png
5796,Uruguay,465614.0,Guillermo Varela,1.0,13.0,https://images.fotmob.com/image_resources/playerimages/465614.png,173.0,33.0,1993-03-24,9770,Flamengo,Defender,6.83,0.0,0.0,0.0,0.0,1.0,"32,38","RB,LB",1077786.0,,,,https://images.fotmob.com/image_resources/logo/teamlogo/9770.png
5796,Uruguay,729093.0,Mathías Olivera,1.0,16.0,https://images.fotmob.com/image_resources/playerimages/729093.png,185.0,28.0,1997-10-31,9875,Napoli,Defender,7.16,0.0,0.0,0.0,0.0,1.0,"37,38,68","CB,LB,LWB",17632949.0,,,,https://images.fotmob.com/image_resources/logo/teamlogo/9875.png
5796,Uruguay,840184.0,Matías Viña,1.0,17.0,https://images.fotmob.com/image_resources/playerimages/840184.png,180.0,28.0,1997-11-09,10076,River Plate,Defender,6.36,0.0,0.0,0.0,0.0,0.0,38,LB,3158235.0,,,,https://images.fotmob.com/image_resources/logo/teamlogo/10076.png
5796,Uruguay,1031656.0,Maxi Araújo,1.0,20.0,https://images.fotmob.com/image_resources/playerimages/1031656.png,180.0,26.0,2000-02-15,9768,Sporting CP,Defender,7.62,2.0,0.0,1.0,0.0,0.0,"38,87,78","LB,LW,LM",25121246.0,,,,https://images.fotmob.com/image_resources/logo/teamlogo/9768.png
5796,Uruguay,861661.0,Joaquín Piquerez,1.0,22.0,https://images.fotmob.com/image_resources/playerimages/861661.png,185.0,27.0,1998-08-24,10283,Palmeiras,Defender,,0.0,0.0,0.0,0.0,0.0,"38,68","LB,LWB",13161262.0,,,,https://images.fotmob.com/image_resources/logo/teamlogo/10283.png
5796,Uruguay,848034.0,Santiago Bueno,1.0,24.0,https://images.fotmob.com/image_resources/playerimages/848034.png,189.0,27.0,1998-11-09,8602,Wolverhampton Wanderers,Defender,,0.0,0.0,0.0,0.0,0.0,35,CB,14441037.0,,,,https://images.fotmob.com/image_resources/logo/teamlogo/8602.png
5796,Uruguay,1053963.0,Juan Sanabria,1.0,25.0,https://images.fotmob.com/image_resources/playerimages/1053963.png,172.0,26.0,2000-03-29,6606,Real Salt Lake,Defender,6.63,0.0,0.0,0.0,0.0,1.0,"38,59,78,107,83","LB,LWB,LM,LW,RW",2984556.0,,,,https://images.fotmob.com/image_resources/logo/teamlogo/6606.png
5796,Uruguay,1035614.0,Manuel Ugarte,2.0,5.0,https://images.fotmob.com/image_resources/playerimages/1035614.png,182.0,25.0,2001-04-11,10260,Manchester United,Midfielder,6.68,0.0,0.0,0.0,0.0,0.0,"66,75","CDM,CM",41956668.0,True,76,Early March 2027,https://images.fotmob.com/image_resources/logo/teamlogo/10260.png
5796,Uruguay,620618.0,Rodrigo Bentancur,2.0,6.0,https://images.fotmob.com/image_resources/playerimages/620618.png,187.0,29.0,1997-06-25,8586,Tottenham Hotspur,Midfielder,7.8,0.0,0.0,0.0,0.0,1.0,"64,75","CDM,CM",21082975.0,,,,https://images.fotmob.com/image_resources/logo/teamlogo/8586.png
5796,Uruguay,751198.0,Nicolás de la Cruz,2.0,7.0,https://images.fotmob.com/image_resources/playerimages/751198.png,167.0,29.0,1997-06-01,9770,Flamengo,Midfielder,6.77,0.0,0.0,0.0,0.0,1.0,"64,76","CDM,CM",10337490.0,,,,https://images.fotmob.com/image_resources/logo/teamlogo/9770.png
5796,Uruguay,743533.0,Federico Valverde,2.0,8.0,https://images.fotmob.com/image_resources/playerimages/743533.png,182.0,27.0,1998-07-22,8633,Real Madrid,Midfielder,6.73,0.0,0.0,0.0,0.0,0.0,"32,72,73,64,83,86","RB,RM,CM,CDM,RW,CAM",112969063.0,,,,https://images.fotmob.com/image_resources/logo/teamlogo/8633.png
5796,Uruguay,438647.0,Giorgian De Arrascaeta,2.0,10.0,https://images.fotmob.com/image_resources/playerimages/438647.png,177.0,32.0,1994-06-01,9770,Flamengo,Midfielder,,0.0,0.0,0.0,0.0,0.0,"85,87","CAM,LW",14404269.0,,,,https://images.fotmob.com/image_resources/logo/teamlogo/9770.png
5796,Uruguay,1137909.0,Emiliano Martínez,2.0,15.0,https://images.fotmob.com/image_resources/playerimages/1137909.png,184.0,26.0,1999-08-17,10283,Palmeiras,Midfielder,,0.0,0.0,0.0,0.0,0.0,"64,76,35","CDM,CM,CB",8979676.0,,,,https://images.fotmob.com/image_resources/logo/teamlogo/10283.png
5796,Uruguay,950561.0,Darwin Núñez,3.0,9.0,https://images.fotmob.com/image_resources/playerimages/950561.png,187.0,27.0,1999-06-24,2529,Al Hilal,Attacker,6.21,0.0,0.0,0.0,0.0,0.0,"115,107,86","ST,LW,CAM",26660531.0,,,,https://images.fotmob.com/image_resources/logo/teamlogo/2529.png
5796,Uruguay,1073402.0,Facundo Pellistri,3.0,11.0,https://images.fotmob.com/image_resources/playerimages/1073402.png,174.0,24.0,2001-12-20,10200,Panathinaikos,Attacker,,0.0,0.0,0.0,0.0,0.0,"103,107,72","RW,LW,RM",6786592.0,,,,https://images.fotmob.com/image_resources/logo/teamlogo/10200.png
5796,Uruguay,840212.0,Agustín Canobbio,3.0,14.0,https://images.fotmob.com/image_resources/playerimages/840212.png,175.0,27.0,1998-10-01,9863,Fluminense,Attacker,6.53,1.0,0.0,0.0,1.0,0.0,"83,87,72","RW,LW,RM",4863777.0,,,,https://images.fotmob.com/image_resources/logo/teamlogo/9863.png
5796,Uruguay,941660.0,Brian Rodríguez,3.0,18.0,https://images.fotmob.com/image_resources/playerimages/941660.png,174.0,26.0,2000-05-20,6576,CF America,Attacker,6.05,0.0,0.0,0.0,0.0,0.0,"87,103,85,115","LW,RW,CAM,ST",8494958.0,,,,https://images.fotmob.com/image_resources/logo/teamlogo/6576.png
5796,Uruguay,401095.0,Rodrigo Aguirre,3.0,19.0,https://images.fotmob.com/image_resources/playerimages/401095.png,186.0,31.0,1994-10-01,8561,Tigres,Attacker,,0.0,0.0,0.0,0.0,0.0,115,ST,1662173.0,,,,https://images.fotmob.com/image_resources/logo/teamlogo/8561.png
5796,Uruguay,1032811.0,Federico Viñas,3.0,21.0,https://images.fotmob.com/image_resources/playerimages/1032811.png,181.0,27.0,1998-06-30,8670,Real Oviedo,Attacker,6.63,0.0,0.0,0.0,0.0,0.0,"115,83","ST,RW",2736548.0,,,,https://images.fotmob.com/image_resources/logo/teamlogo/8670.png
5796,Uruguay,1070776.0,Rodrigo Zalazar,3.0,26.0,https://images.fotmob.com/image_resources/playerimages/1070776.png,178.0,26.0,1999-08-12,10264,Braga,Attacker,,0.0,0.0,0.0,0.0,0.0,"103,84,107,77,106","RW,CAM,LW,CM,ST",22706312.0,,,,https://images.fotmob.com/image_resources/logo/teamlogo/10264.png
7795,Saudi Arabia,312235.0,Georgios Donis,,,https://images.fotmob.com/image_resources/playerimages/312235.png,180.0,56.0,1969-10-22,GRE,Greece,Coach,,,,,,,,,,,,,https://images.fotmob.com/image_resources/logo/teamlogo/gre.png
7795,Saudi Arabia,1125083.0,Nawaf Al Aqidi,0.0,1.0,https://images.fotmob.com/image_resources/playerimages/1125083.png,186.0,26.0,2000-05-10,101918,Al Nassr FC,Keeper,,0.0,0.0,0.0,0.0,0.0,11,GK,554472.0,,,,https://images.fotmob.com/image_resources/logo/teamlogo/101918.png
7795,Saudi Arabia,535669.0,Mohammed Al Owais,0.0,21.0,https://images.fotmob.com/image_resources/playerimages/535669.png,185.0,34.0,1991-10-10,1793879,Al-Ula FC,Keeper,7.19,0.0,0.0,0.0,0.0,0.0,11,GK,141322.0,,,,https://images.fotmob.com/image_resources/logo/teamlogo/1793879.png
7795,Saudi Arabia,544589.0,Ahmed Al Kassar,0.0,22.0,https://images.fotmob.com/image_resources/playerimages/544589.png,178.0,35.0,1991-05-08,101919,Al Qadsiah,Keeper,,0.0,0.0,0.0,0.0,0.0,11,GK,189784.0,,,,https://images.fotmob.com/image_resources/logo/teamlogo/101919.png
7795,Saudi Arabia,640284.0,Ali Lajami,1.0,3.0,https://images.fotmob.com/image_resources/playerimages/640284.png,177.0,30.0,1996-04-24,2529,Al Hilal,Defender,6.23,0.0,0.0,0.0,0.0,0.0,34,CB,576017.0,,,,https://images.fotmob.com/image_resources/logo/teamlogo/2529.png
7795,Saudi Arabia,848600.0,Abdulelah Al Amri,1.0,4.0,https://images.fotmob.com/image_resources/playerimages/848600.png,185.0,29.0,1997-01-15,101918,Al Nassr FC,Defender,6.86,1.0,0.0,0.0,0.0,1.0,36,CB,809866.0,,,,https://images.fotmob.com/image_resources/logo/teamlogo/101918.png
7795,Saudi Arabia,1401228.0,Nawaf Bu Washl,1.0,13.0,https://images.fotmob.com/image_resources/playerimages/1401228.png,173.0,26.0,1999-09-16,101918,Al Nassr FC,Defender,6.87,0.0,0.0,0.0,0.0,0.0,"32,38","RB,LB",1124173.0,,,,https://images.fotmob.com/image_resources/logo/teamlogo/101918.png
7795,Saudi Arabia,431215.0,Hassan Kadish,1.0,14.0,https://images.fotmob.com/image_resources/playerimages/431215.png,179.0,33.0,1992-09-26,8577,Al Ittihad,Defender,,0.0,0.0,0.0,0.0,0.0,"36,38","CB,LB",327694.0,,,,https://images.fotmob.com/image_resources/logo/teamlogo/8577.png
7795,Saudi Arabia,1095207.0,Aiman Yahya,1.0,15.0,https://images.fotmob.com/image_resources/playerimages/1095207.png,173.0,25.0,2001-05-14,101918,Al Nassr FC,Defender,,0.0,0.0,0.0,0.0,0.0,"38,82,79","LB,RW,LM",,,,,https://images.fotmob.com/image_resources/logo/teamlogo/101918.png
7795,Saudi Arabia,848607.0,Hassan Al Tambakti,1.0,17.0,https://images.fotmob.com/image_resources/playerimages/848607.png,183.0,27.0,1999-02-09,2529,Al Hilal,Defender,5.83,0.0,0.0,0.0,0.0,0.0,"34,32","CB,RB",1251573.0,,,,https://images.fotmob.com/image_resources/logo/teamlogo/2529.png
7795,Saudi Arabia,1138003.0,Moteb Al Harbi,1.0,24.0,https://images.fotmob.com/image_resources/playerimages/1138003.png,173.0,26.0,2000-02-20,2529,Al Hilal,Defender,6.05,0.0,0.0,0.0,0.0,0.0,"32,38,37,59,78","RB,LB,CB,LWB,LM",896617.0,,,,https://images.fotmob.com/image_resources/logo/teamlogo/2529.png
7795,Saudi Arabia,1232530.0,Jehad Thikri,1.0,25.0,https://images.fotmob.com/image_resources/playerimages/1232530.png,184.0,24.0,2001-07-21,101919,Al Qadsiah,Defender,,0.0,0.0,0.0,0.0,0.0,33,CB,,,,,https://images.fotmob.com/image_resources/logo/teamlogo/101919.png
7795,Saudi Arabia,910986.0,Ali Majrashi,1.0,26.0,https://images.fotmob.com/image_resources/playerimages/910986.png,169.0,26.0,1999-10-02,2530,Al Ahli,Defender,,0.0,0.0,0.0,0.0,0.0,"32,51","RB,RWB",942088.0,,,,https://images.fotmob.com/image_resources/logo/teamlogo/2530.png
7795,Saudi Arabia,848612.0,Nasser Al Dawsari,2.0,6.0,https://images.fotmob.com/image_resources/playerimages/848612.png,178.0,27.0,1998-12-19,2529,Al Hilal,Midfielder,6.97,0.0,0.0,0.0,0.0,1.0,"77,64,86,38","CM,CDM,CAM,LB",599678.0,,,,https://images.fotmob.com/image_resources/logo/teamlogo/2529.png
7795,Saudi Arabia,1235341.0,Musab Al Juwayr,2.0,7.0,https://images.fotmob.com/image_resources/playerimages/1235341.png,175.0,23.0,2003-06-20,101919,Al Qadsiah,Midfielder,6.53,0.0,0.0,0.0,0.0,0.0,"77,84,106,72","CM,CAM,ST,RM",4855676.0,,,,https://images.fotmob.com/image_resources/logo/teamlogo/101919.png
7795,Saudi Arabia,1002617.0,Saud Abdulhamid,2.0,12.0,https://images.fotmob.com/image_resources/playerimages/1002617.png,172.0,26.0,1999-07-18,8588,Lens,Midfielder,6.78,0.0,0.0,0.0,0.0,1.0,"62,32,72","RWB,RB,RM",3205482.0,,,,https://images.fotmob.com/image_resources/logo/teamlogo/8588.png
7795,Saudi Arabia,823457.0,Abdullah Al Khaibari,2.0,15.0,https://images.fotmob.com/image_resources/playerimages/823457.png,175.0,29.0,1996-08-16,101918,Al Nassr FC,Midfielder,6.39,0.0,0.0,0.0,0.0,0.0,"74,64,35","CM,CDM,CB",576017.0,,,,https://images.fotmob.com/image_resources/logo/teamlogo/101918.png
7795,Saudi Arabia,1174962.0,Ziyad Al Johani,2.0,16.0,https://images.fotmob.com/image_resources/playerimages/1174962.png,180.0,24.0,2001-11-11,2530,Al Ahli,Midfielder,,0.0,0.0,0.0,0.0,0.0,"64,75,86","CDM,CM,CAM",873406.0,,,,https://images.fotmob.com/image_resources/logo/teamlogo/2530.png
7795,Saudi Arabia,697618.0,Alaa Al Hejji,2.0,18.0,https://images.fotmob.com/image_resources/playerimages/697618.png,178.0,30.0,1995-12-03,1699505,Neom SC,Midfielder,6.23,0.0,0.0,0.0,0.0,0.0,"74,104,66","CM,ST,CDM",,,,,https://images.fotmob.com/image_resources/logo/teamlogo/1699505.png
7795,Saudi Arabia,866373.0,Mohamed Kanno,2.0,23.0,https://images.fotmob.com/image_resources/playerimages/866373.png,191.0,31.0,1994-09-22,2529,Al Hilal,Midfielder,6.79,0.0,0.0,0.0,0.0,1.0,"77,86,66,106","CM,CAM,CDM,ST",745159.0,,,,https://images.fotmob.com/image_resources/logo/teamlogo/2529.png
7795,Saudi Arabia,1543647.0,Mohammed Abu Al Shamat,2.0,26.0,https://images.fotmob.com/image_resources/playerimages/1543647.png,170.0,23.0,2002-08-11,101919,Al Qadsiah,Midfielder,6.51,0.0,0.0,0.0,0.0,0.0,"32,71,86,51","RB,RM,CAM,RWB",1068869.0,,,,https://images.fotmob.com/image_resources/logo/teamlogo/101919.png
7795,Saudi Arabia,844226.0,Feras Al Brikan,3.0,9.0,https://images.fotmob.com/image_resources/playerimages/844226.png,185.0,26.0,2000-05-14,2530,Al Ahli,Attacker,6.34,0.0,0.0,0.0,0.0,1.0,"115,87,85,83,72","ST,LW,CAM,RW,RM",3789763.0,,,,https://images.fotmob.com/image_resources/logo/teamlogo/2530.png
7795,Saudi Arabia,307753.0,Salem Al Dawsari,3.0,10.0,https://images.fotmob.com/image_resources/playerimages/307753.png,173.0,34.0,1991-08-19,2529,Al Hilal,Attacker,6.33,0.0,0.0,0.0,0.0,1.0,"107,78,106","LW,LM,ST",935851.0,,,,https://images.fotmob.com/image_resources/logo/teamlogo/2529.png
7795,Saudi Arabia,384407.0,Saleh Al Shehri,3.0,11.0,https://images.fotmob.com/image_resources/playerimages/384407.png,184.0,32.0,1993-11-01,8577,Al Ittihad,Attacker,,0.0,0.0,0.0,0.0,0.0,105,ST,363409.0,,,,https://images.fotmob.com/image_resources/logo/teamlogo/8577.png
7795,Saudi Arabia,1024928.0,Khalid Al Ghannam,3.0,17.0,https://images.fotmob.com/image_resources/playerimages/1024928.png,171.0,25.0,2000-11-08,101915,Al-Ettifaq,Attacker,,0.0,0.0,0.0,0.0,0.0,"87,106,78,86","LW,ST,LM,CAM",530821.0,,,,https://images.fotmob.com/image_resources/logo/teamlogo/101915.png
7795,Saudi Arabia,909198.0,Abdullah Al Hamddan,3.0,19.0,https://images.fotmob.com/image_resources/playerimages/909198.png,186.0,26.0,1999-09-13,101918,Al Nassr FC,Attacker,6.1,0.0,0.0,0.0,0.0,0.0,"115,107","ST,LW",191014.0,,,,https://images.fotmob.com/image_resources/logo/teamlogo/101918.png
7795,Saudi Arabia,619824.0,Sultan Mandash,3.0,20.0,https://images.fotmob.com/image_resources/playerimages/619824.png,172.0,31.0,1994-10-17,2529,Al Hilal,Attacker,6.56,0.0,0.0,0.0,0.0,0.0,"103,107,72,86","RW,LW,RM,CAM",237358.0,,,,https://images.fotmob.com/image_resources/logo/teamlogo/2529.png
6723,France,78624.0,Didier Deschamps,,,https://images.fotmob.com/image_resources/playerimages/78624.png,,57.0,1968-10-15,FRA,France,Coach,,,,,,,,,,,,,https://images.fotmob.com/image_resources/logo/teamlogo/fra.png
6723,France,279714.0,Brice Samba,0.0,1.0,https://images.fotmob.com/image_resources/playerimages/279714.png,186.0,32.0,1994-04-25,9851,Rennes,Keeper,,0.0,0.0,0.0,0.0,0.0,11,GK,6320440.0,,,,https://images.fotmob.com/image_resources/logo/teamlogo/9851.png
6723,France,466439.0,Mike Maignan,0.0,16.0,https://images.fotmob.com/image_resources/playerimages/466439.png,191.0,30.0,1995-07-03,8564,Milan,Keeper,,0.0,0.0,0.0,0.0,0.0,11,GK,22221313.0,,,,https://images.fotmob.com/image_resources/logo/teamlogo/8564.png
6723,France,1390336.0,Robin Risser,0.0,23.0,https://images.fotmob.com/image_resources/playerimages/1390336.png,193.0,21.0,2004-12-02,8588,Lens,Keeper,,0.0,0.0,0.0,0.0,0.0,11,GK,12494114.0,,,,https://images.fotmob.com/image_resources/logo/teamlogo/8588.png
6723,France,1197250.0,Malo Gusto,1.0,2.0,https://images.fotmob.com/image_resources/playerimages/1197250.png,179.0,23.0,2003-05-19,8455,Chelsea,Defender,,0.0,0.0,0.0,0.0,0.0,"32,38,64,62","RB,LB,CDM,RWB",45917927.0,,,,https://images.fotmob.com/image_resources/logo/teamlogo/8455.png
6723,France,210111.0,Lucas Digne,1.0,3.0,https://images.fotmob.com/image_resources/playerimages/210111.png,178.0,32.0,1993-07-20,10252,Aston Villa,Defender,,0.0,0.0,0.0,0.0,0.0,38,LB,9928576.0,,,,https://images.fotmob.com/image_resources/logo/teamlogo/10252.png
6723,France,658554.0,Dayot Upamecano,1.0,4.0,https://images.fotmob.com/image_resources/playerimages/658554.png,185.0,27.0,1998-10-27,9823,Bayern München,Defender,,0.0,0.0,0.0,0.0,0.0,34,CB,38918284.0,,,,https://images.fotmob.com/image_resources/logo/teamlogo/9823.png
6723,France,705450.0,Jules Koundé,1.0,5.0,https://images.fotmob.com/image_resources/playerimages/705450.png,180.0,27.0,1998-11-12,8634,Barcelona,Defender,,0.0,0.0,0.0,0.0,0.0,32,RB,63865873.0,,,,https://images.fotmob.com/image_resources/logo/teamlogo/8634.png
6723,France,820140.0,Ibrahima Konaté,1.0,15.0,https://images.fotmob.com/image_resources/playerimages/820140.png,192.0,27.0,1999-05-25,8633,Real Madrid,Defender,,0.0,0.0,0.0,0.0,0.0,34,CB,32037741.0,,,,https://images.fotmob.com/image_resources/logo/teamlogo/8633.png
6723,France,955406.0,William Saliba,1.0,17.0,https://images.fotmob.com/image_resources/playerimages/955406.png,193.0,25.0,2001-03-24,9825,Arsenal,Defender,,0.0,0.0,0.0,0.0,0.0,34,CB,97359035.0,True,45,Doubtful,https://images.fotmob.com/image_resources/logo/teamlogo/9825.png
6723,France,724371.0,Theo Hernández,1.0,19.0,https://images.fotmob.com/image_resources/playerimages/724371.png,184.0,28.0,1997-10-06,2529,Al Hilal,Defender,,0.0,0.0,0.0,0.0,0.0,"38,68,78,88","LB,LWB,LM,LW",28387864.0,,,,https://images.fotmob.com/image_resources/logo/teamlogo/2529.png
6723,France,504606.0,Lucas Hernández,1.0,21.0,https://images.fotmob.com/image_resources/playerimages/504606.png,183.0,30.0,1996-02-14,9847,Paris Saint-Germain,Defender,,0.0,0.0,0.0,0.0,0.0,"38,36","LB,CB",20680988.0,,,,https://images.fotmob.com/image_resources/logo/teamlogo/9847.png
6723,France,950485.0,Maxence Lacroix,1.0,26.0,https://images.fotmob.com/image_resources/playerimages/950485.png,190.0,26.0,2000-04-06,9826,Crystal Palace,Defender,,0.0,0.0,0.0,0.0,0.0,35,CB,51594538.0,,,,https://images.fotmob.com/image_resources/logo/teamlogo/9826.png
6723,France,1016132.0,Kouadio Koné,2.0,6.0,https://images.fotmob.com/image_resources/playerimages/1016132.png,185.0,25.0,2001-05-17,8686,Roma,Midfielder,,0.0,0.0,0.0,0.0,0.0,"66,73","CDM,CM",55020682.0,,,,https://images.fotmob.com/image_resources/logo/teamlogo/8686.png
6723,France,914458.0,Aurélien Tchouaméni,2.0,8.0,https://images.fotmob.com/image_resources/playerimages/914458.png,185.0,26.0,2000-01-27,8633,Real Madrid,Midfielder,,0.0,0.0,0.0,0.0,0.0,"76,64,35","CM,CDM,CB",70159418.0,,,,https://images.fotmob.com/image_resources/logo/teamlogo/8633.png
6723,France,319300.0,N'Golo Kanté,2.0,13.0,https://images.fotmob.com/image_resources/playerimages/319300.png,168.0,35.0,1991-03-29,8695,Fenerbahçe,Midfielder,,0.0,0.0,0.0,0.0,0.0,"64,73","CDM,CM",1863806.0,,,,https://images.fotmob.com/image_resources/logo/teamlogo/8695.png
6723,France,352879.0,Adrien Rabiot,2.0,14.0,https://images.fotmob.com/image_resources/playerimages/352879.png,191.0,31.0,1995-04-03,8564,Milan,Midfielder,,0.0,0.0,0.0,0.0,0.0,"77,66","CM,CDM",19552343.0,,,,https://images.fotmob.com/image_resources/logo/teamlogo/8564.png
6723,France,1367615.0,Warren Zaïre-Emery,2.0,18.0,https://images.fotmob.com/image_resources/playerimages/1367615.png,178.0,20.0,2006-03-08,9847,Paris Saint-Germain,Midfielder,,0.0,0.0,0.0,0.0,0.0,"73,32,64","CM,RB,CDM",88104953.0,,,,https://images.fotmob.com/image_resources/logo/teamlogo/9847.png
6723,France,1104053.0,Rayan Cherki,2.0,24.0,https://images.fotmob.com/image_resources/playerimages/1104053.png,177.0,22.0,2003-08-17,8456,Manchester City,Midfielder,,0.0,0.0,0.0,0.0,0.0,"85,83,88","CAM,RW,LW",70659174.0,,,,https://images.fotmob.com/image_resources/logo/teamlogo/8456.png
6723,France,692984.0,Ousmane Dembélé,3.0,7.0,https://images.fotmob.com/image_resources/playerimages/692984.png,178.0,29.0,1997-05-15,9847,Paris Saint-Germain,Attacker,,0.0,0.0,0.0,0.0,0.0,"105,83,85","ST,RW,CAM",95808627.0,,,,https://images.fotmob.com/image_resources/logo/teamlogo/9847.png
6723,France,621562.0,Marcus Thuram,3.0,9.0,https://images.fotmob.com/image_resources/playerimages/621562.png,188.0,28.0,1997-08-06,8636,Inter,Attacker,,0.0,0.0,0.0,0.0,0.0,104,ST,54224686.0,True,101,Doubtful,https://images.fotmob.com/image_resources/logo/teamlogo/8636.png
6723,France,701154.0,Kylian Mbappé,3.0,10.0,https://images.fotmob.com/image_resources/playerimages/701154.png,178.0,27.0,1998-12-20,8633,Real Madrid,Attacker,,0.0,0.0,0.0,0.0,0.0,"115,107","ST,LW",112913112.0,,,,https://images.fotmob.com/image_resources/logo/teamlogo/8633.png
6723,France,1029063.0,Michael Olise,3.0,11.0,https://images.fotmob.com/image_resources/playerimages/1029063.png,184.0,24.0,2001-12-12,9823,Bayern München,Attacker,,0.0,0.0,0.0,0.0,0.0,"83,85","RW,CAM",170630650.0,,,,https://images.fotmob.com/image_resources/logo/teamlogo/9823.png
6723,France,1297165.0,Bradley Barcola,3.0,12.0,https://images.fotmob.com/image_resources/playerimages/1297165.png,182.0,23.0,2002-09-02,9847,Paris Saint-Germain,Attacker,,0.0,0.0,0.0,0.0,0.0,"107,103,105","LW,RW,ST",70662905.0,,,,https://images.fotmob.com/image_resources/logo/teamlogo/9847.png
6723,France,1339208.0,Désiré Doué,3.0,20.0,https://images.fotmob.com/image_resources/playerimages/1339208.png,178.0,21.0,2005-06-03,9847,Paris Saint-Germain,Attacker,,0.0,0.0,0.0,0.0,0.0,"103,87,105,77","RW,LW,ST,CM",99692299.0,,,,https://images.fotmob.com/image_resources/logo/teamlogo/9847.png
6723,France,706297.0,Jean-Philippe Mateta,3.0,22.0,https://images.fotmob.com/image_resources/playerimages/706297.png,192.0,29.0,1997-06-28,9826,Crystal Palace,Attacker,,0.0,0.0,0.0,0.0,0.0,105,ST,40033842.0,,,,https://images.fotmob.com/image_resources/logo/teamlogo/9826.png
6723,France,1305618.0,Maghnes Akliouche,3.0,25.0,https://images.fotmob.com/image_resources/playerimages/1305618.png,183.0,24.0,2002-02-25,9829,Monaco,Attacker,,0.0,0.0,0.0,0.0,0.0,"83,84,72,104","RW,CAM,RM,ST",54409713.0,,,,https://images.fotmob.com/image_resources/logo/teamlogo/9829.png
8492,Norway,78638.0,Ståle Solbakken,,,https://images.fotmob.com/image_resources/playerimages/78638.png,,58.0,1968-02-27,NOR,Norway,Coach,,,,,,,,,,,,,https://images.fotmob.com/image_resources/logo/teamlogo/nor.png
8492,Norway,73409.0,Ørjan Håskjold Nyland,0.0,1.0,https://images.fotmob.com/image_resources/playerimages/73409.png,192.0,35.0,1990-09-10,8302,Sevilla,Keeper,,0.0,0.0,0.0,0.0,0.0,11,GK,451315.0,,,,https://images.fotmob.com/image_resources/logo/teamlogo/8302.png
8492,Norway,1145714.0,Sander Tangvik,0.0,12.0,https://images.fotmob.com/image_resources/playerimages/1145714.png,193.0,23.0,2002-11-29,9790,Hamburger SV,Keeper,,0.0,0.0,0.0,0.0,0.0,11,GK,2993180.0,,,,https://images.fotmob.com/image_resources/logo/teamlogo/9790.png
8492,Norway,631757.0,Egil Selvik,0.0,13.0,https://images.fotmob.com/image_resources/playerimages/631757.png,192.0,28.0,1997-07-30,9817,Watford,Keeper,,0.0,0.0,0.0,0.0,0.0,11,GK,1215765.0,,,,https://images.fotmob.com/image_resources/logo/teamlogo/9817.png
8492,Norway,552718.0,Kristoffer Ajer,1.0,3.0,https://images.fotmob.com/image_resources/playerimages/552718.png,196.0,28.0,1998-04-17,9937,Brentford,Defender,,0.0,0.0,0.0,0.0,0.0,"34,38","CB,LB",20529206.0,,,,https://images.fotmob.com/image_resources/logo/teamlogo/9937.png
8492,Norway,740944.0,Leo Østigard,1.0,4.0,https://images.fotmob.com/image_resources/playerimages/740944.png,182.0,26.0,1999-11-28,10233,Genoa,Defender,,0.0,0.0,0.0,0.0,0.0,35,CB,8448492.0,,,,https://images.fotmob.com/image_resources/logo/teamlogo/10233.png
8492,Norway,1049679.0,David Møller Wolfe,1.0,5.0,https://images.fotmob.com/image_resources/playerimages/1049679.png,185.0,24.0,2002-04-23,8602,Wolverhampton Wanderers,Defender,,0.0,0.0,0.0,0.0,0.0,"38,79,68","LB,LM,LWB",9589912.0,,,,https://images.fotmob.com/image_resources/logo/teamlogo/8602.png
8492,Norway,630228.0,Fredrik André Bjørkan,1.0,15.0,https://images.fotmob.com/image_resources/playerimages/630228.png,180.0,27.0,1998-08-21,8402,Bodø/Glimt,Defender,,0.0,0.0,0.0,0.0,0.0,38,LB,2375693.0,,,,https://images.fotmob.com/image_resources/logo/teamlogo/8402.png
8492,Norway,935550.0,Torbjørn Heggem,1.0,17.0,https://images.fotmob.com/image_resources/playerimages/935550.png,192.0,27.0,1999-01-12,9857,Bologna,Defender,,0.0,0.0,0.0,0.0,0.0,36,CB,14736579.0,,,,https://images.fotmob.com/image_resources/logo/teamlogo/9857.png
8492,Norway,1127585.0,Sondre Klingen Langås,1.0,24.0,https://images.fotmob.com/image_resources/playerimages/1127585.png,190.0,25.0,2001-02-02,10170,Derby County,Defender,,0.0,0.0,0.0,0.0,0.0,"33,32","CB,RB",2566731.0,,,,https://images.fotmob.com/image_resources/logo/teamlogo/10170.png
8492,Norway,1110550.0,Henrik Falchener,1.0,25.0,https://images.fotmob.com/image_resources/playerimages/1110550.png,194.0,23.0,2003-05-08,8478,Viking,Defender,,0.0,0.0,0.0,0.0,0.0,36,CB,4209486.0,,,,https://images.fotmob.com/image_resources/logo/teamlogo/8478.png
8492,Norway,439148.0,Morten Thorsby,2.0,2.0,https://images.fotmob.com/image_resources/playerimages/439148.png,186.0,30.0,1996-05-05,7801,Cremonese,Midfielder,,0.0,0.0,0.0,0.0,0.0,73,CM,2290990.0,,,,https://images.fotmob.com/image_resources/logo/teamlogo/7801.png
8492,Norway,530635.0,Patrick Berg,2.0,6.0,https://images.fotmob.com/image_resources/playerimages/530635.png,178.0,28.0,1997-11-24,8402,Bodø/Glimt,Midfielder,,0.0,0.0,0.0,0.0,0.0,75,CM,3862873.0,,,,https://images.fotmob.com/image_resources/logo/teamlogo/8402.png
8492,Norway,540963.0,Sander Berge,2.0,8.0,https://images.fotmob.com/image_resources/playerimages/540963.png,193.0,28.0,1998-02-14,9879,Fulham,Midfielder,,0.0,0.0,0.0,0.0,0.0,"66,75","CDM,CM",27116695.0,,,,https://images.fotmob.com/image_resources/logo/teamlogo/9879.png
8492,Norway,534670.0,Martin Ødegaard,2.0,10.0,https://images.fotmob.com/image_resources/playerimages/534670.png,176.0,27.0,1998-12-17,9825,Arsenal,Midfielder,,0.0,0.0,0.0,0.0,0.0,"73,85","CM,CAM",65354694.0,,,,https://images.fotmob.com/image_resources/logo/teamlogo/9825.png
8492,Norway,310768.0,Fredrik Aursnes,2.0,14.0,https://images.fotmob.com/image_resources/playerimages/310768.png,179.0,30.0,1995-12-10,9772,Benfica,Midfielder,,0.0,0.0,0.0,0.0,0.0,"66,83,32,77,72,87","CDM,RW,RB,CM,RM,LW",16425794.0,,,,https://images.fotmob.com/image_resources/logo/teamlogo/9772.png
8492,Norway,935622.0,Marcus Holmgren Pedersen,2.0,16.0,https://images.fotmob.com/image_resources/playerimages/935622.png,183.0,25.0,2000-07-16,9804,Torino,Midfielder,,0.0,0.0,0.0,0.0,0.0,"71,62,32","RM,RWB,RB",2871616.0,,,,https://images.fotmob.com/image_resources/logo/teamlogo/9804.png
8492,Norway,921921.0,Kristian Thorstvedt,2.0,18.0,https://images.fotmob.com/image_resources/playerimages/921921.png,189.0,27.0,1999-03-13,7943,Sassuolo,Midfielder,,0.0,0.0,0.0,0.0,0.0,"77,86","CM,CAM",10821327.0,,,,https://images.fotmob.com/image_resources/logo/teamlogo/7943.png
8492,Norway,1184468.0,Thelo Aasgaard,2.0,19.0,https://images.fotmob.com/image_resources/playerimages/1184468.png,188.0,24.0,2002-05-02,8548,Rangers,Midfielder,,0.0,0.0,0.0,0.0,0.0,"85,77,83","CAM,CM,RW",2272233.0,,,,https://images.fotmob.com/image_resources/logo/teamlogo/8548.png
8492,Norway,659272.0,Julian Ryerson,2.0,26.0,https://images.fotmob.com/image_resources/playerimages/659272.png,183.0,28.0,1997-11-17,9789,Borussia Dortmund,Midfielder,,0.0,0.0,0.0,0.0,0.0,"62,32,71,33,68","RWB,RB,RM,CB,LWB",24125431.0,True,69,Doubtful,https://images.fotmob.com/image_resources/logo/teamlogo/9789.png
8492,Norway,440330.0,Alexander Sørloth,3.0,7.0,https://images.fotmob.com/image_resources/playerimages/440330.png,193.0,30.0,1995-12-05,9906,Atletico Madrid,Attacker,,0.0,0.0,0.0,0.0,0.0,"104,103","ST,RW",22378321.0,,,,https://images.fotmob.com/image_resources/logo/teamlogo/9906.png
8492,Norway,737066.0,Erling Haaland,3.0,9.0,https://images.fotmob.com/image_resources/playerimages/737066.png,194.0,25.0,2000-07-21,8456,Manchester City,Attacker,,0.0,0.0,0.0,0.0,0.0,115,ST,141836769.0,,,,https://images.fotmob.com/image_resources/logo/teamlogo/8456.png
8492,Norway,821100.0,Jørgen Strand Larsen,3.0,11.0,https://images.fotmob.com/image_resources/playerimages/821100.png,193.0,26.0,2000-02-06,9826,Crystal Palace,Attacker,,0.0,0.0,0.0,0.0,0.0,105,ST,49698450.0,,,,https://images.fotmob.com/image_resources/logo/teamlogo/9826.png
8492,Norway,1248482.0,Antonio Nusa,3.0,20.0,https://images.fotmob.com/image_resources/playerimages/1248482.png,180.0,21.0,2005-04-17,178475,RB Leipzig,Attacker,,0.0,0.0,0.0,0.0,0.0,"107,78","LW,LM",44352150.0,,,,https://images.fotmob.com/image_resources/logo/teamlogo/178475.png
8492,Norway,1228558.0,Andreas Schjelderup,3.0,21.0,https://images.fotmob.com/image_resources/playerimages/1228558.png,176.0,22.0,2004-06-01,9772,Benfica,Attacker,,0.0,0.0,0.0,0.0,0.0,"87,78","LW,LM",21948350.0,,,,https://images.fotmob.com/image_resources/logo/teamlogo/9772.png
8492,Norway,1113790.0,Oscar Bobb,3.0,22.0,https://images.fotmob.com/image_resources/playerimages/1113790.png,174.0,22.0,2003-07-12,9879,Fulham,Attacker,,0.0,0.0,0.0,0.0,0.0,"83,72,87","RW,RM,LW",36914831.0,,,,https://images.fotmob.com/image_resources/logo/teamlogo/9879.png
8492,Norway,741397.0,Jens Petter Hauge,3.0,23.0,https://images.fotmob.com/image_resources/playerimages/741397.png,184.0,26.0,1999-10-12,8402,Bodø/Glimt,Attacker,,0.0,0.0,0.0,0.0,0.0,107,LW,4204510.0,,,,https://images.fotmob.com/image_resources/logo/teamlogo/8402.png
6395,Senegal,33003.0,Pape Thiaw,,,https://images.fotmob.com/image_resources/playerimages/33003.png,187.0,45.0,1981-02-05,SEN,Senegal,Coach,,,,,,,,,,,,,https://images.fotmob.com/image_resources/logo/teamlogo/sen.png
6395,Senegal,766574.0,Yehvann Diouf,0.0,1.0,https://images.fotmob.com/image_resources/playerimages/766574.png,190.0,26.0,1999-11-16,9831,Nice,Keeper,,0.0,0.0,0.0,0.0,0.0,11,GK,8423160.0,,,,https://images.fotmob.com/image_resources/logo/teamlogo/9831.png
6395,Senegal,773229.0,Édouard Mendy,0.0,16.0,https://images.fotmob.com/image_resources/playerimages/773229.png,197.0,34.0,1992-03-01,2530,Al Ahli,Keeper,5.31,0.0,0.0,0.0,0.0,0.0,11,GK,2215400.0,True,14,About 1-2 weeks,https://images.fotmob.com/image_resources/logo/teamlogo/2530.png
6395,Senegal,466436.0,Mory Diaw,0.0,23.0,https://images.fotmob.com/image_resources/playerimages/466436.png,197.0,33.0,1993-06-22,9746,Le Havre,Keeper,7.04,0.0,0.0,0.0,0.0,0.0,11,GK,1160271.0,,,,https://images.fotmob.com/image_resources/logo/teamlogo/9746.png
6395,Senegal,1426170.0,Mamadou Sarr,1.0,2.0,https://images.fotmob.com/image_resources/playerimages/1426170.png,194.0,20.0,2005-08-29,8455,Chelsea,Defender,,0.0,0.0,0.0,0.0,0.0,35,CB,32361872.0,,,,https://images.fotmob.com/image_resources/logo/teamlogo/8455.png
6395,Senegal,210428.0,Kalidou Koulibaly,1.0,3.0,https://images.fotmob.com/image_resources/playerimages/210428.png,186.0,35.0,1991-06-20,2529,Al Hilal,Defender,4.84,0.0,0.0,0.0,0.0,0.0,34,CB,3370729.0,,,,https://images.fotmob.com/image_resources/logo/teamlogo/2529.png
6395,Senegal,588626.0,Abdoulaye Seck,1.0,4.0,https://images.fotmob.com/image_resources/playerimages/588626.png,192.0,34.0,1992-06-04,10185,Maccabi Haifa,Defender,7.6,0.0,0.0,1.0,0.0,1.0,34,CB,204919.0,,,,https://images.fotmob.com/image_resources/logo/teamlogo/10185.png
6395,Senegal,906945.0,Ismail Jakobs,1.0,14.0,https://images.fotmob.com/image_resources/playerimages/906945.png,184.0,26.0,1999-08-17,8637,Galatasaray,Defender,6.7,0.0,0.0,0.0,0.0,0.0,38,LB,7458829.0,,,,https://images.fotmob.com/image_resources/logo/teamlogo/8637.png
6395,Senegal,837061.0,Krépin Diatta,1.0,15.0,https://images.fotmob.com/image_resources/playerimages/837061.png,173.0,27.0,1999-02-25,9829,Monaco,Defender,7.29,0.0,0.0,0.0,0.0,0.0,"32,62,86","RB,RWB,CAM",3453070.0,,,,https://images.fotmob.com/image_resources/logo/teamlogo/9829.png
6395,Senegal,592102.0,Moussa Niakhaté,1.0,19.0,https://images.fotmob.com/image_resources/playerimages/592102.png,180.0,30.0,1996-03-08,9748,Lyon,Defender,6.56,0.0,0.0,0.0,0.0,0.0,36,CB,17830472.0,,,,https://images.fotmob.com/image_resources/logo/teamlogo/9748.png
6395,Senegal,1254147.0,Antoine Mendy,1.0,24.0,https://images.fotmob.com/image_resources/playerimages/1254147.png,187.0,22.0,2004-05-27,9831,Nice,Defender,,0.0,0.0,0.0,0.0,0.0,"33,32","CB,RB",9089451.0,,,,https://images.fotmob.com/image_resources/logo/teamlogo/9831.png
6395,Senegal,1451265.0,Malick Diouf,1.0,25.0,https://images.fotmob.com/image_resources/playerimages/1451265.png,183.0,21.0,2004-12-28,8654,West Ham United,Defender,6.06,0.0,0.0,0.0,0.0,0.0,"38,68,107,78","LB,LWB,LW,LM",42180581.0,,,,https://images.fotmob.com/image_resources/logo/teamlogo/8654.png
6395,Senegal,179410.0,Idrissa Gana Gueye,2.0,5.0,https://images.fotmob.com/image_resources/playerimages/179410.png,174.0,36.0,1989-09-26,8668,Everton,Midfielder,6.9,0.0,0.0,0.0,0.0,0.0,"66,75","CDM,CM",1499663.0,,,,https://images.fotmob.com/image_resources/logo/teamlogo/8668.png
6395,Senegal,872396.0,Pathé Ciss,2.0,6.0,https://images.fotmob.com/image_resources/playerimages/872396.png,183.0,32.0,1994-03-16,8370,Rayo Vallecano,Midfielder,6.59,0.0,0.0,0.0,0.0,0.0,"64,36,74","CDM,CB,CM",1853670.0,,,,https://images.fotmob.com/image_resources/logo/teamlogo/8370.png
6395,Senegal,1436305.0,Lamine Camara,2.0,8.0,https://images.fotmob.com/image_resources/playerimages/1436305.png,173.0,22.0,2004-01-01,9829,Monaco,Midfielder,7.19,0.0,0.0,1.0,0.0,0.0,"64,73,85","CDM,CM,CAM",40954622.0,,,,https://images.fotmob.com/image_resources/logo/teamlogo/9829.png
6395,Senegal,1107280.0,Pape Sarr,2.0,17.0,https://images.fotmob.com/image_resources/playerimages/1107280.png,184.0,23.0,2002-09-14,8586,Tottenham Hotspur,Midfielder,6.17,0.0,0.0,0.0,0.0,0.0,"66,73,85","CDM,CM,CAM",43634728.0,,,,https://images.fotmob.com/image_resources/logo/teamlogo/8586.png
6395,Senegal,771294.0,Ismaïla Sarr,2.0,18.0,https://images.fotmob.com/image_resources/playerimages/771294.png,185.0,28.0,1998-02-25,9826,Crystal Palace,Midfielder,7.79,3.0,0.0,1.0,0.0,0.0,"84,103,107","CAM,RW,LW",41529908.0,,,,https://images.fotmob.com/image_resources/logo/teamlogo/9826.png
6395,Senegal,1285866.0,Habib Diarra,2.0,21.0,https://images.fotmob.com/image_resources/playerimages/1285866.png,179.0,22.0,2004-01-03,8472,Sunderland,Midfielder,7.01,1.0,0.0,0.0,0.0,0.0,"73,85,72","CM,CAM,RM",43529765.0,,,,https://images.fotmob.com/image_resources/logo/teamlogo/8472.png
6395,Senegal,1798782.0,Bara Ndiaye,2.0,22.0,https://images.fotmob.com/image_resources/playerimages/1798782.png,180.0,18.0,2007-12-31,9823,Bayern München,Midfielder,,0.0,0.0,0.0,0.0,0.0,64,CDM,1267491.0,,,,https://images.fotmob.com/image_resources/logo/teamlogo/9823.png
6395,Senegal,844544.0,Pape Gueye,2.0,26.0,https://images.fotmob.com/image_resources/playerimages/844544.png,189.0,27.0,1999-01-24,10205,Villarreal,Midfielder,7.1,2.0,0.0,1.0,0.0,1.0,"76,66","CM,CDM",29957782.0,,,,https://images.fotmob.com/image_resources/logo/teamlogo/10205.png
6395,Senegal,1434889.0,Assane Diao,3.0,7.0,https://images.fotmob.com/image_resources/playerimages/1434889.png,185.0,20.0,2005-09-07,10171,Como,Attacker,,0.0,0.0,0.0,0.0,0.0,"83,87","RW,LW",29796397.0,,,,https://images.fotmob.com/image_resources/logo/teamlogo/10171.png
6395,Senegal,1230848.0,Bamba Dieng,3.0,9.0,https://images.fotmob.com/image_resources/playerimages/1230848.png,178.0,26.0,2000-03-23,8689,Lorient,Attacker,,0.0,0.0,0.0,0.0,0.0,105,ST,2013106.0,,,,https://images.fotmob.com/image_resources/logo/teamlogo/8689.png
6395,Senegal,303339.0,Sadio Mané,3.0,10.0,https://images.fotmob.com/image_resources/playerimages/303339.png,175.0,34.0,1992-04-10,101918,Al Nassr FC,Attacker,7.34,0.0,0.0,1.0,0.0,0.0,"78,87,115","LM,LW,ST",9281030.0,,,,https://images.fotmob.com/image_resources/logo/teamlogo/101918.png
6395,Senegal,1197347.0,Nicolas Jackson,3.0,11.0,https://images.fotmob.com/image_resources/playerimages/1197347.png,187.0,25.0,2001-06-20,9823,Bayern München,Attacker,6.78,0.0,0.0,1.0,0.0,0.0,115,ST,44065300.0,,,,https://images.fotmob.com/image_resources/logo/teamlogo/9823.png
6395,Senegal,819972.0,Cherif Ndiaye,3.0,12.0,https://images.fotmob.com/image_resources/playerimages/819972.png,190.0,30.0,1996-01-23,9750,Samsunspor,Attacker,,0.0,0.0,0.0,0.0,0.0,"115,107","ST,LW",4417048.0,,,,https://images.fotmob.com/image_resources/logo/teamlogo/9750.png
6395,Senegal,965764.0,Iliman Ndiaye,3.0,13.0,https://images.fotmob.com/image_resources/playerimages/965764.png,180.0,26.0,2000-03-06,8668,Everton,Attacker,8.47,1.0,0.0,2.0,0.0,0.0,"83,87,85","RW,LW,CAM",52237812.0,,,,https://images.fotmob.com/image_resources/logo/teamlogo/8668.png
6395,Senegal,1593857.0,Ibrahim Mbaye,3.0,20.0,https://images.fotmob.com/image_resources/playerimages/1593857.png,175.0,18.0,2008-01-24,9847,Paris Saint-Germain,Attacker,6.91,1.0,0.0,0.0,0.0,0.0,"103,107","RW,LW",33376436.0,,,,https://images.fotmob.com/image_resources/logo/teamlogo/9847.png
5819,Iraq,147315.0,Graham Arnold,,,https://images.fotmob.com/image_resources/playerimages/147315.png,,62.0,1963-08-03,AUS,Australia,Coach,,,,,,,,,,,,,https://images.fotmob.com/image_resources/logo/teamlogo/aus.png
5819,Iraq,533495.0,Fahad Talib,0.0,1.0,https://images.fotmob.com/image_resources/playerimages/533495.png,192.0,31.0,1994-10-21,0,Al Talaba FC,Keeper,,0.0,0.0,0.0,0.0,0.0,11,GK,,,,,https://images.fotmob.com/image_resources/logo/teamlogo/0.png
5819,Iraq,578761.0,Jalal Hassan,0.0,12.0,https://images.fotmob.com/image_resources/playerimages/578761.png,188.0,35.0,1991-05-18,101659,Al Zawraa,Keeper,5.39,0.0,0.0,0.0,0.0,0.0,11,GK,,,,,https://images.fotmob.com/image_resources/logo/teamlogo/101659.png
5819,Iraq,1132570.0,Ahmed Basil,0.0,22.0,https://images.fotmob.com/image_resources/playerimages/1132570.png,185.0,29.0,1996-08-19,101655,Al Shorta,Keeper,5.56,0.0,0.0,0.0,0.0,0.0,11,GK,,,,,https://images.fotmob.com/image_resources/logo/teamlogo/101655.png
5819,Iraq,502481.0,Rebin Sulaka,1.0,2.0,https://images.fotmob.com/image_resources/playerimages/502481.png,192.0,34.0,1992-04-12,165255,Port FC,Defender,5.64,0.0,0.0,0.0,1.0,0.0,36,CB,71318.0,,,,https://images.fotmob.com/image_resources/logo/teamlogo/165255.png
5819,Iraq,1092563.0,Hussein Ali,1.0,3.0,https://images.fotmob.com/image_resources/playerimages/1092563.png,182.0,24.0,2002-03-01,8023,Pogoń Szczecin,Defender,5.76,0.0,0.0,0.0,0.0,0.0,32,RB,384357.0,,,,https://images.fotmob.com/image_resources/logo/teamlogo/8023.png
5819,Iraq,1420369.0,Zaid Tahseen,1.0,4.0,https://images.fotmob.com/image_resources/playerimages/1420369.png,193.0,25.0,2001-01-29,102141,Pakhtakor Tashkent,Defender,4.9,0.0,0.0,0.0,0.0,1.0,34,CB,197397.0,,,,https://images.fotmob.com/image_resources/logo/teamlogo/102141.png
5819,Iraq,1606279.0,Akam Hashim,1.0,5.0,https://images.fotmob.com/image_resources/playerimages/1606279.png,184.0,27.0,1998-08-16,101659,Al Zawraa,Defender,5.32,0.0,0.0,0.0,0.0,0.0,36,CB,,,,,https://images.fotmob.com/image_resources/logo/teamlogo/101659.png
5819,Iraq,1333336.0,Munaf Younus,1.0,9.0,https://images.fotmob.com/image_resources/playerimages/1333336.png,184.0,29.0,1996-11-16,101655,Al Shorta,Defender,6.43,0.0,0.0,0.0,0.0,0.0,34,CB,,,,,https://images.fotmob.com/image_resources/logo/teamlogo/101655.png
5819,Iraq,1554123.0,Mustafa Saadoon,1.0,15.0,https://images.fotmob.com/image_resources/playerimages/1554123.png,181.0,25.0,2001-05-25,101655,Al Shorta,Defender,6.16,0.0,0.0,0.0,0.0,0.0,32,RB,,,,,https://images.fotmob.com/image_resources/logo/teamlogo/101655.png
5819,Iraq,1642810.0,Ahmed Maknzi,1.0,23.0,https://images.fotmob.com/image_resources/playerimages/1642810.png,180.0,24.0,2001-09-24,0,Al-Karma SC,Defender,6.72,0.0,0.0,0.0,0.0,0.0,38,LB,,,,,https://images.fotmob.com/image_resources/logo/teamlogo/0.png
5819,Iraq,1199113.0,Merchas Doski,1.0,23.0,https://images.fotmob.com/image_resources/playerimages/1199113.png,173.0,26.0,1999-12-07,6033,Viktoria Plzen,Defender,5.87,0.0,0.0,0.0,0.0,1.0,"38,37,68,78","LB,CB,LWB,LM",875700.0,,,,https://images.fotmob.com/image_resources/logo/teamlogo/6033.png
5819,Iraq,320139.0,Frans Putros,2.0,3.0,https://images.fotmob.com/image_resources/playerimages/320139.png,181.0,32.0,1993-07-14,165196,Persib Bandung,Midfielder,4.92,0.0,0.0,0.0,0.0,0.0,"77,64,38,32","CM,CDM,LB,RB",70191.0,,,,https://images.fotmob.com/image_resources/logo/teamlogo/165196.png
5819,Iraq,942834.0,Ibrahim Bayesh,2.0,8.0,https://images.fotmob.com/image_resources/playerimages/942834.png,183.0,26.0,2000-05-01,102118,Al-Dhafra,Midfielder,6.36,0.0,0.0,0.0,0.0,0.0,"72,78,107,86,82,104","RM,LM,LW,CAM,RW,ST",,,,,https://images.fotmob.com/image_resources/logo/teamlogo/102118.png
5819,Iraq,1138592.0,Zidane Iqbal,2.0,11.0,https://images.fotmob.com/image_resources/playerimages/1138592.png,181.0,23.0,2003-04-27,9908,FC Utrecht,Midfielder,6.0,0.0,0.0,0.0,0.0,0.0,"66,75","CDM,CM",1580155.0,,,,https://images.fotmob.com/image_resources/logo/teamlogo/9908.png
5819,Iraq,858340.0,Amir Al Ammari,2.0,16.0,https://images.fotmob.com/image_resources/playerimages/858340.png,184.0,28.0,1997-07-27,2186,Cracovia,Midfielder,5.66,0.0,0.0,1.0,0.0,2.0,"76,66","CM,CDM",782202.0,,,,https://images.fotmob.com/image_resources/logo/teamlogo/2186.png
5819,Iraq,941579.0,Kevin Yakob,2.0,19.0,https://images.fotmob.com/image_resources/playerimages/941579.png,185.0,25.0,2000-10-10,8071,AGF,Midfielder,6.31,0.0,0.0,0.0,0.0,0.0,"76,66","CM,CDM",601864.0,,,,https://images.fotmob.com/image_resources/logo/teamlogo/8071.png
5819,Iraq,1042511.0,Aimar Sher,2.0,20.0,https://images.fotmob.com/image_resources/playerimages/1042511.png,175.0,23.0,2002-12-20,8509,Sarpsborg 08,Midfielder,6.0,0.0,0.0,0.0,0.0,0.0,"66,74","CDM,CM",1308501.0,,,,https://images.fotmob.com/image_resources/logo/teamlogo/8509.png
5819,Iraq,1642820.0,Zaid Ismail Al Dulaimi,2.0,20.0,https://images.fotmob.com/image_resources/playerimages/1642820.png,,24.0,2002-01-03,IRQ,Iraq,Midfielder,6.48,0.0,0.0,0.0,0.0,0.0,74,CM,,,,,https://images.fotmob.com/image_resources/logo/teamlogo/irq.png
5819,Iraq,1132572.0,Ali Yousif,3.0,7.0,https://images.fotmob.com/image_resources/playerimages/1132572.png,180.0,30.0,1996-01-19,0,Al Talaba FC,Attacker,6.19,0.0,0.0,0.0,0.0,0.0,104,ST,,,,,https://images.fotmob.com/image_resources/logo/teamlogo/0.png
5819,Iraq,1235623.0,Youssef Amyn,3.0,7.0,https://images.fotmob.com/image_resources/playerimages/1235623.png,172.0,22.0,2003-08-21,7797,AEK Larnaca,Attacker,5.88,0.0,0.0,0.0,0.0,0.0,"72,87","RM,LW",405770.0,,,,https://images.fotmob.com/image_resources/logo/teamlogo/7797.png
5819,Iraq,1113688.0,Ali Al Hamadi,3.0,9.0,https://images.fotmob.com/image_resources/playerimages/1113688.png,187.0,24.0,2002-03-01,8346,Luton Town,Attacker,6.37,0.0,0.0,0.0,0.0,0.0,115,ST,1612081.0,,,,https://images.fotmob.com/image_resources/logo/teamlogo/8346.png
5819,Iraq,926484.0,Mohanad Ali,3.0,10.0,https://images.fotmob.com/image_resources/playerimages/926484.png,183.0,26.0,2000-06-20,391664,Dibba Al Fujairah,Attacker,5.98,0.0,0.0,0.0,0.0,0.0,115,ST,1051835.0,,,,https://images.fotmob.com/image_resources/logo/teamlogo/391664.png
5819,Iraq,1224691.0,Ahmed Qasem,3.0,11.0,https://images.fotmob.com/image_resources/playerimages/1224691.png,183.0,22.0,2003-07-12,915807,Nashville SC,Attacker,5.83,0.0,0.0,0.0,0.0,0.0,"103,107,78,72,77","RW,LW,LM,RM,CM",3484185.0,,,,https://images.fotmob.com/image_resources/logo/teamlogo/915807.png
5819,Iraq,1478238.0,Ali Jasim,3.0,17.0,https://images.fotmob.com/image_resources/playerimages/1478238.png,178.0,22.0,2004-01-20,1523707,Al Najma,Attacker,6.26,0.0,0.0,0.0,0.0,0.0,"88,85,78,106,83","LW,CAM,LM,ST,RW",556694.0,,,,https://images.fotmob.com/image_resources/logo/teamlogo/1523707.png
5819,Iraq,674332.0,Aymen Hussein,3.0,18.0,https://images.fotmob.com/image_resources/playerimages/674332.png,189.0,30.0,1996-03-22,0,Al-Karma SC,Attacker,6.08,1.0,0.0,0.0,0.0,0.0,104,ST,164465.0,,,,https://images.fotmob.com/image_resources/logo/teamlogo/0.png
5819,Iraq,1162514.0,Marko Farji,3.0,21.0,https://images.fotmob.com/image_resources/playerimages/1162514.png,184.0,22.0,2004-03-16,7881,Venezia,Attacker,6.42,0.0,0.0,0.0,0.0,0.0,"107,103,78,106","LW,RW,LM,ST",1617967.0,,,,https://images.fotmob.com/image_resources/logo/teamlogo/7881.png
6706,Argentina,38922.0,Lionel Scaloni,,,https://images.fotmob.com/image_resources/playerimages/38922.png,182.0,48.0,1978-05-16,ARG,Argentina,Coach,,,,,,,,,,,,,https://images.fotmob.com/image_resources/logo/teamlogo/arg.png
6706,Argentina,389050.0,Juan Musso,0.0,1.0,https://images.fotmob.com/image_resources/playerimages/389050.png,191.0,32.0,1994-05-06,9906,Atletico Madrid,Keeper,,0.0,0.0,0.0,0.0,0.0,11,GK,2126726.0,,,,https://images.fotmob.com/image_resources/logo/teamlogo/9906.png
6706,Argentina,245555.0,Gerónimo Rulli,0.0,12.0,https://images.fotmob.com/image_resources/playerimages/245555.png,189.0,34.0,1992-05-20,8592,Marseille,Keeper,,0.0,0.0,0.0,0.0,0.0,11,GK,5638375.0,,,,https://images.fotmob.com/image_resources/logo/teamlogo/8592.png
6706,Argentina,268375.0,Emiliano Martínez,0.0,23.0,https://images.fotmob.com/image_resources/playerimages/268375.png,195.0,33.0,1992-09-02,10252,Aston Villa,Keeper,6.99,0.0,0.0,0.0,0.0,0.0,11,GK,20694444.0,,,,https://images.fotmob.com/image_resources/logo/teamlogo/10252.png
6706,Argentina,785411.0,Marcos Senesi,1.0,2.0,https://images.fotmob.com/image_resources/playerimages/785411.png,184.0,29.0,1997-05-10,8586,Tottenham Hotspur,Defender,7.34,0.0,0.0,0.0,0.0,0.0,36,CB,19141353.0,,,,https://images.fotmob.com/image_resources/logo/teamlogo/8586.png
6706,Argentina,195750.0,Nicolás Tagliafico,1.0,3.0,https://images.fotmob.com/image_resources/playerimages/195750.png,169.0,33.0,1992-08-31,9748,Lyon,Defender,6.89,0.0,0.0,0.0,0.0,0.0,"38,37","LB,CB",3544637.0,,,,https://images.fotmob.com/image_resources/logo/teamlogo/9748.png
6706,Argentina,687008.0,Gonzalo Montiel,1.0,4.0,https://images.fotmob.com/image_resources/playerimages/687008.png,175.0,29.0,1997-01-01,10076,River Plate,Defender,6.84,0.0,0.0,0.0,0.0,0.0,"32,86","RB,CAM",2736101.0,,,,https://images.fotmob.com/image_resources/logo/teamlogo/10076.png
6706,Argentina,847983.0,Lisandro Martínez,1.0,6.0,https://images.fotmob.com/image_resources/playerimages/847983.png,178.0,28.0,1998-01-18,10260,Manchester United,Defender,7.62,0.0,0.0,0.0,0.0,0.0,36,CB,40812416.0,,,,https://images.fotmob.com/image_resources/logo/teamlogo/10260.png
6706,Argentina,789066.0,Cristian Romero,1.0,13.0,https://images.fotmob.com/image_resources/playerimages/789066.png,185.0,28.0,1998-04-27,8586,Tottenham Hotspur,Defender,7.18,0.0,0.0,0.0,0.0,0.0,34,CB,57715315.0,True,14,Doubtful,https://images.fotmob.com/image_resources/logo/teamlogo/8586.png
6706,Argentina,174321.0,Nicolás Otamendi,1.0,19.0,https://images.fotmob.com/image_resources/playerimages/174321.png,183.0,38.0,1988-02-12,10076,River Plate,Defender,6.78,0.0,0.0,0.0,0.0,0.0,36,CB,979023.0,,,,https://images.fotmob.com/image_resources/logo/teamlogo/10076.png
6706,Argentina,812652.0,Facundo Medina,1.0,25.0,https://images.fotmob.com/image_resources/playerimages/812652.png,184.0,27.0,1999-05-28,8592,Marseille,Defender,7.53,0.0,0.0,1.0,0.0,1.0,"36,38","CB,LB",20050209.0,,,,https://images.fotmob.com/image_resources/logo/teamlogo/8592.png
6706,Argentina,726345.0,Nahuel Molina,1.0,26.0,https://images.fotmob.com/image_resources/playerimages/726345.png,175.0,28.0,1998-04-06,9906,Atletico Madrid,Defender,7.21,0.0,0.0,0.0,0.0,0.0,"32,51","RB,RWB",14025136.0,,,,https://images.fotmob.com/image_resources/logo/teamlogo/9906.png
6706,Argentina,237606.0,Leandro Paredes,2.0,5.0,https://images.fotmob.com/image_resources/playerimages/237606.png,180.0,32.0,1994-06-29,10077,Boca Juniors,Midfielder,6.91,0.0,0.0,0.0,0.0,1.0,"74,65","CM,CDM",3413753.0,,,,https://images.fotmob.com/image_resources/logo/teamlogo/10077.png
6706,Argentina,324578.0,Rodrigo De Paul,2.0,7.0,https://images.fotmob.com/image_resources/playerimages/324578.png,178.0,32.0,1994-05-24,960720,Inter Miami CF,Midfielder,7.58,0.0,0.0,1.0,0.0,0.0,"73,64,72,85","CM,CDM,RM,CAM",11208895.0,,,,https://images.fotmob.com/image_resources/logo/teamlogo/960720.png
6706,Argentina,1272440.0,Valentín Barco,2.0,8.0,https://images.fotmob.com/image_resources/playerimages/1272440.png,170.0,21.0,2004-07-23,9848,Strasbourg,Midfielder,6.55,0.0,0.0,0.0,0.0,0.0,"64,76,84","CDM,CM,CAM",30853266.0,,,,https://images.fotmob.com/image_resources/logo/teamlogo/9848.png
6706,Argentina,604126.0,Giovani Lo Celso,2.0,11.0,https://images.fotmob.com/image_resources/playerimages/604126.png,177.0,30.0,1996-04-09,8603,Real Betis,Midfielder,7.73,1.0,0.0,0.0,0.0,0.0,"85,75,87","CAM,CM,LW",12298559.0,,,,https://images.fotmob.com/image_resources/logo/teamlogo/8603.png
6706,Argentina,693599.0,Exequiel Palacios,2.0,14.0,https://images.fotmob.com/image_resources/playerimages/693599.png,177.0,27.0,1998-10-05,8178,Bayer Leverkusen,Midfielder,7.64,0.0,0.0,0.0,0.0,0.0,"64,76","CDM,CM",32240347.0,,,,https://images.fotmob.com/image_resources/logo/teamlogo/8178.png
6706,Argentina,841672.0,Nicolás González,2.0,15.0,https://images.fotmob.com/image_resources/playerimages/841672.png,180.0,28.0,1998-04-06,9906,Atletico Madrid,Midfielder,6.84,0.0,0.0,1.0,0.0,0.0,"78,72,87,38,68","LM,RM,LW,LB,LWB",22297682.0,,,,https://images.fotmob.com/image_resources/logo/teamlogo/9906.png
6706,Argentina,955271.0,Thiago Almada,2.0,16.0,https://images.fotmob.com/image_resources/playerimages/955271.png,171.0,25.0,2001-04-26,9906,Atletico Madrid,Midfielder,6.87,0.0,0.0,0.0,0.0,0.0,"78,95,77,87,106","LM,CAM,CM,LW,ST",22202535.0,,,,https://images.fotmob.com/image_resources/logo/teamlogo/9906.png
6706,Argentina,1226147.0,Giuliano Simeone,2.0,17.0,https://images.fotmob.com/image_resources/playerimages/1226147.png,173.0,23.0,2002-12-18,9906,Atletico Madrid,Midfielder,6.64,0.0,0.0,0.0,0.0,0.0,"72,83","RM,RW",44758504.0,,,,https://images.fotmob.com/image_resources/logo/teamlogo/9906.png
6706,Argentina,1347574.0,Nico Paz,2.0,18.0,https://images.fotmob.com/image_resources/playerimages/1347574.png,186.0,21.0,2004-09-08,10171,Como,Midfielder,6.64,0.0,0.0,0.0,0.0,0.0,"85,105,83","CAM,ST,RW",64579626.0,,,,https://images.fotmob.com/image_resources/logo/teamlogo/10171.png
6706,Argentina,831489.0,Alexis Mac Allister,2.0,20.0,https://images.fotmob.com/image_resources/playerimages/831489.png,174.0,27.0,1998-12-24,8650,Liverpool,Midfielder,7.17,0.0,0.0,0.0,0.0,0.0,"66,77,85","CDM,CM,CAM",94361974.0,,,,https://images.fotmob.com/image_resources/logo/teamlogo/8650.png
6706,Argentina,1137705.0,Enzo Fernández,2.0,24.0,https://images.fotmob.com/image_resources/playerimages/1137705.png,178.0,25.0,2001-01-17,8455,Chelsea,Midfielder,7.66,0.0,0.0,0.0,0.0,0.0,"85,66,77,87","CAM,CDM,CM,LW",100424263.0,,,,https://images.fotmob.com/image_resources/logo/teamlogo/8455.png
6706,Argentina,974753.0,Julián Álvarez,3.0,9.0,https://images.fotmob.com/image_resources/playerimages/974753.png,170.0,26.0,2000-01-31,9906,Atletico Madrid,Attacker,6.22,0.0,0.0,0.0,0.0,0.0,106,ST,113025717.0,,,,https://images.fotmob.com/image_resources/logo/teamlogo/9906.png
6706,Argentina,30981.0,Lionel Messi,3.0,10.0,https://images.fotmob.com/image_resources/playerimages/30981.png,170.0,39.0,1987-06-24,960720,Inter Miami CF,Attacker,8.67,6.0,0.0,0.0,0.0,0.0,"104,85,103","ST,CAM,RW",14203769.0,,,,https://images.fotmob.com/image_resources/logo/teamlogo/960720.png
6706,Argentina,1216079.0,José López,3.0,21.0,https://images.fotmob.com/image_resources/playerimages/1216079.png,188.0,25.0,2000-12-06,10283,Palmeiras,Attacker,,0.0,0.0,0.0,0.0,0.0,"115,85","ST,CAM",22821489.0,,,,https://images.fotmob.com/image_resources/logo/teamlogo/10283.png
6706,Argentina,690230.0,Lautaro Martínez,3.0,22.0,https://images.fotmob.com/image_resources/playerimages/690230.png,174.0,28.0,1997-08-22,8636,Inter,Attacker,7.21,1.0,1.0,0.0,0.0,0.0,106,ST,72159897.0,,,,https://images.fotmob.com/image_resources/logo/teamlogo/8636.png
8255,Austria,148889.0,Ralf Rangnick,,,https://images.fotmob.com/image_resources/playerimages/148889.png,,68.0,1958-06-29,GER,Germany,Coach,,,,,,,,,,,,,https://images.fotmob.com/image_resources/logo/teamlogo/ger.png
8255,Austria,450739.0,Alexander Schlager,0.0,1.0,https://images.fotmob.com/image_resources/playerimages/450739.png,184.0,30.0,1996-02-01,10013,Salzburg,Keeper,6.17,0.0,0.0,0.0,0.0,0.0,11,GK,1542552.0,,,,https://images.fotmob.com/image_resources/logo/teamlogo/10013.png
8255,Austria,1514693.0,Florian Wiegele,0.0,12.0,https://images.fotmob.com/image_resources/playerimages/1514693.png,205.0,25.0,2001-03-21,6033,Viktoria Plzen,Keeper,,0.0,0.0,0.0,0.0,0.0,11,GK,783596.0,,,,https://images.fotmob.com/image_resources/logo/teamlogo/6033.png
8255,Austria,630672.0,Patrick Pentz,0.0,13.0,https://images.fotmob.com/image_resources/playerimages/630672.png,182.0,29.0,1997-01-02,8595,Brøndby IF,Keeper,,0.0,0.0,0.0,0.0,0.0,11,GK,1537264.0,,,,https://images.fotmob.com/image_resources/logo/teamlogo/8595.png
8255,Austria,1073980.0,David Affengruber,1.0,2.0,https://images.fotmob.com/image_resources/playerimages/1073980.png,185.0,25.0,2001-03-19,10268,Elche,Defender,,0.0,0.0,0.0,0.0,0.0,35,CB,10197852.0,,,,https://images.fotmob.com/image_resources/logo/teamlogo/10268.png
8255,Austria,754126.0,Kevin Danso,1.0,3.0,https://images.fotmob.com/image_resources/playerimages/754126.png,190.0,27.0,1998-09-19,8586,Tottenham Hotspur,Defender,6.48,0.0,0.0,0.0,0.0,0.0,34,CB,23850606.0,,,,https://images.fotmob.com/image_resources/logo/teamlogo/8586.png
8255,Austria,557325.0,Stefan Posch,1.0,5.0,https://images.fotmob.com/image_resources/playerimages/557325.png,190.0,29.0,1997-05-14,9905,Mainz 05,Defender,6.22,0.0,0.0,0.0,0.0,1.0,"35,32","CB,RB",5175396.0,,,,https://images.fotmob.com/image_resources/logo/teamlogo/9905.png
8255,Austria,121633.0,David Alaba,1.0,8.0,https://images.fotmob.com/image_resources/playerimages/121633.png,180.0,34.0,1992-06-24,8633,Real Madrid,Defender,7.2,0.0,0.0,1.0,0.0,0.0,36,CB,1722108.0,True,121,Doubtful,https://images.fotmob.com/image_resources/logo/teamlogo/8633.png
8255,Austria,643724.0,Philipp Lienhart,1.0,15.0,https://images.fotmob.com/image_resources/playerimages/643724.png,185.0,29.0,1996-07-11,8358,Freiburg,Defender,6.59,0.0,0.0,0.0,0.0,0.0,36,CB,6913990.0,,,,https://images.fotmob.com/image_resources/logo/teamlogo/8358.png
8255,Austria,526827.0,Konrad Laimer,1.0,20.0,https://images.fotmob.com/image_resources/playerimages/526827.png,180.0,29.0,1997-05-27,9823,Bayern München,Defender,6.71,0.0,0.0,1.0,0.0,1.0,"32,38,64,83","RB,LB,CDM,RW",33619039.0,,,,https://images.fotmob.com/image_resources/logo/teamlogo/9823.png
8255,Austria,767789.0,Marco Friedl,1.0,23.0,https://images.fotmob.com/image_resources/playerimages/767789.png,187.0,28.0,1998-03-16,8697,Werder Bremen,Defender,6.1,0.0,0.0,0.0,0.0,0.0,"36,38","CB,LB",13330440.0,,,,https://images.fotmob.com/image_resources/logo/teamlogo/8697.png
8255,Austria,951921.0,Michael Svoboda,1.0,25.0,https://images.fotmob.com/image_resources/playerimages/951921.png,195.0,27.0,1998-10-15,7881,Venezia,Defender,,0.0,0.0,0.0,0.0,0.0,35,CB,1699059.0,,,,https://images.fotmob.com/image_resources/logo/teamlogo/7881.png
8255,Austria,620027.0,Xaver Schlager,2.0,4.0,https://images.fotmob.com/image_resources/playerimages/620027.png,174.0,28.0,1997-09-28,178475,RB Leipzig,Midfielder,6.63,0.0,0.0,1.0,0.0,0.0,"73,66","CM,CDM",5899024.0,,,,https://images.fotmob.com/image_resources/logo/teamlogo/178475.png
8255,Austria,1024672.0,Nicolas Seiwald,2.0,6.0,https://images.fotmob.com/image_resources/playerimages/1024672.png,179.0,25.0,2001-05-04,178475,RB Leipzig,Midfielder,6.97,0.0,0.0,0.0,0.0,0.0,"75,64,36","CM,CDM,CB",22928985.0,,,,https://images.fotmob.com/image_resources/logo/teamlogo/178475.png
8255,Austria,215151.0,Marcel Sabitzer,2.0,9.0,https://images.fotmob.com/image_resources/playerimages/215151.png,177.0,32.0,1994-03-17,9789,Borussia Dortmund,Midfielder,7.37,1.0,0.0,0.0,0.0,1.0,"64,87,73","CDM,LW,CM",4970411.0,,,,https://images.fotmob.com/image_resources/logo/teamlogo/9789.png
8255,Austria,617044.0,Florian Grillitsch,2.0,10.0,https://images.fotmob.com/image_resources/playerimages/617044.png,187.0,30.0,1995-08-07,10264,Braga,Midfielder,6.17,0.0,0.0,0.0,0.0,0.0,"76,66","CM,CDM",1433071.0,,,,https://images.fotmob.com/image_resources/logo/teamlogo/10264.png
8255,Austria,423812.0,Phillipp Mwene,2.0,16.0,https://images.fotmob.com/image_resources/playerimages/423812.png,168.0,32.0,1994-01-29,9905,Mainz 05,Midfielder,6.41,0.0,0.0,0.0,0.0,0.0,"79,38,68,62","LM,LB,LWB,RWB",1141885.0,,,,https://images.fotmob.com/image_resources/logo/teamlogo/9905.png
8255,Austria,1089685.0,Carney Chukwuemeka,2.0,17.0,https://images.fotmob.com/image_resources/playerimages/1089685.png,188.0,22.0,2003-10-20,9789,Borussia Dortmund,Midfielder,5.91,0.0,0.0,0.0,0.0,0.0,86,CAM,23912526.0,,,,https://images.fotmob.com/image_resources/logo/teamlogo/9789.png
8255,Austria,749488.0,Romano Schmid,2.0,18.0,https://images.fotmob.com/image_resources/playerimages/749488.png,167.0,26.0,2000-01-27,8697,Werder Bremen,Midfielder,6.7,1.0,0.0,0.0,0.0,0.0,"85,83,73,87,79","CAM,RW,CM,LW,LM",14290029.0,,,,https://images.fotmob.com/image_resources/logo/teamlogo/8697.png
8255,Austria,861668.0,Dejan Ljubicic,2.0,19.0,https://images.fotmob.com/image_resources/playerimages/861668.png,186.0,28.0,1997-10-08,10189,Schalke 04,Midfielder,,0.0,0.0,0.0,0.0,0.0,"83,73,85,64","RW,CM,CAM,CDM",1706966.0,,,,https://images.fotmob.com/image_resources/logo/teamlogo/10189.png
8255,Austria,1027194.0,Alexander Prass,2.0,22.0,https://images.fotmob.com/image_resources/playerimages/1027194.png,180.0,25.0,2001-05-26,8226,Hoffenheim,Midfielder,6.23,0.0,0.0,0.0,0.0,0.0,"78,87,103","LM,LW,RW",7950928.0,,,,https://images.fotmob.com/image_resources/logo/teamlogo/8226.png
8255,Austria,1327149.0,Paul Wanner,2.0,24.0,https://images.fotmob.com/image_resources/playerimages/1327149.png,185.0,20.0,2005-12-23,8640,PSV Eindhoven,Midfielder,6.32,0.0,0.0,0.0,0.0,0.0,"64,85,74,72","CDM,CAM,CM,RM",22480244.0,,,,https://images.fotmob.com/image_resources/logo/teamlogo/8640.png
8255,Austria,461357.0,Alessandro Schöpf,2.0,26.0,https://images.fotmob.com/image_resources/playerimages/461357.png,178.0,32.0,1994-02-07,1954,Wolfsberger AC,Midfielder,,0.0,0.0,0.0,0.0,0.0,"66,77","CDM,CM",393281.0,,,,https://images.fotmob.com/image_resources/logo/teamlogo/1954.png
8255,Austria,110148.0,Marko Arnautovic,3.0,7.0,https://images.fotmob.com/image_resources/playerimages/110148.png,192.0,37.0,1989-04-19,8687,FK Crvena Zvezda,Attacker,6.88,2.0,1.0,0.0,0.0,1.0,115,ST,1598243.0,True,14,Doubtful,https://images.fotmob.com/image_resources/logo/teamlogo/8687.png
8255,Austria,198316.0,Michael Gregoritsch,3.0,11.0,https://images.fotmob.com/image_resources/playerimages/198316.png,190.0,32.0,1994-04-18,8406,Augsburg,Attacker,6.72,0.0,0.0,1.0,0.0,0.0,"105,85","ST,CAM",1423838.0,,,,https://images.fotmob.com/image_resources/logo/teamlogo/8406.png
8255,Austria,858198.0,Sasa Kalajdzic,3.0,14.0,https://images.fotmob.com/image_resources/playerimages/858198.png,200.0,28.0,1997-07-07,9977,LASK,Attacker,6.53,1.0,0.0,0.0,0.0,0.0,"104,85","ST,CAM",1527585.0,,,,https://images.fotmob.com/image_resources/logo/teamlogo/9977.png
8255,Austria,1073498.0,Patrick Wimmer,3.0,21.0,https://images.fotmob.com/image_resources/playerimages/1073498.png,182.0,25.0,2001-05-30,8226,Hoffenheim,Attacker,6.01,0.0,0.0,0.0,0.0,0.0,"87,83,73,85","LW,RW,CM,CAM",14732333.0,,,,https://images.fotmob.com/image_resources/logo/teamlogo/8226.png
6317,Algeria,191551.0,Vladimir Petkovic,,,https://images.fotmob.com/image_resources/playerimages/191551.png,190.0,62.0,1963-08-15,SUI,Switzerland,Coach,,,,,,,,,,,,,https://images.fotmob.com/image_resources/logo/teamlogo/sui.png
6317,Algeria,1285492.0,Melvin Mastil,0.0,1.0,https://images.fotmob.com/image_resources/playerimages/1285492.png,194.0,26.0,2000-02-19,2442,Stade Nyonnais,Keeper,,0.0,0.0,0.0,0.0,0.0,11,GK,289431.0,,,,https://images.fotmob.com/image_resources/logo/teamlogo/2442.png
6317,Algeria,1116034.0,Oussama Benbot,0.0,16.0,https://images.fotmob.com/image_resources/playerimages/1116034.png,188.0,31.0,1994-10-11,101628,USM Alger,Keeper,3.77,0.0,0.0,0.0,0.0,0.0,11,GK,,,,,https://images.fotmob.com/image_resources/logo/teamlogo/101628.png
6317,Algeria,770880.0,Luca Zidane,0.0,23.0,https://images.fotmob.com/image_resources/playerimages/770880.png,183.0,28.0,1998-05-13,7878,Granada,Keeper,6.05,0.0,0.0,0.0,0.0,0.0,11,GK,929728.0,,,,https://images.fotmob.com/image_resources/logo/teamlogo/7878.png
6317,Algeria,210683.0,Aïssa Mandi,1.0,2.0,https://images.fotmob.com/image_resources/playerimages/210683.png,186.0,34.0,1991-10-22,8639,Lille,Defender,6.91,0.0,0.0,0.0,0.0,0.0,"36,32","CB,RB",1097598.0,,,,https://images.fotmob.com/image_resources/logo/teamlogo/8639.png
6317,Algeria,1131925.0,Mohamed Amine Tougai,1.0,4.0,https://images.fotmob.com/image_resources/playerimages/1131925.png,186.0,26.0,2000-01-22,8153,Espérance,Defender,,0.0,0.0,0.0,0.0,0.0,36,CB,1108005.0,,,,https://images.fotmob.com/image_resources/logo/teamlogo/8153.png
6317,Algeria,1118823.0,Zineddine Belaïd,1.0,5.0,https://images.fotmob.com/image_resources/playerimages/1118823.png,186.0,27.0,1999-03-20,101630,JS Kabylie,Defender,6.15,0.0,0.0,0.0,0.0,0.0,34,CB,420053.0,,,,https://images.fotmob.com/image_resources/logo/teamlogo/101630.png
6317,Algeria,1178324.0,Jaouen Hadjam,1.0,13.0,https://images.fotmob.com/image_resources/playerimages/1178324.png,185.0,23.0,2003-03-26,10192,Young Boys,Defender,6.62,0.0,0.0,0.0,0.0,0.0,"38,37","LB,CB",9868310.0,,,,https://images.fotmob.com/image_resources/logo/teamlogo/10192.png
6317,Algeria,933845.0,Rayan Aït-Nouri,1.0,15.0,https://images.fotmob.com/image_resources/playerimages/933845.png,180.0,25.0,2001-06-06,8456,Manchester City,Defender,6.88,0.0,0.0,0.0,0.0,0.0,"38,87","LB,LW",47935298.0,,,,https://images.fotmob.com/image_resources/logo/teamlogo/8456.png
6317,Algeria,559065.0,Ramy Bensebaini,1.0,21.0,https://images.fotmob.com/image_resources/playerimages/559065.png,187.0,31.0,1995-04-16,9789,Borussia Dortmund,Defender,6.99,0.0,0.0,0.0,0.0,0.0,"37,68","CB,LWB",13190102.0,,,,https://images.fotmob.com/image_resources/logo/teamlogo/9789.png
6317,Algeria,1039219.0,Samir Chergui,1.0,26.0,https://images.fotmob.com/image_resources/playerimages/1039219.png,185.0,27.0,1999-02-06,6379,Paris FC,Defender,6.13,0.0,0.0,0.0,0.0,0.0,"32,34","RB,CB",1600467.0,,,,https://images.fotmob.com/image_resources/logo/teamlogo/6379.png
6317,Algeria,1362385.0,Achref Abada,1.0,28.0,https://images.fotmob.com/image_resources/playerimages/1362385.png,185.0,27.0,1999-06-15,101628,USM Alger,Defender,,0.0,0.0,0.0,0.0,0.0,"34,32","CB,RB",,,,,https://images.fotmob.com/image_resources/logo/teamlogo/101628.png
6317,Algeria,1074967.0,Ramiz Zerrouki,2.0,6.0,https://images.fotmob.com/image_resources/playerimages/1074967.png,183.0,28.0,1998-05-26,8611,FC Twente,Midfielder,5.84,0.0,0.0,0.0,0.0,1.0,"64,75","CDM,CM",5142369.0,,,,https://images.fotmob.com/image_resources/logo/teamlogo/8611.png
6317,Algeria,776299.0,Houssem Aouar,2.0,8.0,https://images.fotmob.com/image_resources/playerimages/776299.png,175.0,27.0,1998-06-30,8577,Al Ittihad,Midfielder,7.18,0.0,0.0,2.0,0.0,0.0,"85,75,87,105,103","CAM,CM,LW,ST,RW",7972149.0,,,,https://images.fotmob.com/image_resources/logo/teamlogo/8577.png
6317,Algeria,1033099.0,Hicham Boudaoui,2.0,14.0,https://images.fotmob.com/image_resources/playerimages/1033099.png,175.0,26.0,1999-09-23,9831,Nice,Midfielder,6.7,0.0,0.0,0.0,0.0,0.0,"73,64","CM,CDM",12031880.0,,,,https://images.fotmob.com/image_resources/logo/teamlogo/9831.png
6317,Algeria,1345875.0,Farès Chaïbi,2.0,17.0,https://images.fotmob.com/image_resources/playerimages/1345875.png,183.0,23.0,2002-11-28,9810,Eintracht Frankfurt,Midfielder,7.14,0.0,0.0,0.0,0.0,0.0,"64,77,87,85,82","CDM,CM,LW,CAM,RW",19651861.0,,,,https://images.fotmob.com/image_resources/logo/teamlogo/9810.png
6317,Algeria,500520.0,Nabil Bentaleb,2.0,19.0,https://images.fotmob.com/image_resources/playerimages/500520.png,187.0,31.0,1994-11-24,8639,Lille,Midfielder,6.78,0.0,0.0,0.0,0.0,0.0,"64,75,36","CDM,CM,CB",995503.0,,,,https://images.fotmob.com/image_resources/logo/teamlogo/8639.png
6317,Algeria,1457626.0,Ibrahim Maza,2.0,22.0,https://images.fotmob.com/image_resources/playerimages/1457626.png,180.0,20.0,2005-11-24,8178,Bayer Leverkusen,Midfielder,7.08,0.0,0.0,0.0,0.0,0.0,"84,64,75,103","CAM,CDM,CM,RW",21028010.0,,,,https://images.fotmob.com/image_resources/logo/teamlogo/8178.png
6317,Algeria,1288907.0,Yacine Titraoui,2.0,24.0,https://images.fotmob.com/image_resources/playerimages/1288907.png,170.0,22.0,2003-07-26,9986,Sporting Charleroi,Midfielder,,0.0,0.0,0.0,0.0,0.0,"64,74","CDM,CM",8224768.0,,,,https://images.fotmob.com/image_resources/logo/teamlogo/9986.png
6317,Algeria,1231029.0,Rafik Belghali,2.0,25.0,https://images.fotmob.com/image_resources/playerimages/1231029.png,178.0,24.0,2002-06-07,9876,Hellas Verona,Midfielder,6.73,1.0,0.0,0.0,0.0,0.0,"71,32,86,33,79,51","RM,RB,CAM,CB,LM,RWB",6040926.0,,,,https://images.fotmob.com/image_resources/logo/teamlogo/9876.png
6317,Algeria,278343.0,Riyad Mahrez,3.0,7.0,https://images.fotmob.com/image_resources/playerimages/278343.png,179.0,35.0,1991-02-21,2530,Al Ahli,Attacker,7.77,2.0,0.0,1.0,0.0,0.0,"83,72","RW,RM",4478232.0,,,,https://images.fotmob.com/image_resources/logo/teamlogo/2530.png
6317,Algeria,844437.0,Amine Gouiri,3.0,9.0,https://images.fotmob.com/image_resources/playerimages/844437.png,181.0,26.0,2000-02-16,8592,Marseille,Attacker,6.75,1.0,0.0,0.0,0.0,0.0,"115,85","ST,CAM",30903837.0,,,,https://images.fotmob.com/image_resources/logo/teamlogo/8592.png
6317,Algeria,1576876.0,Anis Hadj Moussa,3.0,11.0,https://images.fotmob.com/image_resources/playerimages/1576876.png,176.0,24.0,2002-02-11,10235,Feyenoord,Attacker,6.45,0.0,0.0,0.0,0.0,0.0,83,RW,23239013.0,,,,https://images.fotmob.com/image_resources/logo/teamlogo/10235.png
6317,Algeria,1210929.0,Nadhir Benbouali,3.0,12.0,https://images.fotmob.com/image_resources/playerimages/1210929.png,190.0,26.0,2000-04-17,5755,Györi ETO,Attacker,7.47,1.0,0.0,0.0,0.0,0.0,115,ST,960187.0,,,,https://images.fotmob.com/image_resources/logo/teamlogo/5755.png
6317,Algeria,1134206.0,Mohammed Amoura,3.0,18.0,https://images.fotmob.com/image_resources/playerimages/1134206.png,170.0,26.0,2000-05-09,8721,Wolfsburg,Attacker,6.05,0.0,0.0,0.0,0.0,0.0,"115,87,86","ST,LW,CAM",29306496.0,True,42,About 1-2 weeks,https://images.fotmob.com/image_resources/logo/teamlogo/8721.png
6317,Algeria,1523327.0,Farès Ghedjemis,3.0,25.0,https://images.fotmob.com/image_resources/playerimages/1523327.png,183.0,23.0,2002-09-06,9891,Frosinone,Attacker,,0.0,0.0,0.0,0.0,0.0,103,RW,2181566.0,,,,https://images.fotmob.com/image_resources/logo/teamlogo/9891.png
6317,Algeria,1298669.0,Adil Boulbina,3.0,27.0,https://images.fotmob.com/image_resources/playerimages/1298669.png,183.0,23.0,2003-05-02,203826,Al-Duhail SC,Attacker,,0.0,0.0,0.0,0.0,0.0,"87,83","LW,RW",2458944.0,,,,https://images.fotmob.com/image_resources/logo/teamlogo/203826.png
5816,Jordan,1136875.0,Jamal Sellami,,,https://images.fotmob.com/image_resources/playerimages/1136875.png,183.0,55.0,1970-10-06,MAR,Morocco,Coach,,,,,,,,,,,,,https://images.fotmob.com/image_resources/logo/teamlogo/mar.png
5816,Jordan,734654.0,Yazeed Abulaila,0.0,1.0,https://images.fotmob.com/image_resources/playerimages/734654.png,188.0,33.0,1993-01-08,101688,Al-Hussein SC,Keeper,5.82,0.0,0.0,0.0,0.0,0.0,11,GK,,,,,https://images.fotmob.com/image_resources/logo/teamlogo/101688.png
5816,Jordan,1554110.0,Nour Bani Ateyah,0.0,12.0,https://images.fotmob.com/image_resources/playerimages/1554110.png,179.0,33.0,1993-01-25,101665,Al-Faisaly,Keeper,,0.0,0.0,0.0,0.0,0.0,11,GK,,,,,https://images.fotmob.com/image_resources/logo/teamlogo/101665.png
5816,Jordan,915790.0,Abdallah Al Fakhori,0.0,22.0,https://images.fotmob.com/image_resources/playerimages/915790.png,190.0,26.0,2000-01-22,101690,Al-Wehdat,Keeper,,0.0,0.0,0.0,0.0,0.0,11,GK,,,,,https://images.fotmob.com/image_resources/logo/teamlogo/101690.png
5816,Jordan,1312681.0,Abdallah Nasib,1.0,3.0,https://images.fotmob.com/image_resources/playerimages/1312681.png,184.0,32.0,1994-02-25,101659,Al Zawraa,Defender,6.49,0.0,0.0,0.0,0.0,0.0,33,CB,,,,,https://images.fotmob.com/image_resources/logo/teamlogo/101659.png
5816,Jordan,1554109.0,Husam Abu Dahab,1.0,4.0,https://images.fotmob.com/image_resources/playerimages/1554109.png,186.0,26.0,2000-05-13,101665,Al-Faisaly,Defender,6.5,0.0,0.0,0.0,0.0,1.0,37,CB,,,,,https://images.fotmob.com/image_resources/logo/teamlogo/101665.png
5816,Jordan,852168.0,Yazan Al Arab,1.0,5.0,https://images.fotmob.com/image_resources/playerimages/852168.png,185.0,30.0,1996-01-31,92630,FC Seoul,Defender,6.42,0.0,0.0,0.0,0.0,1.0,36,CB,636491.0,,,,https://images.fotmob.com/image_resources/logo/teamlogo/92630.png
5816,Jordan,1033300.0,Mohammad Abu Al Nadi,1.0,16.0,https://images.fotmob.com/image_resources/playerimages/1033300.png,185.0,25.0,2001-02-08,165223,Selangor,Defender,6.27,0.0,0.0,0.0,0.0,0.0,37,CB,103503.0,,,,https://images.fotmob.com/image_resources/logo/teamlogo/165223.png
5816,Jordan,847766.0,Saleem Obaid,1.0,17.0,https://images.fotmob.com/image_resources/playerimages/847766.png,187.0,34.0,1992-01-17,101688,Al-Hussein SC,Defender,5.94,0.0,0.0,0.0,0.0,0.0,"37,38","CB,LB",,,,,https://images.fotmob.com/image_resources/logo/teamlogo/101688.png
5816,Jordan,1902793.0,Mohammad Abu Ghoush,1.0,18.0,https://images.fotmob.com/image_resources/playerimages/1902793.png,183.0,20.0,2005-07-13,101688,Al-Hussein SC,Defender,,0.0,0.0,0.0,0.0,0.0,59,LWB,,,,,https://images.fotmob.com/image_resources/logo/teamlogo/101688.png
5816,Jordan,1179369.0,Saed Al Rosan,1.0,19.0,https://images.fotmob.com/image_resources/playerimages/1179369.png,186.0,29.0,1997-02-01,101688,Al-Hussein SC,Defender,,0.0,0.0,0.0,0.0,0.0,33,CB,,,,,https://images.fotmob.com/image_resources/logo/teamlogo/101688.png
5816,Jordan,1350517.0,Mohammad Abu Hasheesh,2.0,2.0,https://images.fotmob.com/image_resources/playerimages/1350517.png,179.0,31.0,1995-05-09,0,Al-Karma SC,Midfielder,,0.0,0.0,0.0,0.0,0.0,78,LM,111363.0,,,,https://images.fotmob.com/image_resources/logo/teamlogo/0.png
5816,Jordan,1213678.0,Amer Jamous,2.0,6.0,https://images.fotmob.com/image_resources/playerimages/1213678.png,177.0,23.0,2002-07-03,101659,Al Zawraa,Midfielder,5.89,0.0,0.0,0.0,0.0,0.0,"74,66","CM,CDM",,,,,https://images.fotmob.com/image_resources/logo/teamlogo/101659.png
5816,Jordan,1036253.0,Noor Al Rawabdeh,2.0,8.0,https://images.fotmob.com/image_resources/playerimages/1036253.png,182.0,29.0,1997-02-24,165223,Selangor,Midfielder,7.13,0.0,0.0,1.0,0.0,0.0,"76,66","CM,CDM",,,,,https://images.fotmob.com/image_resources/logo/teamlogo/165223.png
5816,Jordan,813055.0,Mousa Al Tamari,2.0,10.0,https://images.fotmob.com/image_resources/playerimages/813055.png,178.0,29.0,1997-06-10,9851,Rennes,Midfielder,6.87,1.0,0.0,1.0,0.0,0.0,"79,103,104,72","LM,RW,ST,RM",5340000.0,,,,https://images.fotmob.com/image_resources/logo/teamlogo/9851.png
5816,Jordan,674520.0,Mahmoud Al Mardi,2.0,13.0,https://images.fotmob.com/image_resources/playerimages/674520.png,173.0,32.0,1993-10-06,101688,Al-Hussein SC,Midfielder,6.07,0.0,0.0,0.0,0.0,0.0,"88,78,86,74","LW,LM,CAM,CM",,,,,https://images.fotmob.com/image_resources/logo/teamlogo/101688.png
5816,Jordan,546203.0,Raja'ei Ayed,2.0,14.0,https://images.fotmob.com/image_resources/playerimages/546203.png,175.0,32.0,1993-07-25,101688,Al-Hussein SC,Midfielder,,0.0,0.0,0.0,0.0,0.0,"74,65","CM,CDM",,,,,https://images.fotmob.com/image_resources/logo/teamlogo/101688.png
5816,Jordan,1202924.0,Ibrahim Sadeh,2.0,15.0,https://images.fotmob.com/image_resources/playerimages/1202924.png,175.0,26.0,2000-04-27,0,Al-Karma SC,Midfielder,,0.0,0.0,0.0,0.0,0.0,76,CM,200023.0,,,,https://images.fotmob.com/image_resources/logo/teamlogo/0.png
5816,Jordan,1247001.0,Mohannad Abu Taha,2.0,20.0,https://images.fotmob.com/image_resources/playerimages/1247001.png,173.0,23.0,2003-02-02,101656,Al Quwa Al Jawiya,Midfielder,7.25,0.0,0.0,0.0,0.0,1.0,"68,78","LWB,LM",385919.0,,,,https://images.fotmob.com/image_resources/logo/teamlogo/101656.png
5816,Jordan,1195369.0,Nizar Al Rashdan,2.0,21.0,https://images.fotmob.com/image_resources/playerimages/1195369.png,183.0,27.0,1999-03-23,101900,Qatar SC,Midfielder,6.96,1.0,0.0,0.0,0.0,0.0,"76,64,86,87","CM,CDM,CAM,LW",181960.0,,,,https://images.fotmob.com/image_resources/logo/teamlogo/101900.png
5816,Jordan,546201.0,Ehsan Haddad,2.0,23.0,https://images.fotmob.com/image_resources/playerimages/546201.png,174.0,32.0,1994-02-05,101688,Al-Hussein SC,Midfielder,6.51,0.0,0.0,1.0,0.0,0.0,62,RWB,,,,,https://images.fotmob.com/image_resources/logo/teamlogo/101688.png
5816,Jordan,1642793.0,Ali Azaizeh,2.0,24.0,https://images.fotmob.com/image_resources/playerimages/1642793.png,178.0,22.0,2004-04-13,101916,Al Shabab,Midfielder,6.79,0.0,0.0,0.0,0.0,0.0,"72,83","RM,RW",307980.0,,,,https://images.fotmob.com/image_resources/logo/teamlogo/101916.png
5816,Jordan,600844.0,Mohammad Al Daoud,2.0,25.0,https://images.fotmob.com/image_resources/playerimages/600844.png,185.0,34.0,1992-04-12,101690,Al-Wehdat,Midfielder,,0.0,0.0,0.0,0.0,0.0,,,,,,,https://images.fotmob.com/image_resources/logo/teamlogo/101690.png
5816,Jordan,1059129.0,Mohammad Abu Zraiq,3.0,7.0,https://images.fotmob.com/image_resources/playerimages/1059129.png,170.0,28.0,1997-12-30,102049,Raja Casablanca,Attacker,,0.0,0.0,0.0,0.0,1.0,"83,78","RW,LM",,,,,https://images.fotmob.com/image_resources/logo/teamlogo/102049.png
5816,Jordan,1028896.0,Ali Olwan,3.0,9.0,https://images.fotmob.com/image_resources/playerimages/1028896.png,182.0,26.0,2000-03-26,101905,Al-Sailiya,Attacker,6.93,1.0,0.0,0.0,0.0,0.0,"115,86,103","ST,CAM,RW",344010.0,,,,https://images.fotmob.com/image_resources/logo/teamlogo/101905.png
5816,Jordan,1823348.0,Odeh Fakhoury,3.0,11.0,https://images.fotmob.com/image_resources/playerimages/1823348.png,180.0,20.0,2005-11-22,517894,Pyramids FC,Attacker,6.27,0.0,0.0,0.0,0.0,0.0,"78,88,83,105","LM,LW,RW,ST",,,,,https://images.fotmob.com/image_resources/logo/teamlogo/517894.png
8258,Colombia,1248693.0,Néstor Lorenzo,,,https://images.fotmob.com/image_resources/playerimages/1248693.png,,60.0,1966-02-28,ARG,Argentina,Coach,,,,,,,,,,,,,https://images.fotmob.com/image_resources/logo/teamlogo/arg.png
8258,Colombia,50065.0,David Ospina,0.0,1.0,https://images.fotmob.com/image_resources/playerimages/50065.png,183.0,37.0,1988-08-31,6368,Atletico Nacional,Keeper,,0.0,0.0,0.0,0.0,0.0,11,GK,380535.0,,,,https://images.fotmob.com/image_resources/logo/teamlogo/6368.png
8258,Colombia,50207.0,Camilo Vargas,0.0,12.0,https://images.fotmob.com/image_resources/playerimages/50207.png,185.0,37.0,1989-03-09,6577,Atlas,Keeper,7.12,0.0,0.0,0.0,0.0,0.0,11,GK,588729.0,,,,https://images.fotmob.com/image_resources/logo/teamlogo/6577.png
8258,Colombia,498457.0,Álvaro Montero,0.0,24.0,https://images.fotmob.com/image_resources/playerimages/498457.png,196.0,31.0,1995-03-29,10079,Velez Sarsfield,Keeper,,0.0,0.0,0.0,0.0,0.0,11,GK,1494507.0,,,,https://images.fotmob.com/image_resources/logo/teamlogo/10079.png
8258,Colombia,860913.0,Jhon Lucumí,1.0,3.0,https://images.fotmob.com/image_resources/playerimages/860913.png,185.0,28.0,1998-06-26,9857,Bologna,Defender,7.08,0.0,0.0,0.0,0.0,1.0,36,CB,19437735.0,,,,https://images.fotmob.com/image_resources/logo/teamlogo/9857.png
8258,Colombia,207642.0,Santiago Arias,1.0,4.0,https://images.fotmob.com/image_resources/playerimages/207642.png,178.0,34.0,1992-01-13,10078,Independiente,Defender,7.86,0.0,0.0,0.0,0.0,0.0,32,RB,1082017.0,,,,https://images.fotmob.com/image_resources/logo/teamlogo/10078.png
8258,Colombia,496042.0,Yerry Mina,1.0,13.0,https://images.fotmob.com/image_resources/playerimages/496042.png,195.0,31.0,1994-09-23,8529,Cagliari,Defender,,0.0,0.0,0.0,0.0,0.0,35,CB,2390650.0,,,,https://images.fotmob.com/image_resources/logo/teamlogo/8529.png
8258,Colombia,474673.0,Johan Mojica,1.0,17.0,https://images.fotmob.com/image_resources/playerimages/474673.png,185.0,33.0,1992-08-21,8661,Mallorca,Defender,7.31,0.0,0.0,0.0,0.0,1.0,"38,59","LB,LWB",1456283.0,,,,https://images.fotmob.com/image_resources/logo/teamlogo/8661.png
8258,Colombia,965205.0,Willer Ditta,1.0,18.0,https://images.fotmob.com/image_resources/playerimages/965205.png,180.0,28.0,1998-01-23,6578,Cruz Azul,Defender,,0.0,0.0,0.0,0.0,0.0,33,CB,5873826.0,,,,https://images.fotmob.com/image_resources/logo/teamlogo/6578.png
8258,Colombia,643533.0,Davinson Sánchez,1.0,23.0,https://images.fotmob.com/image_resources/playerimages/643533.png,187.0,30.0,1996-06-12,8637,Galatasaray,Defender,7.51,0.0,0.0,0.0,0.0,0.0,"34,32","CB,RB",16864952.0,,,,https://images.fotmob.com/image_resources/logo/teamlogo/8637.png
8258,Colombia,859282.0,Daniel Muñoz,2.0,2.0,https://images.fotmob.com/image_resources/playerimages/859282.png,183.0,30.0,1996-05-26,9826,Crystal Palace,Midfielder,8.12,2.0,0.0,0.0,0.0,0.0,"62,72,32","RWB,RM,RB",30018070.0,,,,https://images.fotmob.com/image_resources/logo/teamlogo/9826.png
8258,Colombia,1434853.0,Kevin Castaño,2.0,5.0,https://images.fotmob.com/image_resources/playerimages/1434853.png,177.0,25.0,2000-09-29,10076,River Plate,Midfielder,6.11,0.0,0.0,0.0,0.0,0.0,"66,73","CDM,CM",6992584.0,,,,https://images.fotmob.com/image_resources/logo/teamlogo/10076.png
8258,Colombia,1174630.0,Richard Ríos,2.0,6.0,https://images.fotmob.com/image_resources/playerimages/1174630.png,180.0,26.0,2000-06-02,9772,Benfica,Midfielder,6.04,0.0,0.0,0.0,0.0,0.0,"64,74","CDM,CM",22503178.0,,,,https://images.fotmob.com/image_resources/logo/teamlogo/9772.png
8258,Colombia,1331597.0,Gustavo Puerta,2.0,14.0,https://images.fotmob.com/image_resources/playerimages/1331597.png,173.0,22.0,2003-07-23,8696,Racing Santander,Midfielder,7.43,0.0,0.0,1.0,0.0,1.0,"66,73","CDM,CM",5881581.0,,,,https://images.fotmob.com/image_resources/logo/teamlogo/8696.png
8258,Colombia,1281230.0,Juan Portilla,2.0,15.0,https://images.fotmob.com/image_resources/playerimages/1281230.png,183.0,27.0,1998-09-12,10273,Athletico Paranaense,Midfielder,,0.0,0.0,0.0,0.0,0.0,"64,74","CDM,CM",2959093.0,,,,https://images.fotmob.com/image_resources/logo/teamlogo/10273.png
8258,Colombia,466672.0,Jefferson Lerma,2.0,16.0,https://images.fotmob.com/image_resources/playerimages/466672.png,179.0,31.0,1994-10-25,9826,Crystal Palace,Midfielder,7.11,0.0,0.0,0.0,0.0,1.0,"66,33,75","CDM,CB,CM",5329690.0,,,,https://images.fotmob.com/image_resources/logo/teamlogo/9826.png
8258,Colombia,207617.0,Juan Quintero,2.0,20.0,https://images.fotmob.com/image_resources/playerimages/207617.png,168.0,33.0,1993-01-18,10076,River Plate,Midfielder,6.71,0.0,0.0,1.0,0.0,0.0,"85,103,72","CAM,RW,RM",1178865.0,,,,https://images.fotmob.com/image_resources/logo/teamlogo/10076.png
8258,Colombia,578756.0,Deiver Machado,2.0,22.0,https://images.fotmob.com/image_resources/playerimages/578756.png,172.0,32.0,1993-09-02,9830,Nantes,Midfielder,7.18,0.0,0.0,0.0,0.0,0.0,"38,79,68","LB,LM,LWB",1572501.0,,,,https://images.fotmob.com/image_resources/logo/teamlogo/9830.png
8258,Colombia,860914.0,Luis Díaz,3.0,7.0,https://images.fotmob.com/image_resources/playerimages/860914.png,180.0,29.0,1997-01-13,9823,Bayern München,Attacker,7.53,1.0,0.0,1.0,0.0,0.0,87,LW,89213388.0,,,,https://images.fotmob.com/image_resources/logo/teamlogo/9823.png
8258,Colombia,784834.0,Jorge Carrascal,3.0,8.0,https://images.fotmob.com/image_resources/playerimages/784834.png,168.0,28.0,1998-05-25,9770,Flamengo,Attacker,,0.0,0.0,0.0,0.0,0.0,"83,85,87,72","RW,CAM,LW,RM",8493277.0,,,,https://images.fotmob.com/image_resources/logo/teamlogo/9770.png
8258,Colombia,291425.0,Jhon Córdoba,3.0,9.0,https://images.fotmob.com/image_resources/playerimages/291425.png,188.0,33.0,1993-05-11,168719,FC Krasnodar,Attacker,6.15,0.0,0.0,0.0,0.0,0.0,115,ST,9054857.0,,,,https://images.fotmob.com/image_resources/logo/teamlogo/168719.png
8258,Colombia,164684.0,James Rodríguez,3.0,10.0,https://images.fotmob.com/image_resources/playerimages/164684.png,180.0,34.0,1991-07-12,207242,Minnesota United,Attacker,7.4,0.0,0.0,0.0,0.0,0.0,"85,103,104","CAM,RW,ST",965646.0,,,,https://images.fotmob.com/image_resources/logo/teamlogo/207242.png
8258,Colombia,1023030.0,Jhon Arias,3.0,11.0,https://images.fotmob.com/image_resources/playerimages/1023030.png,168.0,28.0,1997-09-21,10283,Palmeiras,Attacker,7.47,0.0,0.0,0.0,0.0,0.0,"87,103,73,85,104,72,78","LW,RW,CM,CAM,ST,RM,LM",15917713.0,,,,https://images.fotmob.com/image_resources/logo/teamlogo/10283.png
8258,Colombia,852071.0,Juan Hernández,3.0,19.0,https://images.fotmob.com/image_resources/playerimages/852071.png,176.0,27.0,1999-04-20,8603,Real Betis,Attacker,6.68,0.0,0.0,1.0,0.0,0.0,115,ST,19478160.0,,,,https://images.fotmob.com/image_resources/logo/teamlogo/8603.png
8258,Colombia,837870.0,Jaminton Campaz,3.0,21.0,https://images.fotmob.com/image_resources/playerimages/837870.png,168.0,26.0,2000-05-24,10084,Rosario Central,Attacker,7.62,1.0,0.0,0.0,0.0,0.0,"87,78,85","LW,LM,CAM",3323335.0,,,,https://images.fotmob.com/image_resources/logo/teamlogo/10084.png
8258,Colombia,792303.0,Luis Suárez,3.0,25.0,https://images.fotmob.com/image_resources/playerimages/792303.png,185.0,28.0,1997-12-02,9768,Sporting CP,Attacker,6.39,0.0,0.0,0.0,0.0,0.0,115,ST,27557393.0,,,,https://images.fotmob.com/image_resources/logo/teamlogo/9768.png
8258,Colombia,1353421.0,Andrés Gómez,3.0,26.0,https://images.fotmob.com/image_resources/playerimages/1353421.png,181.0,23.0,2002-09-12,10276,Vasco da Gama,Attacker,,0.0,0.0,0.0,0.0,0.0,"87,83","LW,RW",,,,,https://images.fotmob.com/image_resources/logo/teamlogo/10276.png
8361,Portugal,35382.0,Roberto Martínez,,,https://images.fotmob.com/image_resources/playerimages/35382.png,,52.0,1973-07-13,ESP,Spain,Coach,,,,,,,,,,,,,https://images.fotmob.com/image_resources/logo/teamlogo/esp.png
8361,Portugal,795630.0,Diogo Costa,0.0,1.0,https://images.fotmob.com/image_resources/playerimages/795630.png,186.0,26.0,1999-09-19,9773,FC Porto,Keeper,7.74,0.0,0.0,0.0,0.0,0.0,11,GK,41250452.0,,,,https://images.fotmob.com/image_resources/logo/teamlogo/9773.png
8361,Portugal,416175.0,José Sá,0.0,12.0,https://images.fotmob.com/image_resources/playerimages/416175.png,192.0,33.0,1993-01-17,8602,Wolverhampton Wanderers,Keeper,,0.0,0.0,0.0,0.0,0.0,11,GK,5668745.0,,,,https://images.fotmob.com/image_resources/logo/teamlogo/8602.png
8361,Portugal,361717.0,Rui Silva,0.0,22.0,https://images.fotmob.com/image_resources/playerimages/361717.png,189.0,32.0,1994-02-07,9768,Sporting CP,Keeper,,0.0,0.0,0.0,0.0,0.0,11,GK,,,,,https://images.fotmob.com/image_resources/logo/teamlogo/9768.png
8361,Portugal,470834.0,Nélson Semedo,1.0,2.0,https://images.fotmob.com/image_resources/playerimages/470834.png,180.0,32.0,1993-11-16,8695,Fenerbahçe,Defender,6.31,0.0,0.0,0.0,0.0,1.0,"32,62,82,38","RB,RWB,RW,LB",4137762.0,,,,https://images.fotmob.com/image_resources/logo/teamlogo/8695.png
8361,Portugal,614006.0,Rúben Dias,1.0,3.0,https://images.fotmob.com/image_resources/playerimages/614006.png,187.0,29.0,1997-05-14,8456,Manchester City,Defender,7.51,0.0,0.0,0.0,0.0,0.0,34,CB,51902198.0,,,,https://images.fotmob.com/image_resources/logo/teamlogo/8456.png
8361,Portugal,1187283.0,Tomás Araújo,1.0,4.0,https://images.fotmob.com/image_resources/playerimages/1187283.png,187.0,24.0,2002-05-16,9772,Benfica,Defender,7.25,0.0,0.0,0.0,0.0,1.0,"34,32","CB,RB",33234023.0,,,,https://images.fotmob.com/image_resources/logo/teamlogo/9772.png
8361,Portugal,751550.0,Diogo Dalot,1.0,5.0,https://images.fotmob.com/image_resources/playerimages/751550.png,183.0,27.0,1999-03-18,10260,Manchester United,Defender,6.89,0.0,0.0,0.0,0.0,0.0,"32,68,62,38","RB,LWB,RWB,LB",37614885.0,,,,https://images.fotmob.com/image_resources/logo/teamlogo/10260.png
8361,Portugal,955529.0,Matheus Nunes,1.0,6.0,https://images.fotmob.com/image_resources/playerimages/955529.png,183.0,27.0,1998-08-27,8456,Manchester City,Defender,,0.0,0.0,0.0,0.0,0.0,32,RB,52493932.0,,,,https://images.fotmob.com/image_resources/logo/teamlogo/8456.png
8361,Portugal,1343750.0,Renato Veiga,1.0,13.0,https://images.fotmob.com/image_resources/playerimages/1343750.png,190.0,22.0,2003-07-29,10205,Villarreal,Defender,7.19,0.0,0.0,0.0,0.0,1.0,36,CB,27392170.0,,,,https://images.fotmob.com/image_resources/logo/teamlogo/10205.png
8361,Portugal,1165710.0,Gonçalo Inácio,1.0,14.0,https://images.fotmob.com/image_resources/playerimages/1165710.png,186.0,24.0,2001-08-25,9768,Sporting CP,Defender,,0.0,0.0,0.0,0.0,0.0,36,CB,41469017.0,,,,https://images.fotmob.com/image_resources/logo/teamlogo/9768.png
8361,Portugal,361757.0,João Cancelo,1.0,20.0,https://images.fotmob.com/image_resources/playerimages/361757.png,182.0,32.0,1994-05-27,8634,Barcelona,Defender,7.12,0.0,0.0,1.0,0.0,0.0,"38,32","LB,RB",8009864.0,,,,https://images.fotmob.com/image_resources/logo/teamlogo/8634.png
8361,Portugal,1158945.0,Nuno Mendes,1.0,25.0,https://images.fotmob.com/image_resources/playerimages/1158945.png,184.0,24.0,2002-06-19,9847,Paris Saint-Germain,Defender,7.46,1.0,0.0,0.0,0.0,0.0,38,LB,74117178.0,,,,https://images.fotmob.com/image_resources/logo/teamlogo/9847.png
8361,Portugal,422685.0,Bruno Fernandes,2.0,8.0,https://images.fotmob.com/image_resources/playerimages/422685.png,179.0,31.0,1994-09-08,10260,Manchester United,Midfielder,7.47,0.0,0.0,1.0,0.0,0.0,"85,66","CAM,CDM",41424684.0,,,,https://images.fotmob.com/image_resources/logo/teamlogo/10260.png
8361,Portugal,488139.0,Bernardo Silva,2.0,10.0,https://images.fotmob.com/image_resources/playerimages/488139.png,173.0,31.0,1994-08-10,8633,Real Madrid,Midfielder,6.03,0.0,0.0,0.0,0.0,1.0,"84,64,82,77","CAM,CDM,RW,CM",21958596.0,,,,https://images.fotmob.com/image_resources/logo/teamlogo/8633.png
8361,Portugal,1342757.0,João Neves,2.0,15.0,https://images.fotmob.com/image_resources/playerimages/1342757.png,174.0,21.0,2004-09-27,9847,Paris Saint-Germain,Midfielder,7.21,1.0,0.0,0.0,0.0,0.0,"73,64","CM,CDM",83160931.0,,,,https://images.fotmob.com/image_resources/logo/teamlogo/9847.png
8361,Portugal,732282.0,Trincão,2.0,16.0,https://images.fotmob.com/image_resources/playerimages/732282.png,183.0,26.0,1999-12-29,9768,Sporting CP,Midfielder,6.31,0.0,0.0,0.0,0.0,0.0,"85,83,87","CAM,RW,LW",40083898.0,,,,https://images.fotmob.com/image_resources/logo/teamlogo/9768.png
8361,Portugal,534684.0,Rúben Neves,2.0,21.0,https://images.fotmob.com/image_resources/playerimages/534684.png,180.0,29.0,1997-03-13,2529,Al Hilal,Midfielder,6.5,0.0,0.0,0.0,0.0,0.0,"65,75,35","CDM,CM,CB",18724266.0,,,,https://images.fotmob.com/image_resources/logo/teamlogo/2529.png
8361,Portugal,1061249.0,Vitinha,2.0,23.0,https://images.fotmob.com/image_resources/playerimages/1061249.png,172.0,26.0,2000-02-13,9847,Paris Saint-Germain,Midfielder,7.17,0.0,0.0,0.0,0.0,0.0,"75,66","CM,CDM",115254274.0,,,,https://images.fotmob.com/image_resources/logo/teamlogo/9847.png
8361,Portugal,1130583.0,Samú,2.0,24.0,https://images.fotmob.com/image_resources/playerimages/1130583.png,183.0,25.0,2000-11-27,8661,Mallorca,Midfielder,6.54,0.0,0.0,0.0,0.0,0.0,"66,74","CDM,CM",16694598.0,,,,https://images.fotmob.com/image_resources/logo/teamlogo/8661.png
8361,Portugal,1185336.0,Francisco Conceição,2.0,26.0,https://images.fotmob.com/image_resources/playerimages/1185336.png,170.0,23.0,2002-12-14,9885,Juventus,Midfielder,6.82,0.0,0.0,0.0,0.0,0.0,"84,103","CAM,RW",33800999.0,,,,https://images.fotmob.com/image_resources/logo/teamlogo/9885.png
8361,Portugal,30893.0,Cristiano Ronaldo,3.0,7.0,https://images.fotmob.com/image_resources/playerimages/30893.png,187.0,41.0,1985-02-05,101918,Al Nassr FC,Attacker,7.37,2.0,0.0,0.0,0.0,0.0,115,ST,10428964.0,,,,https://images.fotmob.com/image_resources/logo/teamlogo/101918.png
8361,Portugal,940087.0,Gonçalo Ramos,3.0,9.0,https://images.fotmob.com/image_resources/playerimages/940087.png,185.0,25.0,2001-06-20,9847,Paris Saint-Germain,Attacker,,0.0,0.0,0.0,0.0,0.0,105,ST,39286781.0,,,,https://images.fotmob.com/image_resources/logo/teamlogo/9847.png
8361,Portugal,794427.0,Joao Félix,3.0,11.0,https://images.fotmob.com/image_resources/playerimages/794427.png,181.0,26.0,1999-11-10,101918,Al Nassr FC,Attacker,6.8,0.0,0.0,0.0,0.0,0.0,"95,104,87","CAM,ST,LW",18585158.0,,,,https://images.fotmob.com/image_resources/logo/teamlogo/101918.png
8361,Portugal,848844.0,Rafael Leão,3.0,17.0,https://images.fotmob.com/image_resources/playerimages/848844.png,188.0,27.0,1999-06-10,8564,Milan,Attacker,6.41,1.0,0.0,0.0,0.0,0.0,"106,107","ST,LW",66500201.0,,,,https://images.fotmob.com/image_resources/logo/teamlogo/8564.png
8361,Portugal,843040.0,Pedro Neto,3.0,18.0,https://images.fotmob.com/image_resources/playerimages/843040.png,172.0,26.0,2000-03-09,8455,Chelsea,Attacker,6.87,0.0,0.0,1.0,0.0,0.0,"83,87,84","RW,LW,CAM",63829619.0,,,,https://images.fotmob.com/image_resources/logo/teamlogo/8455.png
8361,Portugal,536455.0,Gonçalo Guedes,3.0,19.0,https://images.fotmob.com/image_resources/playerimages/536455.png,179.0,29.0,1996-11-29,8560,Real Sociedad,Attacker,,0.0,0.0,0.0,0.0,0.0,"87,82,72,78,115","LW,RW,RM,LM,ST",6180035.0,,,,https://images.fotmob.com/image_resources/logo/teamlogo/8560.png
6321,Congo DR,535886.0,Sébastien Desabre,,,https://images.fotmob.com/image_resources/playerimages/535886.png,,49.0,1976-08-02,FRA,France,Coach,,,,,,,,,,,,,https://images.fotmob.com/image_resources/logo/teamlogo/fra.png
6321,Congo DR,912286.0,Lionel Mpasi-Nzau,0.0,1.0,https://images.fotmob.com/image_resources/playerimages/912286.png,182.0,31.0,1994-08-01,9746,Le Havre,Keeper,6.75,0.0,0.0,0.0,0.0,0.0,11,GK,449766.0,,,,https://images.fotmob.com/image_resources/logo/teamlogo/9746.png
6321,Congo DR,976996.0,Timothy Fayulu,0.0,16.0,https://images.fotmob.com/image_resources/playerimages/976996.png,192.0,26.0,1999-07-24,866111,FC Noah,Keeper,,0.0,0.0,0.0,0.0,0.0,11,GK,553020.0,,,,https://images.fotmob.com/image_resources/logo/teamlogo/866111.png
6321,Congo DR,1257080.0,Matthieu Epolo,0.0,21.0,https://images.fotmob.com/image_resources/playerimages/1257080.png,183.0,21.0,2005-01-15,9985,Standard Liege,Keeper,,0.0,0.0,0.0,0.0,0.0,11,GK,6658073.0,,,,https://images.fotmob.com/image_resources/logo/teamlogo/9985.png
6321,Congo DR,760320.0,Aaron Wan-Bissaka,1.0,2.0,https://images.fotmob.com/image_resources/playerimages/760320.png,183.0,28.0,1997-11-26,8654,West Ham United,Defender,7.38,0.0,0.0,0.0,0.0,0.0,"32,62,72","RB,RWB,RM",24745480.0,,,,https://images.fotmob.com/image_resources/logo/teamlogo/8654.png
6321,Congo DR,1132814.0,Steve Kapuadi,1.0,3.0,https://images.fotmob.com/image_resources/playerimages/1132814.png,196.0,28.0,1998-04-30,8024,Widzew Łódź,Defender,6.66,0.0,0.0,0.0,0.0,0.0,"36,38","CB,LB",1645486.0,,,,https://images.fotmob.com/image_resources/logo/teamlogo/8024.png
6321,Congo DR,690149.0,Axel Tuanzebe,1.0,4.0,https://images.fotmob.com/image_resources/playerimages/690149.png,183.0,28.0,1997-11-14,8191,Burnley,Defender,6.73,0.0,0.0,0.0,0.0,0.0,36,CB,3451987.0,,,,https://images.fotmob.com/image_resources/logo/teamlogo/8191.png
6321,Congo DR,751762.0,Dylan Batubinsika,1.0,5.0,https://images.fotmob.com/image_resources/playerimages/751762.png,185.0,30.0,1996-02-15,8120,AE Larissa,Defender,,0.0,0.0,0.0,0.0,0.0,35,CB,217131.0,,,,https://images.fotmob.com/image_resources/logo/teamlogo/8120.png
6321,Congo DR,500932.0,Joris Kayembe Ditu,1.0,12.0,https://images.fotmob.com/image_resources/playerimages/500932.png,180.0,31.0,1994-08-08,9987,Genk,Defender,6.66,0.0,0.0,0.0,0.0,0.0,"38,37","LB,CB",1638449.0,,,,https://images.fotmob.com/image_resources/logo/teamlogo/9987.png
6321,Congo DR,277761.0,Chancel Mbemba,1.0,22.0,https://images.fotmob.com/image_resources/playerimages/277761.png,182.0,31.0,1994-08-08,8639,Lille,Defender,6.75,0.0,0.0,0.0,0.0,1.0,34,CB,1489794.0,,,,https://images.fotmob.com/image_resources/logo/teamlogo/8639.png
6321,Congo DR,1022309.0,Gédéon Kalulu,1.0,24.0,https://images.fotmob.com/image_resources/playerimages/1022309.png,176.0,28.0,1997-08-29,2136,Aris Limassol,Defender,,0.0,0.0,0.0,0.0,0.0,"32,72","RB,RM",867307.0,,,,https://images.fotmob.com/image_resources/logo/teamlogo/2136.png
6321,Congo DR,418137.0,Arthur Masuaku,1.0,26.0,https://images.fotmob.com/image_resources/playerimages/418137.png,179.0,32.0,1993-11-07,8588,Lens,Defender,7.48,0.0,0.0,1.0,0.0,0.0,"38,36,59","LB,CB,LWB",1665113.0,,,,https://images.fotmob.com/image_resources/logo/teamlogo/8588.png
6321,Congo DR,1428153.0,Ngal Ayel Mukau,2.0,6.0,https://images.fotmob.com/image_resources/playerimages/1428153.png,188.0,21.0,2004-11-03,8639,Lille,Midfielder,6.32,0.0,0.0,0.0,0.0,0.0,"83,73,64,85","RW,CM,CDM,CAM",16011404.0,,,,https://images.fotmob.com/image_resources/logo/teamlogo/8639.png
6321,Congo DR,866108.0,Samuel Moutoussamy,2.0,8.0,https://images.fotmob.com/image_resources/playerimages/866108.png,176.0,29.0,1996-08-12,10187,Atromitos,Midfielder,6.69,0.0,0.0,0.0,0.0,1.0,"66,75","CDM,CM",712295.0,,,,https://images.fotmob.com/image_resources/logo/teamlogo/10187.png
6321,Congo DR,1302121.0,Brian Cipenga,2.0,9.0,https://images.fotmob.com/image_resources/playerimages/1302121.png,169.0,28.0,1998-03-11,9865,Almeria,Midfielder,6.92,0.0,0.0,0.0,0.0,0.0,"87,78,72,76","LW,LM,RM,CM",447523.0,,,,https://images.fotmob.com/image_resources/logo/teamlogo/9865.png
6321,Congo DR,1359649.0,Noah Sadiki,2.0,14.0,https://images.fotmob.com/image_resources/playerimages/1359649.png,173.0,21.0,2004-12-17,8472,Sunderland,Midfielder,6.76,0.0,0.0,0.0,0.0,1.0,"76,66,86","CM,CDM,CAM",31244559.0,,,,https://images.fotmob.com/image_resources/logo/teamlogo/8472.png
6321,Congo DR,490122.0,Aaron Tshibola,2.0,15.0,https://images.fotmob.com/image_resources/playerimages/490122.png,190.0,31.0,1995-01-02,8597,Kilmarnock,Midfielder,,0.0,0.0,0.0,0.0,0.0,"64,76","CDM,CM",72000.0,,,,https://images.fotmob.com/image_resources/logo/teamlogo/8597.png
6321,Congo DR,743720.0,Charles Pickel,2.0,18.0,https://images.fotmob.com/image_resources/playerimages/743720.png,187.0,29.0,1997-05-15,8558,Espanyol,Midfielder,6.07,0.0,0.0,0.0,0.0,1.0,"75,66,85","CM,CDM,CAM",1347968.0,,,,https://images.fotmob.com/image_resources/logo/teamlogo/8558.png
6321,Congo DR,909803.0,Edo Kayembe,2.0,25.0,https://images.fotmob.com/image_resources/playerimages/909803.png,183.0,28.0,1998-06-03,9817,Watford,Midfielder,6.24,0.0,0.0,0.0,0.0,0.0,"77,106,85,66","CM,ST,CAM,CDM",2029549.0,,,,https://images.fotmob.com/image_resources/logo/teamlogo/9817.png
6321,Congo DR,1049799.0,Nathanaël Mbuku,3.0,7.0,https://images.fotmob.com/image_resources/playerimages/1049799.png,170.0,24.0,2002-03-16,10249,Montpellier,Attacker,7.5,0.0,0.0,0.0,0.0,1.0,"87,86,83,72,78","LW,CAM,RW,RM,LM",1389453.0,,,,https://images.fotmob.com/image_resources/logo/teamlogo/10249.png
6321,Congo DR,466132.0,Théo Bongonda,3.0,10.0,https://images.fotmob.com/image_resources/playerimages/466132.png,177.0,30.0,1995-11-20,8643,Spartak Moscow,Attacker,6.15,0.0,0.0,0.0,0.0,0.0,82,RW,2143217.0,,,,https://images.fotmob.com/image_resources/logo/teamlogo/8643.png
6321,Congo DR,163205.0,Gaël Kakuta,3.0,11.0,https://images.fotmob.com/image_resources/playerimages/163205.png,173.0,35.0,1991-06-21,8120,AE Larissa,Attacker,,0.0,0.0,0.0,0.0,0.0,"106,85,103","ST,CAM,RW",464292.0,,,,https://images.fotmob.com/image_resources/logo/teamlogo/8120.png
6321,Congo DR,694060.0,Meschack Elia,3.0,13.0,https://images.fotmob.com/image_resources/playerimages/694060.png,173.0,28.0,1997-08-06,4678,Alanyaspor,Attacker,7.45,0.0,0.0,1.0,0.0,0.0,"103,84,88","RW,CAM,LW",1158456.0,,,,https://images.fotmob.com/image_resources/logo/teamlogo/4678.png
6321,Congo DR,201939.0,Cédric Bakambu,3.0,17.0,https://images.fotmob.com/image_resources/playerimages/201939.png,183.0,35.0,1991-04-11,8603,Real Betis,Attacker,6.34,0.0,0.0,0.0,0.0,0.0,115,ST,1057160.0,,,,https://images.fotmob.com/image_resources/logo/teamlogo/8603.png
6321,Congo DR,1116042.0,Fiston Mayele,3.0,19.0,https://images.fotmob.com/image_resources/playerimages/1116042.png,185.0,32.0,1994-06-24,517894,Pyramids FC,Attacker,7.17,1.0,0.0,0.0,0.0,0.0,115,ST,1006694.0,,,,https://images.fotmob.com/image_resources/logo/teamlogo/517894.png
6321,Congo DR,666857.0,Yoane Wissa,3.0,20.0,https://images.fotmob.com/image_resources/playerimages/666857.png,176.0,29.0,1996-09-03,10261,Newcastle United,Attacker,7.55,3.0,1.0,0.0,0.0,0.0,"105,107","ST,LW",27644929.0,,,,https://images.fotmob.com/image_resources/logo/teamlogo/10261.png
6321,Congo DR,696932.0,Simon Banza,3.0,23.0,https://images.fotmob.com/image_resources/playerimages/696932.png,189.0,29.0,1996-08-13,102101,Al-Jazira,Attacker,6.31,0.0,0.0,0.0,0.0,0.0,115,ST,11758087.0,,,,https://images.fotmob.com/image_resources/logo/teamlogo/102101.png
8700,Uzbekistan,34520.0,Fabio Cannavaro,,,https://images.fotmob.com/image_resources/playerimages/34520.png,176.0,52.0,1973-09-13,ITA,Italy,Coach,,,,,,,,,,,,,https://images.fotmob.com/image_resources/logo/teamlogo/ita.png
8700,Uzbekistan,619700.0,Utkir Yusupov,0.0,1.0,https://images.fotmob.com/image_resources/playerimages/619700.png,185.0,35.0,1991-01-04,139914,Foolad Khuzestan,Keeper,4.99,0.0,0.0,0.0,0.0,0.0,11,GK,117550.0,,,,https://images.fotmob.com/image_resources/logo/teamlogo/139914.png
8700,Uzbekistan,1259187.0,Abduvohid Nematov,0.0,12.0,https://images.fotmob.com/image_resources/playerimages/1259187.png,182.0,25.0,2001-03-20,102153,Nasaf Qarshi,Keeper,5.08,0.0,0.0,0.0,0.0,0.0,11,GK,835722.0,,,,https://images.fotmob.com/image_resources/logo/teamlogo/102153.png
8700,Uzbekistan,643639.0,Botirali Ergashev,0.0,16.0,https://images.fotmob.com/image_resources/playerimages/643639.png,189.0,31.0,1995-06-23,115128,AGMK,Keeper,,0.0,0.0,0.0,0.0,0.0,11,GK,194020.0,,,,https://images.fotmob.com/image_resources/logo/teamlogo/115128.png
8700,Uzbekistan,1362998.0,Abdukodir Khusanov,1.0,2.0,https://images.fotmob.com/image_resources/playerimages/1362998.png,186.0,22.0,2004-02-29,8456,Manchester City,Defender,5.85,0.0,0.0,0.0,0.0,2.0,"34,32","CB,RB",47021741.0,,,,https://images.fotmob.com/image_resources/logo/teamlogo/8456.png
8700,Uzbekistan,940778.0,Khoziakbar Alidzhanov,1.0,3.0,https://images.fotmob.com/image_resources/playerimages/940778.png,180.0,29.0,1997-04-19,102141,Pakhtakor Tashkent,Defender,6.73,0.0,0.0,0.0,0.0,0.0,62,RWB,,,,,https://images.fotmob.com/image_resources/logo/teamlogo/102141.png
8700,Uzbekistan,643624.0,Rustamjon Ashurmatov,1.0,5.0,https://images.fotmob.com/image_resources/playerimages/643624.png,186.0,29.0,1996-07-07,101614,Esteghlal,Defender,6.16,0.0,0.0,0.0,0.0,0.0,36,CB,450370.0,,,,https://images.fotmob.com/image_resources/logo/teamlogo/101614.png
8700,Uzbekistan,1258316.0,Sherzod Nasrulloev,1.0,13.0,https://images.fotmob.com/image_resources/playerimages/1258316.png,181.0,27.0,1998-07-23,102153,Nasaf Qarshi,Defender,6.25,0.0,0.0,0.0,0.0,1.0,"68,38","LWB,LB",512561.0,,,,https://images.fotmob.com/image_resources/logo/teamlogo/102153.png
8700,Uzbekistan,1029597.0,Avazbek Ulasmaliev,1.0,25.0,https://images.fotmob.com/image_resources/playerimages/1029597.png,187.0,26.0,2000-03-27,115128,AGMK,Defender,,0.0,0.0,0.0,0.0,0.0,,,,,,,https://images.fotmob.com/image_resources/logo/teamlogo/115128.png
8700,Uzbekistan,1477513.0,Jakhongir Urozov,1.0,26.0,https://images.fotmob.com/image_resources/playerimages/1477513.png,190.0,22.0,2004-01-18,UZB,Uzbekistan,Defender,6.27,0.0,0.0,0.0,0.0,0.0,37,CB,817362.0,,,,https://images.fotmob.com/image_resources/logo/teamlogo/uzb.png
8700,Uzbekistan,589585.0,Farrukh Sayfiev,2.0,4.0,https://images.fotmob.com/image_resources/playerimages/589585.png,180.0,35.0,1991-01-17,102155,Navbahor Namangan,Midfielder,6.42,0.0,0.0,0.0,0.0,0.0,62,RWB,71246.0,,,,https://images.fotmob.com/image_resources/logo/teamlogo/102155.png
8700,Uzbekistan,929168.0,Akmal Mozgovoy,2.0,6.0,https://images.fotmob.com/image_resources/playerimages/929168.png,180.0,26.0,2000-04-02,182933,Baniyas,Midfielder,6.51,0.0,0.0,1.0,0.0,0.0,"85,64,77","CAM,CDM,CM",747979.0,,,,https://images.fotmob.com/image_resources/logo/teamlogo/182933.png
8700,Uzbekistan,624405.0,Otabek Shukurov,2.0,7.0,https://images.fotmob.com/image_resources/playerimages/624405.png,182.0,30.0,1996-06-22,182933,Baniyas,Midfielder,6.46,0.0,0.0,0.0,0.0,0.0,"66,76,86","CDM,CM,CAM",851980.0,,,,https://images.fotmob.com/image_resources/logo/teamlogo/182933.png
8700,Uzbekistan,431169.0,Jamshid Iskandarov,2.0,8.0,https://images.fotmob.com/image_resources/playerimages/431169.png,168.0,32.0,1993-10-16,102145,Neftchi Fargona,Midfielder,,0.0,0.0,0.0,0.0,0.0,104,ST,475106.0,,,,https://images.fotmob.com/image_resources/logo/teamlogo/102145.png
8700,Uzbekistan,619697.0,Odildzhon Khamrobekov,2.0,9.0,https://images.fotmob.com/image_resources/playerimages/619697.png,180.0,30.0,1996-02-13,176352,Tractor,Midfielder,5.97,0.0,0.0,0.0,0.0,1.0,"74,64","CM,CDM",770585.0,,,,https://images.fotmob.com/image_resources/logo/teamlogo/176352.png
8700,Uzbekistan,1057486.0,Oston Urunov,2.0,11.0,https://images.fotmob.com/image_resources/playerimages/1057486.png,190.0,25.0,2000-12-19,101610,Persepolis,Midfielder,6.13,0.0,0.0,0.0,0.0,0.0,"86,78","CAM,LM",1476986.0,,,,https://images.fotmob.com/image_resources/logo/teamlogo/101610.png
8700,Uzbekistan,619513.0,Eldor Shomurodov,2.0,14.0,https://images.fotmob.com/image_resources/playerimages/619513.png,190.0,31.0,1995-06-29,1933,Başakşehir,Midfielder,6.67,1.0,0.0,0.0,0.0,0.0,"85,115,88","CAM,ST,LW",5632756.0,,,,https://images.fotmob.com/image_resources/logo/teamlogo/1933.png
8700,Uzbekistan,922298.0,Umar Eshmuradov,2.0,15.0,https://images.fotmob.com/image_resources/playerimages/922298.png,185.0,33.0,1992-11-30,102153,Nasaf Qarshi,Midfielder,,0.0,0.0,0.0,0.0,0.0,"65,35","CDM,CB",89238.0,,,,https://images.fotmob.com/image_resources/logo/teamlogo/102153.png
8700,Uzbekistan,619508.0,Dostonbek Khamdamov,2.0,17.0,https://images.fotmob.com/image_resources/playerimages/619508.png,178.0,29.0,1996-07-24,102141,Pakhtakor Tashkent,Midfielder,6.54,0.0,0.0,0.0,0.0,0.0,72,RM,178908.0,,,,https://images.fotmob.com/image_resources/logo/teamlogo/102141.png
8700,Uzbekistan,1294120.0,Abdulla Abdullaev,2.0,18.0,https://images.fotmob.com/image_resources/playerimages/1294120.png,181.0,28.0,1997-09-01,391664,Dibba Al Fujairah,Midfielder,5.08,0.0,0.0,0.0,0.0,0.0,"75,35,65","CM,CB,CDM",,,,,https://images.fotmob.com/image_resources/logo/teamlogo/391664.png
8700,Uzbekistan,629823.0,Azizjon Ganiev,2.0,19.0,https://images.fotmob.com/image_resources/playerimages/629823.png,178.0,28.0,1998-02-22,1112866,Al Bataeh,Midfielder,6.71,0.0,0.0,0.0,0.0,0.0,"74,72,84,82","CM,RM,CAM,RW",1539756.0,,,,https://images.fotmob.com/image_resources/logo/teamlogo/1112866.png
8700,Uzbekistan,1477517.0,Sherzod Esanov,2.0,23.0,https://images.fotmob.com/image_resources/playerimages/1477517.png,190.0,23.0,2003-02-01,102158,Buxoro,Midfielder,,0.0,0.0,0.0,0.0,0.0,103,RW,142187.0,,,,https://images.fotmob.com/image_resources/logo/teamlogo/102158.png
8700,Uzbekistan,1898281.0,Behruzjon Karimov,2.0,24.0,https://images.fotmob.com/image_resources/playerimages/1898281.png,172.0,18.0,2007-08-07,UZB,Uzbekistan,Midfielder,7.1,0.0,0.0,0.0,0.0,0.0,62,RWB,,,,,https://images.fotmob.com/image_resources/logo/teamlogo/uzb.png
8700,Uzbekistan,1421621.0,Ruslanbek Jiyanov,3.0,10.0,https://images.fotmob.com/image_resources/playerimages/1421621.png,168.0,25.0,2001-06-05,102155,Navbahor Namangan,Attacker,,0.0,0.0,0.0,0.0,0.0,83,RW,338535.0,,,,https://images.fotmob.com/image_resources/logo/teamlogo/102155.png
8700,Uzbekistan,933051.0,Azizbek Amonov,3.0,20.0,https://images.fotmob.com/image_resources/playerimages/933051.png,183.0,28.0,1997-10-30,102149,Dinamo Samarkand,Attacker,5.81,0.0,0.0,0.0,0.0,0.0,75,CM,138709.0,,,,https://images.fotmob.com/image_resources/logo/teamlogo/102149.png
8700,Uzbekistan,251915.0,Igor Sergeev,3.0,21.0,https://images.fotmob.com/image_resources/playerimages/251915.png,190.0,33.0,1993-04-30,101610,Persepolis,Attacker,6.17,0.0,0.0,0.0,0.0,0.0,115,ST,828896.0,,,,https://images.fotmob.com/image_resources/logo/teamlogo/101610.png
8700,Uzbekistan,1249993.0,Abbosbek Fayzullayev,3.0,22.0,https://images.fotmob.com/image_resources/playerimages/1249993.png,167.0,22.0,2003-10-03,1933,Başakşehir,Attacker,6.72,1.0,0.0,0.0,0.0,0.0,"83,84,88","RW,CAM,LW",9290438.0,,,,https://images.fotmob.com/image_resources/logo/teamlogo/1933.png
8491,England,179347.0,Thomas Tuchel,,,https://images.fotmob.com/image_resources/playerimages/179347.png,,52.0,1973-08-29,GER,Germany,Coach,,,,,,,,,,,,,https://images.fotmob.com/image_resources/logo/teamlogo/ger.png
8491,England,303919.0,Jordan Pickford,0.0,1.0,https://images.fotmob.com/image_resources/playerimages/303919.png,185.0,32.0,1994-03-07,8668,Everton,Keeper,7.14,0.0,0.0,0.0,0.0,0.0,11,GK,19764991.0,,,,https://images.fotmob.com/image_resources/logo/teamlogo/8668.png
8491,England,719330.0,Dean Henderson,0.0,13.0,https://images.fotmob.com/image_resources/playerimages/719330.png,188.0,29.0,1997-03-12,9826,Crystal Palace,Keeper,,0.0,0.0,0.0,0.0,0.0,11,GK,32875936.0,,,,https://images.fotmob.com/image_resources/logo/teamlogo/9826.png
8491,England,1187213.0,James Trafford,0.0,23.0,https://images.fotmob.com/image_resources/playerimages/1187213.png,197.0,23.0,2002-10-10,8456,Manchester City,Keeper,,0.0,0.0,0.0,0.0,0.0,11,GK,32743608.0,,,,https://images.fotmob.com/image_resources/logo/teamlogo/8456.png
8491,England,710159.0,Ezri Konsa,1.0,2.0,https://images.fotmob.com/image_resources/playerimages/710159.png,183.0,28.0,1997-10-23,10252,Aston Villa,Defender,6.92,0.0,0.0,0.0,0.0,0.0,"34,32","CB,RB",44100018.0,,,,https://images.fotmob.com/image_resources/logo/teamlogo/10252.png
8491,England,1300526.0,Nico O'Reilly,1.0,3.0,https://images.fotmob.com/image_resources/playerimages/1300526.png,193.0,21.0,2005-03-21,8456,Manchester City,Defender,7.09,0.0,0.0,0.0,0.0,0.0,"38,66,87","LB,CDM,LW",57476012.0,,,,https://images.fotmob.com/image_resources/logo/teamlogo/8456.png
8491,England,263653.0,John Stones,1.0,5.0,https://images.fotmob.com/image_resources/playerimages/263653.png,188.0,32.0,1994-05-28,8456,Manchester City,Defender,6.47,0.0,0.0,0.0,0.0,0.0,34,CB,10731412.0,,,,https://images.fotmob.com/image_resources/logo/teamlogo/8456.png
8491,England,844425.0,Marc Guéhi,1.0,6.0,https://images.fotmob.com/image_resources/playerimages/844425.png,182.0,25.0,2000-07-13,8456,Manchester City,Defender,7.89,0.0,0.0,0.0,0.0,0.0,37,CB,70148280.0,,,,https://images.fotmob.com/image_resources/logo/teamlogo/8456.png
8491,England,793907.0,Trevoh Chalobah,1.0,12.0,https://images.fotmob.com/image_resources/playerimages/793907.png,190.0,26.0,1999-07-05,8455,Chelsea,Defender,,0.0,0.0,0.0,0.0,0.0,36,CB,51623679.0,,,,https://images.fotmob.com/image_resources/logo/teamlogo/8455.png
8491,England,188058.0,Daniel Burn,1.0,15.0,https://images.fotmob.com/image_resources/playerimages/188058.png,201.0,34.0,1992-05-09,10261,Newcastle United,Defender,,0.0,0.0,0.0,0.0,0.0,"36,38","CB,LB",7185353.0,,,,https://images.fotmob.com/image_resources/logo/teamlogo/10261.png
8491,England,807729.0,Reece James,1.0,24.0,https://images.fotmob.com/image_resources/playerimages/807729.png,182.0,26.0,1999-12-08,8455,Chelsea,Defender,6.83,0.0,0.0,0.0,0.0,0.0,"32,64","RB,CDM",54904556.0,True,42,About 1-2 weeks,https://images.fotmob.com/image_resources/logo/teamlogo/8455.png
8491,England,894803.0,Djed Spence,1.0,25.0,https://images.fotmob.com/image_resources/playerimages/894803.png,184.0,25.0,2000-08-09,8586,Tottenham Hotspur,Defender,6.55,0.0,0.0,0.0,0.0,0.0,"38,32,68,78","LB,RB,LWB,LM",38363948.0,,,,https://images.fotmob.com/image_resources/logo/teamlogo/8586.png
8491,England,1107620.0,Jarell Quansah,1.0,26.0,https://images.fotmob.com/image_resources/playerimages/1107620.png,190.0,23.0,2003-01-29,8178,Bayer Leverkusen,Defender,7.31,0.0,0.0,0.0,0.0,1.0,"33,32","CB,RB",46902152.0,True,30,Doubtful,https://images.fotmob.com/image_resources/logo/teamlogo/8178.png
8491,England,654096.0,Declan Rice,2.0,4.0,https://images.fotmob.com/image_resources/playerimages/654096.png,185.0,27.0,1999-01-14,9825,Arsenal,Midfielder,7.84,0.0,0.0,1.0,0.0,1.0,"66,77","CDM,CM",112914423.0,,,,https://images.fotmob.com/image_resources/logo/teamlogo/9825.png
8491,England,1089691.0,Elliot Anderson,2.0,8.0,https://images.fotmob.com/image_resources/playerimages/1089691.png,179.0,23.0,2002-11-06,10203,Nottingham Forest,Midfielder,7.74,0.0,0.0,1.0,0.0,0.0,"66,74","CDM,CM",63426930.0,,,,https://images.fotmob.com/image_resources/logo/teamlogo/10203.png
8491,England,1077894.0,Jude Bellingham,2.0,10.0,https://images.fotmob.com/image_resources/playerimages/1077894.png,186.0,23.0,2003-06-29,8633,Real Madrid,Midfielder,7.79,2.0,0.0,1.0,0.0,0.0,"85,74,78,103","CAM,CM,LM,RW",120530005.0,,,,https://images.fotmob.com/image_resources/logo/teamlogo/8633.png
8491,England,156008.0,Jordan Henderson,2.0,14.0,https://images.fotmob.com/image_resources/playerimages/156008.png,182.0,36.0,1990-06-17,9937,Brentford,Midfielder,,0.0,0.0,0.0,0.0,0.0,"64,75","CDM,CM",2503808.0,,,,https://images.fotmob.com/image_resources/logo/teamlogo/9937.png
8491,England,1292810.0,Kobbie Mainoo,2.0,16.0,https://images.fotmob.com/image_resources/playerimages/1292810.png,184.0,21.0,2005-04-19,10260,Manchester United,Midfielder,,0.0,0.0,0.0,0.0,0.0,66,CDM,65300865.0,,,,https://images.fotmob.com/image_resources/logo/teamlogo/10260.png
8491,England,883080.0,Morgan Rogers,2.0,17.0,https://images.fotmob.com/image_resources/playerimages/883080.png,187.0,23.0,2002-07-26,10252,Aston Villa,Midfielder,6.81,0.0,0.0,0.0,0.0,0.0,"85,87,83","CAM,LW,RW",72386917.0,,,,https://images.fotmob.com/image_resources/logo/teamlogo/10252.png
8491,England,818975.0,Eberechi Eze,2.0,21.0,https://images.fotmob.com/image_resources/playerimages/818975.png,178.0,28.0,1998-06-29,9825,Arsenal,Midfielder,6.27,0.0,0.0,0.0,0.0,0.0,"85,77,107","CAM,CM,LW",61158147.0,,,,https://images.fotmob.com/image_resources/logo/teamlogo/9825.png
8491,England,961995.0,Bukayo Saka,3.0,7.0,https://images.fotmob.com/image_resources/playerimages/961995.png,178.0,24.0,2001-09-05,9825,Arsenal,Attacker,7.11,0.0,0.0,2.0,0.0,0.0,"83,85","RW,CAM",95207402.0,,,,https://images.fotmob.com/image_resources/logo/teamlogo/9825.png
8491,England,194165.0,Harry Kane,3.0,9.0,https://images.fotmob.com/image_resources/playerimages/194165.png,188.0,32.0,1993-07-28,9823,Bayern München,Attacker,7.72,3.0,1.0,0.0,0.0,0.0,"115,85","ST,CAM",106688273.0,,,,https://images.fotmob.com/image_resources/logo/teamlogo/9823.png
8491,England,696365.0,Marcus Rashford,3.0,11.0,https://images.fotmob.com/image_resources/playerimages/696365.png,185.0,28.0,1997-10-31,8634,Barcelona,Attacker,7.22,1.0,0.0,0.0,0.0,0.0,"87,115,83","LW,ST,RW",38597615.0,,,,https://images.fotmob.com/image_resources/logo/teamlogo/8634.png
8491,England,906937.0,Anthony Gordon,3.0,18.0,https://images.fotmob.com/image_resources/playerimages/906937.png,182.0,25.0,2001-02-24,8634,Barcelona,Attacker,6.62,0.0,0.0,0.0,0.0,0.0,"107,105","LW,ST",62762307.0,,,,https://images.fotmob.com/image_resources/logo/teamlogo/8634.png
8491,England,540088.0,Ollie Watkins,3.0,19.0,https://images.fotmob.com/image_resources/playerimages/540088.png,180.0,30.0,1995-12-30,10252,Aston Villa,Attacker,,0.0,0.0,0.0,0.0,0.0,115,ST,49313816.0,,,,https://images.fotmob.com/image_resources/logo/teamlogo/10252.png
8491,England,1084981.0,Noni Madueke,3.0,20.0,https://images.fotmob.com/image_resources/playerimages/1084981.png,182.0,24.0,2002-03-10,9825,Arsenal,Attacker,6.9,0.0,0.0,0.0,0.0,0.0,"83,107","RW,LW",68218528.0,,,,https://images.fotmob.com/image_resources/logo/teamlogo/9825.png
8491,England,408987.0,Ivan Toney,3.0,22.0,https://images.fotmob.com/image_resources/playerimages/408987.png,185.0,30.0,1996-03-16,2530,Al Ahli,Attacker,,0.0,0.0,0.0,0.0,0.0,115,ST,18267528.0,,,,https://images.fotmob.com/image_resources/logo/teamlogo/2530.png
10155,Croatia,886759.0,Zlatko Dalic,,,https://images.fotmob.com/image_resources/playerimages/886759.png,,59.0,1966-10-06,CRO,Croatia,Coach,,,,,,,,,,,,,https://images.fotmob.com/image_resources/logo/teamlogo/cro.png
10155,Croatia,383971.0,Dominik Livakovic,0.0,1.0,https://images.fotmob.com/image_resources/playerimages/383971.png,188.0,31.0,1995-01-09,10156,Dinamo Zagreb,Keeper,6.99,0.0,0.0,0.0,0.0,0.0,11,GK,3891344.0,,,,https://images.fotmob.com/image_resources/logo/teamlogo/10156.png
10155,Croatia,1077684.0,Ivor Pandur,0.0,12.0,https://images.fotmob.com/image_resources/playerimages/1077684.png,187.0,26.0,2000-03-25,8667,Hull City,Keeper,,0.0,0.0,0.0,0.0,0.0,11,GK,2709254.0,,,,https://images.fotmob.com/image_resources/logo/teamlogo/8667.png
10155,Croatia,873557.0,Dominik Kotarski,0.0,23.0,https://images.fotmob.com/image_resources/playerimages/873557.png,186.0,26.0,2000-02-10,8391,FC København,Keeper,,0.0,0.0,0.0,0.0,0.0,11,GK,7915290.0,,,,https://images.fotmob.com/image_resources/logo/teamlogo/8391.png
10155,Croatia,950824.0,Josip Stanisic,1.0,2.0,https://images.fotmob.com/image_resources/playerimages/950824.png,186.0,26.0,2000-04-02,9823,Bayern München,Defender,7.21,0.0,0.0,1.0,0.0,0.0,"32,38,62","RB,LB,RWB",39760322.0,,,,https://images.fotmob.com/image_resources/logo/teamlogo/9823.png
10155,Croatia,831474.0,Marin Pongracic,1.0,3.0,https://images.fotmob.com/image_resources/playerimages/831474.png,189.0,28.0,1997-09-11,8535,Fiorentina,Defender,7.18,0.0,0.0,0.0,0.0,0.0,33,CB,11402568.0,,,,https://images.fotmob.com/image_resources/logo/teamlogo/8535.png
10155,Croatia,1070712.0,Josko Gvardiol,1.0,4.0,https://images.fotmob.com/image_resources/playerimages/1070712.png,185.0,24.0,2002-01-23,8456,Manchester City,Defender,6.3,0.0,0.0,0.0,0.0,0.0,"36,38","CB,LB",75822526.0,,,,https://images.fotmob.com/image_resources/logo/teamlogo/8456.png
10155,Croatia,557799.0,Duje Caleta-Car,1.0,5.0,https://images.fotmob.com/image_resources/playerimages/557799.png,186.0,29.0,1996-09-17,8560,Real Sociedad,Defender,,0.0,0.0,0.0,0.0,0.0,36,CB,2342592.0,,,,https://images.fotmob.com/image_resources/logo/teamlogo/8560.png
10155,Croatia,1186228.0,Josip Sutalo,1.0,6.0,https://images.fotmob.com/image_resources/playerimages/1186228.png,190.0,26.0,2000-02-28,8593,Ajax,Defender,7.02,0.0,0.0,0.0,0.0,0.0,34,CB,16794245.0,,,,https://images.fotmob.com/image_resources/logo/teamlogo/8593.png
10155,Croatia,1413996.0,Luka Vuskovic,1.0,22.0,https://images.fotmob.com/image_resources/playerimages/1413996.png,193.0,19.0,2007-02-24,9790,Hamburger SV,Defender,6.43,0.0,0.0,0.0,0.0,0.0,35,CB,32219783.0,,,,https://images.fotmob.com/image_resources/logo/teamlogo/9790.png
10155,Croatia,616170.0,Martin Erlic,1.0,25.0,https://images.fotmob.com/image_resources/playerimages/616170.png,192.0,28.0,1998-01-24,8113,FC Midtjylland,Defender,,0.0,0.0,0.0,0.0,0.0,35,CB,2382975.0,,,,https://images.fotmob.com/image_resources/logo/teamlogo/8113.png
10155,Croatia,641595.0,Nikola Moro,2.0,7.0,https://images.fotmob.com/image_resources/playerimages/641595.png,183.0,28.0,1998-03-12,9857,Bologna,Midfielder,,0.0,0.0,0.0,0.0,0.0,"64,73","CDM,CM",5982615.0,,,,https://images.fotmob.com/image_resources/logo/teamlogo/9857.png
10155,Croatia,239219.0,Mateo Kovacic,2.0,8.0,https://images.fotmob.com/image_resources/playerimages/239219.png,178.0,32.0,1994-05-06,8456,Manchester City,Midfielder,6.98,0.0,0.0,1.0,0.0,0.0,66,CDM,12025567.0,,,,https://images.fotmob.com/image_resources/logo/teamlogo/8456.png
10155,Croatia,173461.0,Andrej Kramaric,2.0,9.0,https://images.fotmob.com/image_resources/playerimages/173461.png,177.0,35.0,1991-06-19,8226,Hoffenheim,Midfielder,6.37,0.0,0.0,0.0,0.0,0.0,"85,83,72,73,106","CAM,RW,RM,CM,ST",2364784.0,,,,https://images.fotmob.com/image_resources/logo/teamlogo/8226.png
10155,Croatia,31097.0,Luka Modric,2.0,10.0,https://images.fotmob.com/image_resources/playerimages/31097.png,174.0,40.0,1985-09-09,8564,Milan,Midfielder,7.18,0.0,0.0,1.0,0.0,0.0,"75,64","CM,CDM",2177851.0,,,,https://images.fotmob.com/image_resources/logo/teamlogo/8564.png
10155,Croatia,557677.0,Nikola Vlasic,2.0,13.0,https://images.fotmob.com/image_resources/playerimages/557677.png,178.0,28.0,1997-10-04,9804,Torino,Midfielder,7.0,1.0,0.0,0.0,0.0,0.0,"85,73,107,104","CAM,CM,LW,ST",9096603.0,,,,https://images.fotmob.com/image_resources/logo/teamlogo/9804.png
10155,Croatia,446266.0,Mario Pasalic,2.0,15.0,https://images.fotmob.com/image_resources/playerimages/446266.png,186.0,31.0,1995-02-09,8524,Atalanta,Midfielder,6.51,0.0,0.0,0.0,0.0,0.0,"66,86,76,83","CDM,CAM,CM,RW",5961574.0,,,,https://images.fotmob.com/image_resources/logo/teamlogo/8524.png
10155,Croatia,1382000.0,Petar Sucic,2.0,17.0,https://images.fotmob.com/image_resources/playerimages/1382000.png,183.0,22.0,2003-10-25,8636,Inter,Midfielder,7.13,1.0,0.0,1.0,0.0,1.0,"77,66,103,84","CM,CDM,RW,CAM",34937126.0,,,,https://images.fotmob.com/image_resources/logo/teamlogo/8636.png
10155,Croatia,643448.0,Kristijan Jakic,2.0,18.0,https://images.fotmob.com/image_resources/playerimages/643448.png,181.0,29.0,1997-05-14,8406,Augsburg,Midfielder,,0.0,0.0,0.0,0.0,0.0,"64,32,33","CDM,RB,CB",5731370.0,,,,https://images.fotmob.com/image_resources/logo/teamlogo/8406.png
10155,Croatia,1300358.0,Toni Fruk,2.0,19.0,https://images.fotmob.com/image_resources/playerimages/1300358.png,174.0,25.0,2001-03-09,10162,Rijeka,Midfielder,,0.0,0.0,0.0,0.0,0.0,"85,115,87,74","CAM,ST,LW,CM",8918255.0,,,,https://images.fotmob.com/image_resources/logo/teamlogo/10162.png
10155,Croatia,959597.0,Luka Sucic,2.0,21.0,https://images.fotmob.com/image_resources/playerimages/959597.png,185.0,23.0,2002-09-08,8560,Real Sociedad,Midfielder,5.94,0.0,0.0,0.0,0.0,0.0,"85,104","CAM,ST",13669398.0,,,,https://images.fotmob.com/image_resources/logo/teamlogo/8560.png
10155,Croatia,1199714.0,Marco Pasalic,2.0,24.0,https://images.fotmob.com/image_resources/playerimages/1199714.png,177.0,25.0,2000-09-14,267810,Orlando City,Midfielder,6.69,0.0,0.0,0.0,0.0,0.0,"72,83","RM,RW",6568028.0,,,,https://images.fotmob.com/image_resources/logo/teamlogo/267810.png
10155,Croatia,251269.0,Ante Budimir,3.0,11.0,https://images.fotmob.com/image_resources/playerimages/251269.png,190.0,34.0,1991-07-22,8371,Osasuna,Attacker,6.86,1.0,0.0,0.0,0.0,0.0,115,ST,2930992.0,,,,https://images.fotmob.com/image_resources/logo/teamlogo/8371.png
10155,Croatia,163670.0,Ivan Perisic,3.0,14.0,https://images.fotmob.com/image_resources/playerimages/163670.png,186.0,37.0,1989-02-02,8640,PSV Eindhoven,Attacker,7.43,0.0,0.0,1.0,0.0,1.0,"87,103,68,78,105","LW,RW,LWB,LM,ST",1246333.0,,,,https://images.fotmob.com/image_resources/logo/teamlogo/8640.png
10155,Croatia,1215064.0,Martin Baturina,3.0,16.0,https://images.fotmob.com/image_resources/playerimages/1215064.png,172.0,23.0,2003-02-16,10171,Como,Attacker,7.47,1.0,0.0,0.0,0.0,0.0,"87,86,66","LW,CAM,CDM",24026244.0,,,,https://images.fotmob.com/image_resources/logo/teamlogo/10171.png
10155,Croatia,1210893.0,Igor Matanovic,3.0,20.0,https://images.fotmob.com/image_resources/playerimages/1210893.png,194.0,23.0,2003-03-31,8358,Freiburg,Attacker,6.33,0.0,0.0,0.0,0.0,0.0,115,ST,9735751.0,,,,https://images.fotmob.com/image_resources/logo/teamlogo/8358.png
10155,Croatia,709796.0,Petar Musa,3.0,26.0,https://images.fotmob.com/image_resources/playerimages/709796.png,190.0,28.0,1998-03-04,6399,FC Dallas,Attacker,6.64,1.0,0.0,0.0,0.0,0.0,104,ST,7480902.0,,,,https://images.fotmob.com/image_resources/logo/teamlogo/6399.png
6714,Ghana,149649.0,Carlos Queiroz,,,https://images.fotmob.com/image_resources/playerimages/149649.png,,73.0,1953-03-01,POR,Portugal,Coach,,,,,,,,,,,,,https://images.fotmob.com/image_resources/logo/teamlogo/por.png
6714,Ghana,615411.0,Lawrence Ati-Zigi,0.0,1.0,https://images.fotmob.com/image_resources/playerimages/615411.png,188.0,29.0,1996-11-29,10190,St. Gallen,Keeper,7.28,0.0,0.0,0.0,0.0,0.0,11,GK,1110466.0,,,,https://images.fotmob.com/image_resources/logo/teamlogo/10190.png
6714,Ghana,963812.0,Joseph Anang,0.0,12.0,https://images.fotmob.com/image_resources/playerimages/963812.png,183.0,26.0,2000-06-08,1854,St. Patrick's Athletic,Keeper,,0.0,0.0,0.0,0.0,0.0,11,GK,79064.0,,,,https://images.fotmob.com/image_resources/logo/teamlogo/1854.png
6714,Ghana,1806615.0,Benjamin Asare,0.0,16.0,https://images.fotmob.com/image_resources/playerimages/1806615.png,188.0,33.0,1992-07-13,GHA,Ghana,Keeper,7.01,0.0,0.0,0.0,0.0,0.0,11,GK,,,,,https://images.fotmob.com/image_resources/logo/teamlogo/gha.png
6714,Ghana,1177779.0,Alidu Seidu,1.0,2.0,https://images.fotmob.com/image_resources/playerimages/1177779.png,173.0,26.0,2000-06-04,9851,Rennes,Defender,,0.0,0.0,0.0,0.0,0.0,"33,32","CB,RB",6531883.0,,,,https://images.fotmob.com/image_resources/logo/teamlogo/9851.png
6714,Ghana,1432344.0,Jonas Adjetey,1.0,4.0,https://images.fotmob.com/image_resources/playerimages/1432344.png,188.0,22.0,2003-12-13,8721,Wolfsburg,Defender,6.8,0.0,0.0,0.0,0.0,0.0,34,CB,9321170.0,,,,https://images.fotmob.com/image_resources/logo/teamlogo/8721.png
6714,Ghana,776591.0,Abdul Mumin,1.0,6.0,https://images.fotmob.com/image_resources/playerimages/776591.png,188.0,28.0,1998-06-06,8370,Rayo Vallecano,Defender,,0.0,0.0,0.0,0.0,0.0,34,CB,2103598.0,,,,https://images.fotmob.com/image_resources/logo/teamlogo/8370.png
6714,Ghana,771630.0,Gideon Mensah,1.0,14.0,https://images.fotmob.com/image_resources/playerimages/771630.png,178.0,27.0,1998-07-18,8583,Auxerre,Defender,7.25,0.0,0.0,0.0,0.0,0.0,"38,59,37,78","LB,LWB,CB,LM",2261378.0,,,,https://images.fotmob.com/image_resources/logo/teamlogo/8583.png
6714,Ghana,324910.0,Abdul Rahman Baba,1.0,17.0,https://images.fotmob.com/image_resources/playerimages/324910.png,180.0,31.0,1994-07-02,8619,PAOK Thessaloniki,Defender,,0.0,0.0,0.0,0.0,0.0,38,LB,1032409.0,,,,https://images.fotmob.com/image_resources/logo/teamlogo/8619.png
6714,Ghana,873227.0,Jerome Opoku,1.0,18.0,https://images.fotmob.com/image_resources/playerimages/873227.png,195.0,27.0,1998-10-14,1933,Başakşehir,Defender,7.36,0.0,0.0,0.0,0.0,0.0,36,CB,3916420.0,,,,https://images.fotmob.com/image_resources/logo/teamlogo/1933.png
6714,Ghana,1429607.0,Kojo Peprah Oppong,1.0,21.0,https://images.fotmob.com/image_resources/playerimages/1429607.png,188.0,22.0,2004-06-04,9831,Nice,Defender,5.98,0.0,0.0,0.0,0.0,1.0,"37,32","CB,RB",9102377.0,,,,https://images.fotmob.com/image_resources/logo/teamlogo/9831.png
6714,Ghana,562801.0,Derrick Luckassen,1.0,23.0,https://images.fotmob.com/image_resources/playerimages/562801.png,186.0,30.0,1995-07-03,2137,Pafos FC,Defender,7.5,1.0,0.0,0.0,0.0,0.0,34,CB,548180.0,,,,https://images.fotmob.com/image_resources/logo/teamlogo/2137.png
6714,Ghana,1201760.0,Marvin Senaya,1.0,26.0,https://images.fotmob.com/image_resources/playerimages/1201760.png,179.0,25.0,2001-01-28,8583,Auxerre,Defender,7.17,0.0,0.0,0.0,0.0,0.0,"32,33,51","RB,CB,RWB",2556425.0,,,,https://images.fotmob.com/image_resources/logo/teamlogo/8583.png
6714,Ghana,1615927.0,Caleb Yirenkyi,2.0,3.0,https://images.fotmob.com/image_resources/playerimages/1615927.png,182.0,20.0,2006-01-15,10202,Nordsjælland,Midfielder,7.11,1.0,0.0,0.0,0.0,1.0,"73,37,32,51","CM,CB,RB,RWB",5942145.0,,,,https://images.fotmob.com/image_resources/logo/teamlogo/10202.png
6714,Ghana,434325.0,Thomas Partey,2.0,5.0,https://images.fotmob.com/image_resources/playerimages/434325.png,185.0,33.0,1993-06-13,10205,Villarreal,Midfielder,6.68,0.0,0.0,0.0,0.0,0.0,"76,65","CM,CDM",2645372.0,,,,https://images.fotmob.com/image_resources/logo/teamlogo/10205.png
6714,Ghana,948745.0,Kwasi Sibo,2.0,8.0,https://images.fotmob.com/image_resources/playerimages/948745.png,183.0,28.0,1998-06-24,8670,Real Oviedo,Midfielder,6.16,0.0,0.0,0.0,0.0,0.0,"64,74,86","CDM,CM,CAM",1097367.0,,,,https://images.fotmob.com/image_resources/logo/teamlogo/8670.png
6714,Ghana,1452385.0,Christopher Bonsu Baah,2.0,13.0,https://images.fotmob.com/image_resources/playerimages/1452385.png,172.0,21.0,2004-12-14,101919,Al Qadsiah,Midfielder,,0.0,0.0,0.0,0.0,0.0,"78,88,59","LM,LW,LWB",11474590.0,,,,https://images.fotmob.com/image_resources/logo/teamlogo/101919.png
6714,Ghana,883823.0,Elisha Owusu,2.0,15.0,https://images.fotmob.com/image_resources/playerimages/883823.png,182.0,28.0,1997-11-07,8583,Auxerre,Midfielder,6.29,0.0,0.0,0.0,0.0,0.0,"74,64,86","CM,CDM,CAM",2599542.0,,,,https://images.fotmob.com/image_resources/logo/teamlogo/8583.png
6714,Ghana,1130691.0,Kamaldeen Sulemana,2.0,22.0,https://images.fotmob.com/image_resources/playerimages/1130691.png,175.0,24.0,2002-02-15,8524,Atalanta,Midfielder,6.33,0.0,0.0,0.0,0.0,0.0,"86,72","CAM,RM",20215567.0,,,,https://images.fotmob.com/image_resources/logo/teamlogo/8524.png
6714,Ghana,1265626.0,Abdul Fatawu,3.0,7.0,https://images.fotmob.com/image_resources/playerimages/1265626.png,177.0,22.0,2004-03-08,8197,Leicester City,Attacker,6.61,0.0,0.0,0.0,0.0,0.0,83,RW,24194591.0,,,,https://images.fotmob.com/image_resources/logo/teamlogo/8197.png
6714,Ghana,154280.0,Jordan Ayew,3.0,9.0,https://images.fotmob.com/image_resources/playerimages/154280.png,182.0,34.0,1991-09-11,8197,Leicester City,Attacker,6.33,0.0,0.0,0.0,0.0,0.0,"115,87","ST,LW",1198300.0,,,,https://images.fotmob.com/image_resources/logo/teamlogo/8197.png
6714,Ghana,776184.0,Brandon Thomas-Asante,3.0,10.0,https://images.fotmob.com/image_resources/playerimages/776184.png,180.0,27.0,1998-12-29,8669,Coventry City,Attacker,6.76,0.0,0.0,1.0,0.0,0.0,"87,83,85,106","LW,RW,CAM,ST",5625276.0,,,,https://images.fotmob.com/image_resources/logo/teamlogo/8669.png
6714,Ghana,933576.0,Antoine Semenyo,3.0,11.0,https://images.fotmob.com/image_resources/playerimages/933576.png,185.0,26.0,2000-01-07,8456,Manchester City,Attacker,6.05,0.0,0.0,0.0,0.0,0.0,"83,87,104,72","RW,LW,ST,RM",71072339.0,True,87,Doubtful,https://images.fotmob.com/image_resources/logo/teamlogo/8456.png
6714,Ghana,604105.0,Iñaki Williams,3.0,19.0,https://images.fotmob.com/image_resources/playerimages/604105.png,186.0,32.0,1994-06-15,8315,Athletic Club,Attacker,5.82,0.0,0.0,0.0,0.0,1.0,"83,115,87,72","RW,ST,LW,RM",17281507.0,,,,https://images.fotmob.com/image_resources/logo/teamlogo/8315.png
6714,Ghana,1211610.0,Augustine Boakye,3.0,20.0,https://images.fotmob.com/image_resources/playerimages/1211610.png,173.0,25.0,2000-11-03,9853,Saint-Etienne,Attacker,,0.0,0.0,0.0,0.0,0.0,"103,85,107,64,105,74","RW,CAM,LW,CDM,ST,CM",3763096.0,,,,https://images.fotmob.com/image_resources/logo/teamlogo/9853.png
6714,Ghana,1338390.0,Ernest Nuamah,3.0,24.0,https://images.fotmob.com/image_resources/playerimages/1338390.png,178.0,22.0,2003-11-01,9748,Lyon,Attacker,6.66,0.0,0.0,1.0,0.0,0.0,72,RM,15299799.0,,,,https://images.fotmob.com/image_resources/logo/teamlogo/9748.png
6714,Ghana,1220633.0,Prince Adu,3.0,25.0,https://images.fotmob.com/image_resources/playerimages/1220633.png,179.0,22.0,2003-09-23,6033,Viktoria Plzen,Attacker,6.04,0.0,0.0,0.0,0.0,0.0,"115,88,86","ST,LW,CAM",3640689.0,,,,https://images.fotmob.com/image_resources/logo/teamlogo/6033.png
5922,Panama,36053.0,Thomas Christiansen,,,https://images.fotmob.com/image_resources/playerimages/36053.png,,53.0,1973-03-11,ESP,Spain,Coach,,,,,,,,,,,,,https://images.fotmob.com/image_resources/logo/teamlogo/esp.png
5922,Panama,206088.0,Luis Mejía,0.0,1.0,https://images.fotmob.com/image_resources/playerimages/206088.png,190.0,35.0,1991-03-16,8304,Nacional,Keeper,,0.0,0.0,0.0,0.0,0.0,11,GK,232826.0,,,,https://images.fotmob.com/image_resources/logo/teamlogo/8304.png
5922,Panama,1330683.0,César Samudio,0.0,12.0,https://images.fotmob.com/image_resources/playerimages/1330683.png,189.0,32.0,1994-02-23,9932,CD Marathon,Keeper,,0.0,0.0,0.0,0.0,0.0,11,GK,,,,,https://images.fotmob.com/image_resources/logo/teamlogo/9932.png
5922,Panama,531913.0,Orlando Mosquera,0.0,22.0,https://images.fotmob.com/image_resources/playerimages/531913.png,191.0,31.0,1994-12-25,582749,Al-Fayha,Keeper,6.6,0.0,0.0,0.0,0.0,0.0,11,GK,289356.0,,,,https://images.fotmob.com/image_resources/logo/teamlogo/582749.png
5922,Panama,888966.0,César Blackman,1.0,2.0,https://images.fotmob.com/image_resources/playerimages/888966.png,174.0,28.0,1998-04-02,6019,Slovan Bratislava,Defender,6.69,0.0,0.0,0.0,0.0,1.0,"32,62,72,59","RB,RWB,RM,LWB",1558623.0,,,,https://images.fotmob.com/image_resources/logo/teamlogo/6019.png
5922,Panama,1223132.0,José Córdoba,1.0,3.0,https://images.fotmob.com/image_resources/playerimages/1223132.png,187.0,25.0,2001-06-03,9850,Norwich City,Defender,6.54,0.0,0.0,0.0,0.0,0.0,36,CB,4109713.0,,,,https://images.fotmob.com/image_resources/logo/teamlogo/9850.png
5922,Panama,643638.0,Fidel Escobar,1.0,4.0,https://images.fotmob.com/image_resources/playerimages/643638.png,181.0,31.0,1995-01-09,6607,Deportivo Saprissa,Defender,6.37,0.0,0.0,0.0,0.0,0.0,"34,73,38,66,71,32","CB,CM,LB,CDM,RM,RB",50000.0,,,,https://images.fotmob.com/image_resources/logo/teamlogo/6607.png
5922,Panama,1454648.0,Edgardo Fariña,1.0,5.0,https://images.fotmob.com/image_resources/playerimages/1454648.png,194.0,24.0,2001-10-19,657508,Nizhny Novgorod,Defender,,0.0,0.0,0.0,0.0,0.0,34,CB,1127127.0,,,,https://images.fotmob.com/image_resources/logo/teamlogo/657508.png
5922,Panama,688448.0,Jiovany Ramos,1.0,13.0,https://images.fotmob.com/image_resources/playerimages/688448.png,175.0,29.0,1997-01-26,657277,Academia Puerto Cabello,Defender,6.96,0.0,0.0,0.0,0.0,0.0,34,CB,121444.0,,,,https://images.fotmob.com/image_resources/logo/teamlogo/657277.png
5922,Panama,1017520.0,Carlos Harvey,1.0,14.0,https://images.fotmob.com/image_resources/playerimages/1017520.png,185.0,26.0,2000-02-03,207242,Minnesota United,Defender,6.23,0.0,0.0,0.0,0.0,1.0,"33,74,66","CB,CM,CDM",381854.0,,,,https://images.fotmob.com/image_resources/logo/teamlogo/207242.png
5922,Panama,688449.0,Andrés Andrade,1.0,16.0,https://images.fotmob.com/image_resources/playerimages/688449.png,187.0,27.0,1998-10-16,9977,LASK,Defender,6.69,0.0,0.0,0.0,0.0,1.0,37,CB,1377080.0,,,,https://images.fotmob.com/image_resources/logo/teamlogo/9977.png
5922,Panama,643635.0,Amir Murillo,1.0,23.0,https://images.fotmob.com/image_resources/playerimages/643635.png,183.0,30.0,1996-02-11,10188,Beşiktaş,Defender,6.92,0.0,0.0,0.0,0.0,0.0,"32,51,33,72","RB,RWB,CB,RM",8366320.0,,,,https://images.fotmob.com/image_resources/logo/teamlogo/10188.png
5922,Panama,501847.0,Roderick Miller,1.0,25.0,https://images.fotmob.com/image_resources/playerimages/501847.png,189.0,34.0,1992-04-03,4674,Turan Tovuz,Defender,,0.0,0.0,0.0,0.0,0.0,37,CB,153592.0,,,,https://images.fotmob.com/image_resources/logo/teamlogo/4674.png
5922,Panama,924235.0,Jorge Gutiérrez,1.0,26.0,https://images.fotmob.com/image_resources/playerimages/924235.png,171.0,27.0,1998-09-01,176496,Deportivo La Guaira,Defender,6.13,0.0,0.0,0.0,0.0,0.0,"38,68","LB,LWB",343158.0,,,,https://images.fotmob.com/image_resources/logo/teamlogo/176496.png
5922,Panama,727101.0,Cristian Martínez,2.0,6.0,https://images.fotmob.com/image_resources/playerimages/727101.png,170.0,29.0,1997-02-06,2095,Hapoel Ironi Kiryat Shmona,Midfielder,6.63,0.0,0.0,0.0,0.0,0.0,"64,84,73,72","CDM,CAM,CM,RM",648589.0,,,,https://images.fotmob.com/image_resources/logo/teamlogo/2095.png
5922,Panama,643682.0,Adalberto Carrasquilla,2.0,8.0,https://images.fotmob.com/image_resources/playerimages/643682.png,170.0,27.0,1998-11-28,1946,Pumas,Midfielder,,0.0,0.0,0.0,0.0,0.0,"74,66,85,82,104","CM,CDM,CAM,RW,ST",2587686.0,,,,https://images.fotmob.com/image_resources/logo/teamlogo/1946.png
5922,Panama,526710.0,Yoel Bárcenas,2.0,11.0,https://images.fotmob.com/image_resources/playerimages/526710.png,175.0,32.0,1993-10-23,1170234,Mazatlan FC,Midfielder,6.56,0.0,0.0,0.0,0.0,1.0,"76,64,83,72,107,78","CM,CDM,RW,RM,LW,LM",521964.0,,,,https://images.fotmob.com/image_resources/logo/teamlogo/1170234.png
5922,Panama,503710.0,Éric Davis,2.0,15.0,https://images.fotmob.com/image_resources/playerimages/503710.png,180.0,35.0,1991-03-31,165476,CD Plaza Amador,Midfielder,,0.0,0.0,0.0,0.0,0.0,68,LWB,132165.0,,,,https://images.fotmob.com/image_resources/logo/teamlogo/165476.png
5922,Panama,183088.0,Alberto Quintero,2.0,19.0,https://images.fotmob.com/image_resources/playerimages/183088.png,165.0,38.0,1987-12-18,165476,CD Plaza Amador,Midfielder,,0.0,0.0,0.0,0.0,0.0,83,RW,226321.0,,,,https://images.fotmob.com/image_resources/logo/teamlogo/165476.png
5922,Panama,308131.0,Aníbal Godoy,2.0,20.0,https://images.fotmob.com/image_resources/playerimages/308131.png,183.0,36.0,1990-02-10,1701119,San Diego FC,Midfielder,,0.0,0.0,0.0,0.0,0.0,"73,64","CM,CDM",76121.0,,,,https://images.fotmob.com/image_resources/logo/teamlogo/1701119.png
5922,Panama,1137803.0,César Yanis,2.0,21.0,https://images.fotmob.com/image_resources/playerimages/1137803.png,170.0,30.0,1996-01-28,4055,Cobresal,Midfielder,,0.0,0.0,0.0,0.0,0.0,"73,84,72","CM,CAM,RM",189079.0,,,,https://images.fotmob.com/image_resources/logo/teamlogo/4055.png
5922,Panama,940333.0,José Luis Rodriguez,3.0,7.0,https://images.fotmob.com/image_resources/playerimages/940333.png,180.0,28.0,1998-06-19,649424,FC Juarez,Attacker,5.98,0.0,0.0,0.0,0.0,0.0,"87,78,83,68,72","LW,LM,RW,LWB,RM",2110668.0,,,,https://images.fotmob.com/image_resources/logo/teamlogo/649424.png
5922,Panama,1054138.0,Tomás Rodríguez,3.0,9.0,https://images.fotmob.com/image_resources/playerimages/1054138.png,178.0,27.0,1999-03-09,6607,Deportivo Saprissa,Attacker,5.78,0.0,0.0,0.0,0.0,0.0,"115,79,77","ST,LM,CM",632276.0,,,,https://images.fotmob.com/image_resources/logo/teamlogo/6607.png
5922,Panama,574077.0,Ismael Díaz,3.0,10.0,https://images.fotmob.com/image_resources/playerimages/574077.png,181.0,29.0,1997-05-12,1841,Leon,Attacker,6.26,0.0,0.0,0.0,0.0,0.0,"87,86,115,78,103","LW,CAM,ST,LM,RW",1560666.0,,,,https://images.fotmob.com/image_resources/logo/teamlogo/1841.png
5922,Panama,940334.0,José Fajardo,3.0,17.0,https://images.fotmob.com/image_resources/playerimages/940334.png,180.0,32.0,1993-08-18,113053,Universidad Catolica,Attacker,6.03,0.0,0.0,0.0,0.0,1.0,115,ST,273292.0,,,,https://images.fotmob.com/image_resources/logo/teamlogo/113053.png
5922,Panama,312159.0,Cecilio Waterman,3.0,18.0,https://images.fotmob.com/image_resources/playerimages/312159.png,180.0,35.0,1991-04-13,4054,Universidad de Concepcion,Attacker,5.94,0.0,0.0,0.0,0.0,0.0,115,ST,255088.0,,,,https://images.fotmob.com/image_resources/logo/teamlogo/4054.png
5922,Panama,1404414.0,Azarías Londoño,3.0,24.0,https://images.fotmob.com/image_resources/playerimages/1404414.png,185.0,25.0,2001-06-21,113053,Universidad Catolica,Attacker,6.25,0.0,0.0,0.0,0.0,0.0,"82,84","RW,CAM",868215.0,,,,https://images.fotmob.com/image_resources/logo/teamlogo/113053.png
